IDADE,SEXO,MES_CMPT,CAR_INT,DIAG_PRINC,MUNIC_RES,N_AIH,DIAS_REAL,DIAS_PREVISTO,ERRO_ABS
69,3,08,02,J189,350950,3525121245899,2,8.5,6.5
74,3,09,02,J189,350950,3525121267020,4,8.4,4.4
1,1,01,02,J158,351280,3524102867373,4,5.4,1.4
55,3,01,02,J960,350950,3525111770081,6,9.8,3.8
1,1,11,02,J960,352050,3525131801158,11,8.1,2.9
2,1,08,02,J218,350950,3525121246911,7,5.5,1.5
37,3,07,01,J342,355240,3525501640584,1,1.6,0.6
12,1,06,02,J431,350950,3525118465715,6,3.2,2.8
19,1,02,02,J449,350950,3525111636596,3,3.3,0.3
73,1,09,02,J189,350950,3525128154340,13,8.5,4.5
9,1,05,02,J36,350950,3525118437907,2,3.3,1.3
83,3,04,02,J189,354580,3525111511823,19,7.8,11.2
64,1,12,02,J189,350950,3525135814618,7,8.4,1.4
13,1,05,02,J459,350950,3525118426270,19,3.2,15.8
57,1,02,02,J188,354580,3525111500889,8,9.3,1.3
5,3,08,02,J181,353340,3525130494886,4,5.3,1.3
35,1,01,01,J342,350950,3525111599856,1,1.6,0.6
10,1,03,02,J960,355240,3525104655391,8,6.0,2.0
47,1,12,02,J189,352050,3525136899174,2,8.6,6.6
27,3,08,02,J960,350950,3525121261464,1,8.2,7.2
11,1,09,02,J960,350950,3525128163909,3,6.1,3.1
52,3,06,02,J168,353180,3525120888025,7,8.2,1.2
61,1,05,02,J459,350950,3525118407987,1,7.5,6.5
75,1,12,02,J189,353710,3525137025333,5,8.6,3.6
86,3,11,02,J189,350950,3525135137271,6,7.4,1.4
75,1,05,02,J180,352050,3525119139212,1,8.6,7.6
1,1,06,02,J210,354580,3525118982650,1,5.5,4.5
84,1,03,02,J159,350950,3524132029605,5,8.0,3.0
7,1,10,02,J210,350950,3525128188439,2,5.2,3.2
61,3,01,02,J189,350950,3524130869370,34,8.8,25.2
77,3,07,02,J189,352050,3525122797911,2,7.8,5.8
84,3,02,02,J180,350950,3525111634792,9,8.1,0.9
37,3,02,01,J342,350950,3524102893179,1,1.6,0.6
1,3,10,02,J960,350950,3525128188648,6,7.5,1.5
12,3,05,01,J353,350950,3525118423090,1,1.5,0.5
1,1,10,02,J80,350950,3525128225322,30,8.1,21.9
38,1,09,02,J181,354580,3525131758390,3,8.4,5.4
55,1,12,02,J189,350950,3525135818083,6,9.3,3.3
67,3,04,02,J189,350160,3525118629516,4,8.4,4.4
86,3,01,02,J441,350950,3524130878532,5,7.4,2.4
74,3,08,02,J449,352050,3525122799320,30,7.8,22.2
29,1,07,02,J960,355240,3525104800294,8,8.5,0.5
56,3,08,02,J449,352050,3525120293805,35,7.6,27.4
50,1,03,02,J984,352340,3525112081910,4,10.4,6.4
72,1,12,02,J18,350950,3525135822780,2,8.5,6.5
32,1,07,02,J158,355240,3525104801691,7,7.8,0.8
66,3,08,02,J81,352470,3525128321044,3,9.4,6.4
60,3,12,02,J180,350160,3525136714924,22,8.9,13.1
2,1,04,02,J219,350950,3525118377935,7,5.5,1.5
74,1,11,01,J323,350160,3525104919336,1,2.1,1.1
71,3,02,02,J159,352050,3525111463819,6,8.5,2.5
9,1,05,02,J210,352050,3525119132117,1,5.1,4.1
19,1,07,01,J342,350160,3525501640595,1,1.5,0.5
3,1,09,02,J431,350950,3525128167715,6,3.3,2.7
2,1,10,02,J189,352050,3525131796802,3,5.5,2.5
6,1,08,02,J181,350160,3525128572856,7,5.1,1.9
22,1,05,02,J218,350950,3525118426115,5,6.7,1.7
10,3,12,02,J459,350950,3525135805940,7,3.2,3.8
71,3,10,02,J188,350950,3525128222077,12,8.5,3.5
10,3,04,02,J189,350950,3525118377902,3,5.1,2.1
64,3,01,02,J90,352050,3524131574909,6,9.3,3.3
82,3,07,02,J180,350160,3525125924265,17,7.8,9.2
70,1,04,02,J100,353650,3525118895551,9,8.5,0.5
1,3,02,02,J40,352470,3525114722283,3,3.9,0.9
48,3,11,02,J180,354580,3525128658392,7,8.0,1.0
83,1,07,02,J188,350950,3525121202504,9,7.9,1.1
68,3,04,02,J180,353340,3525104687137,6,8.5,2.5
63,1,12,02,J90,350950,3525104518683,7,9.6,2.6
56,1,07,02,J180,351907,3525127045297,14,9.5,4.5
35,1,02,02,J189,353650,3525116090507,10,8.3,1.7
3,1,07,02,J159,350950,3525121196839,12,5.4,6.6
83,1,11,02,J189,352340,3525111585710,4,7.9,3.9
6,3,06,02,J189,350950,3525118454539,3,5.1,2.1
87,3,01,02,J189,355670,3524132018814,16,7.4,8.6
4,3,07,02,J219,350950,3525121204847,5,5.4,0.4
10,1,09,02,J80,350950,3525128166560,2,6.0,4.0
1,1,05,02,J180,353180,3525104723415,8,5.4,2.6
1,1,11,02,J960,350950,3525104496100,7,8.1,1.1
7,3,08,02,J219,352470,3525128322815,2,5.1,3.1
8,3,02,02,J20,353710,3525111768618,1,5.1,4.1
1,1,05,02,J180,350160,3525121520778,6,5.4,0.6
1,1,05,02,J219,355670,3525114254486,1,5.4,4.4
66,1,01,02,J931,350950,3524130866036,14,9.6,4.4
5,3,06,02,J459,350950,3525118452603,3,3.2,0.2
5,1,08,02,J459,350160,3525128567521,2,3.2,1.2
3,3,05,02,J210,355240,3525120495314,4,5.4,1.4
28,3,09,02,J181,353650,3525133186289,2,6.6,4.6
88,3,07,02,J18,350950,3525121223140,19,7.4,11.6
7,3,08,02,J459,352050,3525126519937,3,3.2,0.2
55,3,01,02,J069,355240,3524103378741,7,4.9,2.1
70,3,12,02,J180,350950,3525135803024,25,8.5,16.5
75,3,07,02,J189,354580,3525118990921,11,8.5,2.5
8,1,01,02,J042,350950,3525111609382,1,3.2,2.2
86,1,09,02,J441,351280,3525131645750,4,7.2,3.2
5,1,07,02,J188,350950,3525121189139,7,5.3,1.7
75,1,02,02,J985,351515,3524102895654,9,10.2,1.2
67,3,01,02,J189,352340,3525111529632,6,8.4,2.4
30,3,12,02,J041,350950,3525104519640,1,3.3,2.3
3,1,05,02,J180,355670,3525114259140,2,5.4,3.4
58,3,09,02,J189,353340,3525130496173,3,8.4,5.4
7,1,06,02,J189,352340,3525111556538,3,5.0,2.0
5,1,04,02,J459,351907,3525119451095,4,3.2,0.8
1,1,10,02,J960,350950,3525128201221,8,8.1,0.1
47,1,06,02,J189,352340,3525111558375,8,8.7,0.7
90,3,12,02,J189,353710,3525134932253,7,7.4,0.4
75,1,10,02,J440,350950,3525128187757,7,8.6,1.6
83,1,01,02,J189,353710,3525111698361,4,7.9,3.9
8,1,12,02,J210,350950,3525135806104,9,5.1,3.9
3,3,10,02,J180,350160,3525131765540,3,5.4,2.4
51,1,11,02,J960,353180,3525104489346,4,10.4,6.4
46,3,04,02,J81,350950,3525118371621,7,9.7,2.7
83,1,08,02,J80,350950,3525121255480,6,9.8,3.8
62,1,11,01,J323,353650,3525104878746,1,1.6,0.6
4,1,09,02,J219,353650,3525133188192,8,5.4,2.6
89,3,06,02,J159,355620,3525125774710,8,7.4,0.6
16,3,11,02,J90,350950,3525128196800,14,7.8,6.2
62,1,05,02,J159,353650,3525120495864,2,8.7,6.7
83,1,01,02,J189,350950,3524130877157,7,7.9,0.9
60,1,09,02,J81,350950,3525128178374,3,11.5,8.5
2,1,05,02,J219,353180,3525104745943,3,5.5,2.5
6,1,03,02,J218,350950,3525111654900,8,5.1,2.9
48,3,03,01,J321,350950,3525111679496,1,1.6,0.6
86,3,07,02,J449,353650,3525126436304,2,7.5,5.5
2,3,06,02,J218,351907,3525104367500,2,5.3,3.3
1,3,05,02,J219,350950,3525118419152,4,5.3,1.3
10,1,08,02,J459,354580,3525128645665,2,3.1,1.1
23,3,06,02,J180,355240,3525104755766,11,6.5,4.5
84,3,01,02,J189,350950,3525111605598,6,8.1,2.1
1,1,06,02,J210,350950,3525118463845,6,5.5,0.5
48,1,11,02,J189,354580,3525135171866,7,8.6,1.6
61,3,05,02,J189,351907,3525121411537,40,8.8,31.2
8,1,04,02,J219,350950,3525118378749,4,5.1,1.1
66,3,09,02,J189,352050,3525126522797,3,8.3,5.3
1,1,12,02,J459,355240,3525104942513,5,4.1,0.9
54,1,07,02,J441,350950,3525121190063,5,6.8,1.8
1,1,12,02,J960,350950,3525135802530,2,8.1,6.1
80,3,05,02,J81,353180,3525120887321,3,9.5,6.5
4,3,07,02,J218,350160,3525125926003,7,5.4,1.6
53,1,07,02,J81,354580,3525118986235,15,9.9,5.1
57,1,06,02,J189,355240,3525122781213,8,9.5,1.5
2,1,12,02,J180,350950,3525135803772,3,5.5,2.5
10,1,04,02,J189,350950,3525118374833,4,5.0,1.0
5,3,07,02,J219,350950,3525121201756,6,5.3,0.7
67,3,06,02,J411,351907,3525124270569,6,7.9,1.9
73,1,06,02,J189,353710,3525125211982,2,8.5,6.5
2,3,08,02,J189,350950,3525126439990,10,5.3,4.7
1,1,03,02,J180,353340,3525104653015,3,5.4,2.4
1,3,11,02,J459,350950,3525128228325,7,3.9,3.1
3,3,08,02,J459,350950,3525104831633,2,3.3,1.3
53,3,12,02,J91,352050,3525134290777,10,9.7,0.3
1,3,05,02,J219,355620,3525121147988,5,5.3,0.3
4,1,06,02,J068,350950,3525118444034,1,3.3,2.3
66,3,01,02,J80,350950,3524130863385,2,9.2,7.2
77,3,06,02,J449,350160,3525121528566,8,7.2,0.8
5,3,03,02,J459,350950,3525111676086,2,3.2,1.2
77,3,11,02,J18,350950,3525128231735,4,7.8,3.8
63,1,11,02,J189,353710,3525134931560,7,8.2,1.2
6,1,06,02,J960,350950,3525118398461,4,6.7,2.7
5,1,10,02,J960,353180,3525104472373,4,6.6,2.6
9,3,06,02,J128,353650,3525120497965,3,5.1,2.1
27,1,06,02,J960,355240,3525104754622,2,8.2,6.2
2,3,04,02,J210,350380,3525118378309,6,5.3,0.7
67,3,10,02,J189,350950,3525128210990,25,8.4,16.6
2,1,06,02,J158,351907,3525104368742,3,5.5,2.5
46,1,11,01,J381,350950,3525104487553,1,1.6,0.6
66,3,06,02,J441,350950,3525118444694,6,7.8,1.8
78,3,10,02,J189,350950,3525128202849,14,8.1,5.9
38,3,01,01,J342,355240,3525104621676,2,1.6,0.4
41,1,08,02,J189,352050,3525126512424,15,8.6,6.4
1,3,08,02,J110,350950,3525104414183,3,5.4,2.4
54,1,03,02,J18,350950,3525111651853,17,9.1,7.9
51,1,07,02,J449,350950,3525126435996,6,7.3,1.3
19,3,12,01,J351,352340,3525111597029,1,1.5,0.5
2,3,06,02,J960,351907,3525104751597,4,7.3,3.3
1,3,12,02,J180,350950,3525135815256,9,5.3,3.7
24,1,06,02,J938,350950,3525118451976,3,8.0,5.0
8,3,01,02,J159,350160,3525112453731,12,5.1,6.9
9,1,06,02,J410,350950,3525118442307,7,3.2,3.8
1,1,03,02,J459,355240,3525104653378,3,4.1,1.1
7,1,11,02,J459,352340,3525111586931,3,3.2,0.2
20,3,05,01,J343,353650,3525104745459,2,1.5,0.5
9,3,05,01,J150,350950,3525118438644,10,3.9,6.1
53,3,10,02,J969,350950,3525128188087,4,9.7,5.7
1,3,07,02,J938,353710,3525104401379,5,7.5,2.5
13,1,04,02,J36,355670,3525114249327,1,3.2,2.2
5,1,08,02,J80,350950,3525121254370,5,6.7,1.7
15,3,05,02,J960,350950,3525118424069,15,7.8,7.2
38,1,12,02,J180,351280,3525134934365,1,8.3,7.3
78,1,11,02,J189,353710,3525134931615,15,8.1,6.9
86,3,11,02,J15,353650,3525135272373,1,7.4,6.4
62,1,01,01,J441,350950,3524130869260,3,6.9,3.9
44,1,12,02,J219,350950,3525104510686,1,8.0,7.0
50,3,11,02,J189,352050,3525134276048,9,8.4,0.6
23,3,12,02,J36,350160,3525136714759,1,3.4,2.4
1,3,06,02,J219,350950,3525118438479,5,5.4,0.4
6,3,04,02,J219,350950,3525118383666,6,5.1,0.9
10,3,05,02,J219,350950,3525118423992,2,5.1,3.1
1,3,06,02,J189,352050,3525119147143,6,5.4,0.6
1,1,06,02,J210,350950,3525118464527,2,5.5,3.5
1,3,08,02,J960,353180,3525104399905,7,7.5,0.5
42,1,01,02,J168,353180,3525114362286,1,9.0,8.0
31,3,02,02,J180,350950,3525111641293,4,6.9,2.9
12,1,03,02,J189,350950,3525111676185,4,6.1,2.1
84,1,08,02,J449,351907,3525129002483,8,8.0,0.0
83,1,10,02,J189,350160,3525131765694,5,7.9,2.9
71,1,03,02,J90,352050,3525116049895,3,10.3,7.3
8,3,04,02,J159,350950,3525118375724,10,5.1,4.9
46,3,12,02,J45,351907,3525135169644,2,6.4,4.4
79,3,07,02,J960,351280,3525122823827,3,9.5,6.5
35,3,07,02,J180,355240,3525104794343,2,7.3,5.3
2,1,05,02,J459,353650,3525118898642,2,3.6,1.6
2,1,04,02,J960,350950,3525118375273,2,8.4,6.4
2,1,08,02,J189,350950,3525104423533,4,5.5,1.5
70,1,10,02,J449,352340,3525111583257,6,9.2,3.2
55,3,07,02,J449,350950,3525126432949,18,6.4,11.6
35,1,04,02,J390,350950,3525104323653,5,4.1,0.9
63,3,05,02,J189,352470,3525121330324,4,8.2,4.2
43,1,09,02,J189,350160,3525131760821,2,8.2,6.2
1,1,05,02,J189,350950,3525118400155,5,5.4,0.4
1,1,09,02,J218,352050,3525131779202,2,5.5,3.5
61,3,01,02,J180,350950,3524130863198,1,8.8,7.8
90,1,08,02,J189,350950,3525121250871,3,7.3,4.3
24,1,05,02,J158,350160,3525118637887,5,6.7,1.7
61,3,08,02,J441,352050,3525126506440,1,7.0,6.0
2,1,02,02,J039,352340,3525111533416,6,3.6,2.4
16,1,02,01,J348,354580,3525100370440,1,1.5,0.5
5,3,06,02,J159,352050,3525118461678,7,5.3,1.7
74,1,10,02,J189,355620,3525133621780,4,8.5,4.5
40,3,11,02,J180,354580,3525135171900,3,6.6,3.6
58,1,07,02,J180,352340,3525111564480,3,9.5,6.5
70,3,09,02,J441,350160,3525128574594,3,8.4,5.4
16,3,05,02,J189,352050,3525119144932,5,6.5,1.5
3,3,01,02,J219,350950,3524130849734,8,5.4,2.6
72,1,07,02,J948,350950,3525114267642,16,10.1,5.9
72,3,09,02,J449,353650,3525133189072,11,8.0,3.0
3,3,11,02,J219,350950,3525128228391,2,5.4,3.4
68,1,04,02,J441,350950,3525118393390,10,8.4,1.6
46,3,10,02,J91,350950,3525128188659,17,9.7,7.3
22,3,08,02,J961,351907,3525104423654,9,9.7,0.7
3,1,05,02,J459,350950,3525118419120,9,3.3,5.7
45,1,06,02,J449,350950,3525118455045,1,6.6,5.6
51,1,06,02,J189,351907,3525124267445,5,8.9,3.9
73,3,11,02,J960,353650,3525135270393,5,9.7,4.7
11,1,09,02,J189,350950,3525128171620,4,5.0,1.0
6,1,07,02,J219,355620,3525125774819,10,5.1,4.9
6,3,07,02,J128,350950,3525104392403,2,5.1,3.1
1,3,03,02,J189,351907,3525117324839,7,5.3,1.7
9,3,05,02,J960,350950,3525118401904,5,6.3,1.3
4,1,10,02,J431,350950,3525128212903,4,3.3,0.7
1,1,04,02,J210,350950,3525111697624,1,5.4,4.4
27,3,10,01,J342,355620,3525128189650,1,1.6,0.6
71,3,05,02,J441,350380,3525104717486,2,8.1,6.1
2,1,03,02,J180,350160,3525116082950,2,5.5,3.5
76,3,06,02,J189,355620,3525121148516,12,8.5,3.5
2,1,06,02,J219,350950,3525118458642,30,5.5,24.5
29,1,06,02,J938,350160,3525121420304,3,8.5,5.5
75,3,04,02,J180,350950,3525118377506,11,8.6,2.4
9,3,08,02,J459,351907,3525128999326,2,3.2,1.2
61,3,07,01,J219,353180,3525104385902,10,11.1,1.1
66,1,06,02,J448,350160,3525118637062,6,8.4,2.4
74,1,02,02,J180,350950,3525111618303,4,8.5,4.5
25,3,05,02,J960,350950,3525118426038,5,7.9,2.9
2,3,03,02,J189,350950,3525111685612,4,5.3,1.3
64,3,02,02,J441,352050,3525111471343,6,7.6,1.6
27,3,03,01,J343,351907,3525104679800,2,1.6,0.4
2,1,05,02,J960,350950,3525118408251,2,8.4,6.4
47,1,05,02,J938,350950,3525118410968,39,10.5,28.5
2,1,08,02,J459,355240,3525129000635,3,3.6,0.6
70,1,05,02,J180,350950,3525118436752,5,8.5,3.5
5,1,06,02,J960,350950,3525118463977,4,6.7,2.7
1,3,05,02,J21,350950,3525107931741,3,5.3,2.3
12,1,11,02,J189,352050,3525131803622,5,6.1,1.1
1,1,08,02,J219,350950,3525121245074,19,5.5,13.5
57,1,08,02,J942,351280,3525104418011,23,9.9,13.1
2,1,11,02,J80,352470,3525128248983,14,8.4,5.6
89,1,09,02,J189,350950,3525133186707,4,7.3,3.3
77,3,04,02,J129,353650,3525118895573,7,7.8,0.8
1,3,05,02,J219,350950,3525118400122,8,5.3,2.7
1,3,10,02,J219,350950,3525128168859,2,5.3,3.3
1,1,11,02,J189,350950,3525128227126,5,5.4,0.4
43,1,01,02,J90,355240,3524103378840,22,8.7,13.3
8,1,03,02,J960,355240,3525116096975,2,6.2,4.2
82,3,06,02,J180,351280,3525122822518,7,7.8,0.8
61,1,03,02,J960,350950,3524102905895,30,11.5,18.5
49,3,04,02,J960,350950,3525111693158,4,9.6,5.6
42,3,06,02,J180,350950,3525118460226,2,7.6,5.6
18,3,08,01,J342,350950,3525121226869,1,1.5,0.5
2,1,06,02,J158,350950,3525118461513,5,5.5,0.5
71,3,10,02,J180,350950,3525128189979,6,8.5,2.5
6,3,10,02,J158,350950,3525128190518,3,5.1,2.1
60,3,02,02,J180,355240,3525104623909,17,8.9,8.1
12,1,03,02,J180,350950,3525111624606,5,6.1,1.1
81,1,09,02,J189,355620,3525128557027,9,7.9,1.1
43,1,12,02,J91,350160,3525104514833,3,8.7,5.7
68,3,07,02,J441,350950,3525118446311,30,8.2,21.8
5,3,03,02,J960,353650,3525116096678,2,6.5,4.5
15,3,02,02,J189,350380,3524102888735,5,6.4,1.4
1,3,11,02,J189,352050,3525134276928,2,5.3,3.3
18,1,05,01,J343,351907,3525104716716,1,1.5,0.5
65,3,02,02,J80,350950,3525111635892,19,9.3,9.7
28,3,01,01,J342,353200,3525104301103,2,1.6,0.4
91,3,07,02,J189,355620,3525125780430,2,7.2,5.2
1,1,10,02,J988,350950,3525104458898,3,8.1,5.1
28,3,12,02,J459,350950,3525135799229,2,5.0,3.0
16,3,07,01,J342,352340,3525104823768,2,1.5,0.5
2,3,04,02,J219,355620,3525118471589,5,5.3,0.3
74,3,10,02,J80,350950,3525128191376,2,9.7,7.7
31,1,06,02,J159,355670,3525114263825,7,7.9,0.9
53,3,10,02,J938,355620,3525123483948,7,9.7,2.7
11,1,07,02,J219,350950,3525121200898,7,5.0,2.0
89,1,05,02,J189,352470,3525121330170,3,7.4,4.4
4,3,02,02,J189,355670,3524132027460,2,5.4,3.4
12,1,05,01,J353,350950,3525118406051,1,1.5,0.5
32,3,04,02,J180,350950,3525110422306,1,7.7,6.7
68,3,10,02,J189,353710,3525125774270,2,8.5,6.5
53,1,11,01,J323,350380,3525104934373,1,1.6,0.6
20,3,09,02,J960,355240,3525104867394,5,9.5,4.5
53,1,01,02,J46,350950,3525111616983,4,6.3,2.3
82,3,05,02,J189,352470,3525121329928,5,7.8,2.8
6,1,02,02,J459,350950,3525111648091,3,3.2,0.2
6,3,08,02,J189,355670,3525123474136,3,5.1,2.1
40,1,03,02,J180,350950,3525111684061,4,8.1,4.1
9,1,03,02,J431,350950,3525111683324,4,3.2,0.8
11,1,07,02,J459,350950,3525121196333,1,3.1,2.1
63,1,05,02,J449,355240,3525118433045,5,7.8,2.8
53,1,10,02,J90,350950,3525104477345,5,9.9,4.9
1,3,05,02,J459,355240,3525104723107,4,3.9,0.1
1,3,08,02,J219,353650,3525126440099,4,5.4,1.4
75,1,09,02,J189,350950,3525121267767,4,8.6,4.6
68,3,07,02,J180,352340,3525111563941,8,8.5,0.5
8,1,04,02,J80,355620,3525118384634,5,6.2,1.2
1,1,12,02,J209,350950,3525135820680,6,5.4,0.6
5,3,12,02,J189,350950,3525135805345,3,5.3,2.3
3,3,05,02,J189,351907,3525121411780,19,5.4,13.6
48,3,11,02,J180,353200,3525133184694,3,8.0,5.0
6,1,03,02,J189,355620,3525116076251,3,5.1,2.1
5,3,06,02,J459,353340,3525121421162,4,3.2,0.8
66,3,07,02,J449,350950,3525126435732,1,7.8,6.8
63,1,09,02,J441,350950,3525121267624,2,8.2,6.2
10,1,07,02,J189,350950,3525121213922,6,5.0,1.0
5,3,07,02,J219,350950,3525121188556,4,5.3,1.3
78,1,07,02,J189,350950,3525121190316,3,8.1,5.1
52,1,09,02,J80,350950,3525121271353,31,10.2,20.8
3,3,04,02,J159,354580,3525118975455,3,5.4,2.4
10,1,09,02,J219,350950,3525121269516,6,5.0,1.0
29,3,03,02,J09,350160,3525116083225,1,6.6,5.6
25,3,06,02,J180,350160,3525121526180,1,6.5,5.5
5,1,12,02,J218,353340,3525136997349,2,5.3,3.3
84,1,06,02,J441,352050,3525122788660,5,8.0,3.0
4,3,06,02,J218,354580,3525118984530,5,5.4,0.4
7,3,04,02,J219,352470,3525117281532,1,5.1,4.1
1,1,03,02,J40,350950,3524130867060,34,4.1,29.9
9,3,05,02,J159,350950,3525118423717,9,5.1,3.9
4,1,09,02,J459,353650,3525104435798,1,3.3,2.3
1,1,04,02,J80,350950,3525111691937,30,8.1,21.9
9,1,02,02,J931,350950,3525111645759,3,6.2,3.2
2,3,09,02,J068,350950,3525121273245,1,3.4,2.4
63,1,11,02,J969,352050,3525134271197,3,9.6,6.6
61,3,06,02,J90,351907,3525104361614,6,11.3,5.3
10,3,02,02,J210,355240,3525104626615,1,5.1,4.1
60,1,07,02,J441,350950,3525121187380,29,8.1,20.9
80,3,05,02,J449,355670,3525114261339,3,7.6,4.6
7,1,03,02,J180,350160,3525116083973,5,5.2,0.2
2,3,05,02,J210,352050,3525119130907,3,5.3,2.3
6,3,05,02,J960,353180,3525104746042,3,6.5,3.5
89,3,12,02,J45,350950,3525135801682,6,8.2,2.2
11,1,06,02,J158,351907,3525104746790,3,5.0,2.0
69,3,12,02,J441,350950,3525135816411,17,8.3,8.7
6,3,03,02,J40,352340,3525111541138,1,3.2,2.2
78,1,04,02,J960,353180,3524102915058,3,9.8,6.8
9,1,07,02,J431,350950,3525121198731,3,3.2,0.2
31,1,12,02,J189,350160,3525136715386,4,7.9,3.9
56,3,01,02,J189,350950,3524130876783,5,8.1,3.1
85,1,06,02,J180,350160,3525121528071,7,7.5,0.5
10,1,11,02,J189,353650,3525135269007,5,5.0,0.0
25,3,07,02,J80,350950,3525121202845,28,7.9,20.1
6,3,04,02,J189,350160,3525118629220,3,5.1,2.1
7,1,02,02,J219,350950,3524130872163,22,5.2,16.8
69,1,06,02,J960,350950,3525118437467,3,10.2,7.2
8,3,05,02,J80,350950,3525118410176,5,6.3,1.3
5,1,06,02,J210,355240,3525104376222,1,5.3,4.3
10,1,04,02,J459,351907,3525119451690,1,3.1,2.1
5,3,09,02,J431,350950,3525128160752,5,3.2,1.8
49,3,09,02,J441,353710,3525125773378,3,6.3,3.3
29,1,07,02,J955,350950,3525104404470,11,8.5,2.5
4,1,02,01,J353,352340,3525111534395,1,1.6,0.6
78,1,04,02,J189,355670,3525114252429,4,8.1,4.1
82,1,03,02,J180,350950,3525111655406,38,7.9,30.1
79,3,07,02,J180,355670,3525114269116,6,8.0,2.0
2,1,12,02,J218,350950,3525135817071,18,5.5,12.5
58,1,05,02,J440,350950,3525118418525,5,8.5,3.5
72,3,08,02,J180,350950,3525121254424,12,8.5,3.5
8,3,05,02,J218,351907,3525121409271,2,5.1,3.1
6,1,04,02,J189,350950,3525111697481,2,5.1,3.1
35,1,11,02,J451,350950,3525128237257,4,6.9,2.9
5,3,04,01,J352,352340,3525111543811,1,1.5,0.5
62,3,04,01,J323,351280,3525104692770,1,1.6,0.6
33,1,11,02,J159,355240,3525135272428,14,8.5,5.5
1,3,10,02,J180,351907,3525131910289,9,5.3,3.7
93,1,01,02,J189,352050,3524131574645,5,7.3,2.3
62,3,06,02,J449,353710,3525125211553,4,7.6,3.6
13,1,04,02,J110,355240,3525118897355,2,6.1,4.1
55,1,11,02,J159,355670,3525123489327,5,9.3,4.3
3,1,09,02,J459,350950,3525128166142,3,3.3,0.3
81,1,01,02,J18,350950,3525111616521,16,7.9,8.1
7,1,03,02,J459,350950,3525111682170,6,3.2,2.8
87,1,12,02,J159,350160,3525136711998,19,7.4,11.6
3,3,05,02,J459,350950,3525118409076,1,3.2,2.2
1,1,02,02,J459,351905,3525104601216,2,4.1,2.1
86,1,12,02,J81,352340,3525111591694,7,8.9,1.9
4,3,04,02,J180,350950,3525118371995,1,5.4,4.4
59,3,10,02,J110,353650,3525133191162,2,8.5,6.5
2,1,07,02,J188,350950,3525121204220,19,5.5,13.5
89,3,05,02,J18,350950,3525118406821,10,7.4,2.6
6,3,10,02,J219,352050,3525131798650,2,5.1,3.1
2,3,07,02,J210,350160,3525125929534,6,5.3,0.7
1,1,03,02,J219,350950,3525111676229,3,5.4,2.4
22,3,01,01,J343,353180,3525104591679,1,1.5,0.5
1,1,02,02,J960,350950,3525111631987,4,8.1,4.1
7,3,06,02,J459,350950,3525124148337,4,3.2,0.8
94,1,11,02,J189,350950,3525135784742,2,7.4,5.4
3,1,06,02,J210,350950,3525118465308,2,5.4,3.4
68,3,02,02,J189,352340,3525111533317,11,8.5,2.5
1,1,03,02,J80,350950,3525111652150,3,8.1,5.1
57,1,01,02,J438,350950,3524102869815,4,8.3,4.3
6,3,09,01,J352,350380,3525104442607,1,1.5,0.5
76,3,08,02,J159,355670,3525114271756,2,8.5,6.5
94,1,05,02,J189,355670,3525114259161,7,7.4,0.4
12,3,01,02,J159,354580,3525111494707,5,6.2,1.2
66,3,11,02,J449,355670,3525123489965,10,7.8,2.2
60,3,08,02,J80,350950,3525121234173,4,11.2,7.2
6,3,02,02,J459,350950,3525111640116,2,3.2,1.2
2,3,04,02,J209,350950,3525111697635,2,5.3,3.3
52,3,06,02,J189,354580,3525118982231,7,8.2,1.2
3,3,10,02,J450,350950,3525128223078,2,3.2,1.2
59,1,01,02,J180,355240,3524103379676,34,9.5,24.5
70,3,06,02,J449,350950,3525118452317,5,8.4,3.4
8,3,08,02,J459,350160,3525125934132,2,3.2,1.2
10,1,06,02,J450,350950,3525118454374,1,3.1,2.1
63,3,12,01,J330,350380,3525104962038,2,1.6,0.4
2,3,07,02,J458,350950,3525121199710,3,3.4,0.4
66,3,07,02,J449,350950,3525121224812,8,7.8,0.2
68,1,12,02,J189,352050,3525136900032,1,8.5,7.5
1,3,03,02,J218,350950,3525111680783,4,5.3,1.3
57,3,08,02,J960,350950,3525121258087,10,8.8,1.2
5,1,07,02,J069,350950,3525121222800,4,3.2,0.8
3,1,08,02,J960,355240,3525104424380,15,7.2,7.8
1,3,04,02,J219,352470,3525117281345,5,5.3,0.3
66,1,10,02,J189,350950,3525128559580,17,8.4,8.6
9,3,06,02,J960,350160,3525104753170,3,6.3,3.3
50,1,03,01,J958,350950,3525111674909,1,6.9,5.9
27,3,08,02,J189,352340,3525111570926,10,7.0,3.0
7,1,06,02,J219,352050,3525122791400,3,5.0,2.0
35,3,09,01,J342,351515,3525501641959,1,1.6,0.6
3,3,12,02,J960,350950,3525135791090,26,7.1,18.9
62,3,06,01,J18,350950,3525120500528,9,9.9,0.9
10,3,04,02,J068,350950,3525118376483,1,3.4,2.4
2,3,04,02,J459,353650,3525118891679,3,3.4,0.4
75,1,06,02,J10,353650,3525120501309,1,8.6,7.6
1,1,08,02,J218,350950,3525121252170,3,5.5,2.5
10,1,09,02,J219,353650,3525133185860,5,5.0,0.0
91,3,05,02,J189,352340,3525111551841,2,7.0,5.0
2,3,09,02,J80,350950,3525121273663,12,7.3,4.7
34,1,08,01,J350,352050,3525104844900,2,1.6,0.4
2,3,09,02,J158,355240,3525104432641,5,5.3,0.3
4,3,03,02,J180,353180,3525104661419,4,5.4,1.4
1,3,03,02,J210,350950,3525111655880,5,5.3,0.3
91,3,02,02,J90,350950,3524102870750,7,6.8,0.2
1,3,10,02,J450,350950,3525128207172,1,3.9,2.9
2,1,11,02,J459,352050,3525134274772,2,3.6,1.6
11,1,01,02,J459,350950,3524130864749,4,3.1,0.9
27,3,02,02,J36,350950,3525111646090,2,3.4,1.4
1,3,01,02,J31,350950,3524130877377,31,4.8,26.2
11,3,11,02,J80,353180,3525128237961,39,6.4,32.6
6,3,09,01,J370,353340,3525104442574,1,1.5,0.5
72,3,07,02,J159,355670,3525114266014,5,8.5,3.5
32,3,12,02,J960,353340,3525104942194,4,9.1,5.1
1,1,10,02,J988,351515,3525128480137,22,8.1,13.9
66,1,02,02,J189,354580,3525111500922,7,8.4,1.4
23,3,06,02,J189,350950,3525118444430,1,6.5,5.5
76,1,09,02,J189,355670,3525123478569,4,8.6,4.6
6,1,10,02,J210,350950,3525128188989,3,5.1,2.1
88,3,01,02,J449,355620,3525111815687,11,7.6,3.4
67,3,09,02,J159,355670,3525123475753,8,8.4,0.4
62,3,07,01,J189,351515,3525118114342,17,9.9,7.1
6,3,09,02,J210,350950,3525121271188,1,5.1,4.1
92,3,06,02,J930,350950,3525118461425,10,6.2,3.8
85,3,12,02,J15,350950,3525135805070,2,7.8,5.8
19,1,07,02,J36,350950,3525121182540,1,3.4,2.4
88,1,01,02,J449,350950,3525111601407,3,7.2,4.2
3,1,10,02,J459,352050,3525131796120,3,3.3,0.3
72,3,01,02,J180,352050,3525111463632,6,8.4,2.4
1,1,03,02,J219,350950,3525111658431,6,5.4,0.6
2,3,12,02,J938,350950,3525135809382,5,7.2,2.2
86,3,01,02,J81,352340,3525111531073,9,8.5,0.5
8,1,01,02,J219,350950,3524130865497,3,5.1,2.1
62,1,09,02,J189,350160,3525131759875,3,8.8,5.8
3,1,04,02,J189,353340,3525114059203,7,5.4,1.6
5,1,06,02,J210,352050,3525122781499,4,5.3,1.3
6,1,03,02,J219,350950,3525111656264,5,5.1,0.1
73,3,11,02,J18,350950,3525135786030,1,8.4,7.4
8,3,08,02,J159,350950,3525121235570,5,5.1,0.1
81,3,10,02,J189,354580,3525128654113,5,7.8,2.8
6,1,02,02,J459,354580,3525111501758,3,3.2,0.2
7,3,05,02,J960,353180,3525104715473,2,6.2,4.2
10,1,07,02,J218,351907,3525104385924,2,5.0,3.0
6,3,04,02,J459,354580,3525111511438,2,3.2,1.2
7,3,05,02,J219,350950,3525118436060,4,5.1,1.1
88,3,01,02,J189,351280,3525113373782,6,7.4,1.4
87,3,11,02,J180,353200,3525133184881,8,7.4,0.6
84,3,10,02,J189,354580,3525128650110,14,8.1,5.9
36,1,06,02,J181,351280,3525121458166,1,8.1,7.1
32,1,01,02,J955,350950,3524102853007,7,8.8,1.8
18,1,02,01,J181,355620,3525100350332,4,7.7,3.7
1,1,10,02,J459,354580,3525128653497,2,4.1,2.1
1,3,03,02,J210,355670,3524132029418,3,5.3,2.3
71,1,05,02,J189,351280,3525122821154,4,8.5,4.5
52,1,07,02,J019,350160,3525125926256,1,3.8,2.8
3,3,01,02,J181,352470,3524102882542,5,5.4,0.4
2,1,03,02,J210,355670,3524132031123,5,5.5,0.5
50,3,10,02,J36,350950,3525128211121,4,4.4,0.4
70,1,06,02,J189,352050,3525122781719,7,8.6,1.6
80,1,09,02,J449,352050,3525126531080,4,7.8,3.8
88,3,12,02,J938,355620,3525135138932,5,8.5,3.5
11,1,03,02,J188,350950,3525111657408,3,5.0,2.0
61,1,01,02,J180,353710,3524102882905,25,8.8,16.2
96,3,08,02,J11,353650,3525126441353,5,7.1,2.1
2,1,05,02,J189,352050,3525119135835,3,5.5,2.5
21,3,10,02,J219,355240,3525104876634,2,5.6,3.6
6,3,05,02,J189,355670,3525114259733,3,5.1,2.1
55,3,12,02,J960,350950,3525135799086,8,9.8,1.8
6,3,08,02,J441,350950,3525104419925,30,3.2,26.8
7,1,11,02,J960,353710,3525104506319,11,6.3,4.7
3,1,11,02,J180,350950,3525104934384,3,5.4,2.4
2,3,07,02,J459,351907,3525104800866,3,3.4,0.4
11,1,06,02,J459,350950,3525118451426,3,3.1,0.1
90,3,09,02,J188,352340,3525128160785,10,7.5,2.5
55,3,12,02,J459,350950,3525104514130,5,6.4,1.4
25,1,02,02,J069,355240,3525104626461,6,3.1,2.9
68,1,01,02,J930,355620,3524132020288,21,9.8,11.2
59,3,09,02,J189,353650,3525133187609,2,8.2,6.2
17,1,10,02,J938,351907,3525131908628,4,7.5,3.5
3,3,09,01,J352,350950,3525104455610,2,1.6,0.4
11,1,03,02,J210,350950,3525104632918,9,5.0,4.0
74,3,02,02,J441,350950,3524130879885,28,8.1,19.9
2,1,06,02,J431,350950,3525118465902,4,3.6,0.4
1,3,05,02,J189,350950,3525118421165,2,5.3,3.3
74,3,04,02,J449,350950,3525118384304,1,8.1,7.1
74,3,12,02,J180,350380,3525136710832,22,8.5,13.5
1,3,07,02,J218,350380,3525104389400,2,5.4,3.4
11,1,03,02,J218,350950,3525111652755,3,5.0,2.0
5,3,01,02,J960,350950,3525111609283,3,6.5,3.5
11,3,05,02,J180,353180,3525104746053,8,5.1,2.9
1,1,08,02,J189,355620,3525125781166,3,5.5,2.5
71,1,02,02,J189,354580,3525111497534,24,8.5,15.5
71,1,06,02,J690,351907,3525104755865,6,10.2,4.2
8,3,04,02,J219,350950,3525111696007,9,5.1,3.9
3,1,10,02,J219,350950,3525128190056,11,5.4,5.6
69,3,03,02,J189,350950,3525111657320,11,8.5,2.5
65,1,08,02,J189,354580,3525128643080,5,8.4,3.4
72,3,11,02,J180,353710,3525134931780,6,8.4,2.4
9,3,05,02,J180,354800,3525117006312,1,5.1,4.1
50,1,01,02,J038,350160,3525112449750,1,4.2,3.2
1,1,12,02,J189,350950,3525135805895,6,5.4,0.6
3,3,07,02,J219,355240,3525121188039,4,5.4,1.4
1,3,05,02,J158,350950,3525104340274,4,5.3,1.3
76,1,08,02,J189,355620,3525125778878,21,8.6,12.4
4,1,10,02,J219,350950,3525128188945,4,5.4,1.4
5,3,05,02,J210,355240,3525120494600,4,5.3,1.3
3,1,09,02,J459,351907,3525131906010,2,3.3,1.3
6,1,12,02,J219,352050,3525134291591,3,5.1,2.1
2,3,11,02,J459,350950,3525128228402,3,3.4,0.4
87,3,03,02,J158,350950,3525104311927,14,7.4,6.6
21,1,03,02,J180,350950,3525111651820,8,7.2,0.8
51,3,04,02,J80,350950,3525111692465,6,10.1,4.1
45,1,01,02,J189,351280,3525113373683,4,8.6,4.6
63,1,04,02,J938,355670,3525114252363,10,9.6,0.4
25,3,03,01,J342,352050,3525111678638,1,1.5,0.5
84,1,12,02,J189,355620,3525135140527,6,8.0,2.0
2,1,08,02,J459,355240,3525104803396,2,3.6,1.6
2,1,04,02,J210,350950,3525118396811,21,5.5,15.5
10,1,10,02,J459,350950,3525128227808,5,3.1,1.9
11,3,11,02,J219,355240,3525104934934,2,5.1,3.1
81,3,08,02,J180,352470,3525128321066,4,7.8,3.8
1,3,06,02,J459,350950,3525121182550,5,3.9,1.1
75,3,10,02,J440,350950,3525128197514,29,8.1,20.9
5,1,01,02,J159,352050,3524131575294,2,5.3,3.3
44,3,05,02,J180,350950,3525118409307,3,6.6,3.6
10,1,06,02,J219,350950,3525118454869,2,5.0,3.0
6,1,10,02,J960,350950,3525128210186,7,6.6,0.4
5,1,05,02,J159,355670,3525114258600,4,5.3,1.3
1,1,06,02,J069,351907,3525124267797,1,3.0,2.0
90,1,06,02,J180,350160,3525121526707,19,7.3,11.7
4,1,11,02,J219,350950,3525128234012,5,5.4,0.4
77,3,11,02,J189,352050,3525134277687,5,7.8,2.8
1,3,06,02,J189,354580,3525118978293,3,5.4,2.4
6,3,12,02,J969,353650,3525132454240,4,6.5,2.5
6,1,06,02,J180,350950,3525118460259,4,5.1,1.1
8,1,06,02,J459,355240,3525120499110,4,3.2,0.8
14,1,06,02,J180,350950,3525118462283,3,6.3,3.3
76,3,08,02,J11,353650,3525126440550,11,8.5,2.5
9,1,09,02,J450,350950,3525128168760,2,3.2,1.2
6,3,12,02,J960,353650,3525132451600,6,6.5,0.5
3,3,05,02,J960,350950,3525104344817,6,7.1,1.1
58,3,03,02,J869,352470,3524102911330,6,10.8,4.8
43,3,07,02,J189,355620,3525125779318,7,7.4,0.4
11,1,05,02,J180,350950,3525118410869,3,5.0,2.0
71,1,06,02,J189,350160,3525125925277,4,8.5,4.5
72,3,11,02,J189,350950,3525131511990,2,8.4,6.4
70,1,06,02,J159,351280,3525104373516,35,8.6,26.4
17,3,05,02,J210,350380,3525104546469,11,6.5,4.5
5,1,10,02,J930,350950,3525128196777,39,6.6,32.4
80,3,10,02,J91,352340,3525111580452,3,9.5,6.5
9,3,04,02,J219,350950,3525118376703,3,5.1,2.1
8,3,04,02,J459,350950,3525111697767,2,3.2,1.2
1,3,12,02,J189,351907,3525135167752,4,5.3,1.3
95,3,03,02,J189,352470,3525114724351,3,7.1,4.1
47,3,05,01,J342,352340,3525104726220,2,1.6,0.4
64,1,02,01,J381,355240,3525104635701,2,1.6,0.4
27,1,03,02,J189,352050,3525116044846,1,7.2,6.2
8,1,06,02,J219,355240,3525121420634,6,5.0,1.0
1,3,07,02,J960,350950,3525104384241,2,7.5,5.5
6,3,07,02,J219,350950,3525121198434,4,5.1,1.1
5,3,04,02,J960,350950,3525111695985,6,6.5,0.5
1,1,03,02,J219,352050,3525116051149,5,5.4,0.4
2,1,02,02,J189,354580,3525111501703,2,5.5,3.5
1,3,04,02,J210,350950,3525118384216,4,5.3,1.3
6,3,06,02,J960,355240,3525104747615,38,6.6,31.4
15,3,05,02,J431,350950,3525118415588,1,3.4,2.4
9,1,04,02,J210,352340,3525111548376,2,5.1,3.1
90,3,12,02,J189,350950,3525135815620,3,7.4,4.4
62,1,01,01,J930,351907,3524102883290,20,7.6,12.4
1,3,02,02,J180,354580,3525104628375,6,5.3,0.7
70,1,10,02,J068,350160,3525134324261,1,6.2,5.2
63,3,03,02,J180,352050,3525111485489,10,8.2,1.8
9,1,06,02,J189,350950,3525118461876,3,5.0,2.0
59,1,11,02,J189,350160,3525136708885,17,9.5,7.5
2,3,09,02,J219,354580,3525128649120,2,5.3,3.3
7,3,08,02,J129,350160,3525128570271,3,5.1,2.1
58,1,08,02,J960,355620,3525128555465,7,11.9,4.9
58,3,06,02,J189,350950,3525118439700,2,8.4,6.4
4,1,03,02,J040,352340,3525111542062,4,3.4,0.6
63,3,05,01,J955,355620,3525104340373,1,6.8,5.8
56,1,12,02,J189,352050,3525134295090,12,9.3,2.7
2,3,12,02,J459,352340,3525111592772,1,3.4,2.4
65,1,07,02,J189,353710,3525125212862,9,8.4,0.6
2,1,06,02,J189,353710,3525121331138,3,5.5,2.5
46,3,01,02,J181,352050,3525111458870,3,7.8,4.8
1,1,07,02,J458,350950,3525121199754,2,4.1,2.1
35,3,02,02,J353,352050,3525111472399,9,4.1,4.9
5,1,10,02,J21,350950,3525128188703,2,5.3,3.3
5,1,10,02,J450,350950,3525128223287,2,3.2,1.2
82,3,07,02,J960,352340,3525111564007,21,9.4,11.6
33,3,03,02,J449,352050,3525111477503,30,7.5,22.5
68,3,12,02,J18,350950,3525135817148,15,8.5,6.5
82,1,11,02,J158,352470,3525134390514,13,7.9,5.1
5,1,08,02,J219,350950,3525121238320,1,5.3,4.3
6,3,02,02,J80,350950,3525111639918,3,6.5,3.5
10,1,11,02,J218,352340,3525111586832,2,5.0,3.0
81,1,03,02,J189,352050,3525104306603,32,7.9,24.1
2,1,11,02,J188,350950,3525128246992,3,5.5,2.5
6,1,09,02,J068,354580,3525104435446,1,3.2,2.2
4,3,04,02,J180,352050,3525119121535,5,5.4,0.4
85,3,05,02,J18,350950,3525118434519,5,7.8,2.8
9,1,07,02,J960,350950,3525121219774,5,6.2,1.2
1,1,05,02,J80,350950,3525118421968,11,8.1,2.9
5,3,11,02,J984,355620,3525135137140,3,6.5,3.5
1,1,08,02,J984,355240,3525126438537,3,7.9,4.9
86,3,02,02,J189,353710,3525111699098,6,7.4,1.4
45,3,07,01,J189,350950,3525104550957,12,10.1,1.9
59,1,12,02,J989,354580,3525135175420,8,11.0,3.0
53,1,12,02,J180,355240,3525104940632,8,8.5,0.5
6,3,07,02,J960,350950,3525121212525,5,6.6,1.6
90,1,10,02,J180,350160,3525131766310,4,7.5,3.5
11,1,04,02,J458,350950,3525118375823,3,3.1,0.1
96,1,01,02,J189,355670,3524132018627,8,6.5,1.5
74,1,07,02,J189,355620,3525125776205,4,8.5,4.5
4,1,06,02,J189,350950,3525118445629,3,5.4,2.4
3,1,08,02,J189,350950,3525121260628,4,5.4,1.4
74,3,08,02,J441,350950,3525121232810,8,7.8,0.2
84,3,09,02,J989,352050,3525126529936,6,9.7,3.7
47,3,09,02,J189,351515,3525128470534,5,8.1,3.1
10,1,07,02,J210,355670,3525114268863,6,5.0,1.0
7,1,01,02,J459,350950,3524130858710,3,3.2,0.2
18,1,05,02,J984,350160,3525118421847,4,7.5,3.5
11,1,09,02,J189,354580,3525128647250,2,5.0,3.0
63,1,07,02,J441,350950,3525121214329,11,8.2,2.8
61,1,02,02,J930,350950,3525111650577,7,11.5,4.5
10,3,07,02,J969,350950,3525104386177,7,6.2,0.8
53,1,05,01,J343,352050,3525104740300,2,1.6,0.4
57,1,06,02,J449,352050,3525119139080,18,8.6,9.4
5,3,09,02,J45,353650,3525126443421,3,3.2,0.2
9,3,03,02,J960,353650,3525116096755,1,6.3,5.3
54,3,01,01,J955,355670,3524132021916,1,6.5,5.5
43,1,04,02,J91,350950,3525118383028,16,8.7,7.3
12,1,07,02,J218,350950,3525121194155,7,6.1,0.9
77,1,09,02,J189,352050,3525126523270,21,7.9,13.1
3,3,09,02,J188,350950,3525122124733,25,5.4,19.6
1,3,06,02,J189,350950,3525121183463,3,5.4,2.4
14,3,10,01,J342,351280,3525104875853,1,1.5,0.5
1,1,09,02,J219,351907,3525104834900,1,5.5,4.5
71,1,12,02,J18,350950,3525135793289,14,8.5,5.5
17,1,12,01,J342,351907,3525104976173,2,1.5,0.5
55,3,11,02,J90,353180,3525133166181,11,9.8,1.2
7,1,06,02,J210,354580,3525118986587,4,5.0,1.0
7,3,09,01,J351,350950,3525128161490,1,1.5,0.5
62,1,12,02,J159,355670,3525123495179,7,8.7,1.7
46,3,12,02,J969,355240,3525128238544,13,9.7,3.3
24,1,04,02,J90,350950,3525111667913,10,7.9,2.1
2,1,10,02,J960,354800,3525104456203,5,8.4,3.4
1,1,05,02,J21,353650,3525120495875,4,5.4,1.4
42,1,10,02,J91,355240,3525104917235,17,8.7,8.3
2,3,01,02,J988,355670,3524102866560,2,7.2,5.2
82,1,12,02,J159,350950,3525135822978,15,7.9,7.1
2,3,03,02,J189,350950,3525111667902,4,5.3,1.3
3,1,09,02,J21,350950,3525133186597,5,5.4,0.4
2,1,12,02,J218,351907,3525136920723,3,5.5,2.5
1,3,12,02,J80,350950,3525135792915,3,7.5,4.5
3,3,02,02,J459,350950,3525111631888,3,3.2,0.2
83,1,01,02,J189,350950,3524130844465,1,7.9,6.9
87,1,03,02,J189,355620,3525116078781,6,7.4,1.4
84,3,09,02,J441,350950,3525121273960,21,8.6,12.4
82,1,09,02,J449,351907,3525129003781,7,7.8,0.8
21,3,04,02,J189,352340,3525111547969,2,5.6,3.6
4,1,08,02,J960,350950,3525121229905,8,7.2,0.8
2,3,05,02,J210,355240,3525120494588,4,5.3,1.3
70,3,06,02,J449,350950,3525118463823,7,8.4,1.4
3,1,03,02,J960,350950,3525111665691,11,7.2,3.8
39,3,04,01,J342,350950,3525118387550,1,1.6,0.6
2,3,10,02,J180,351907,3525131908111,3,5.3,2.3
8,3,03,02,J189,355620,3525116076174,3,5.1,2.1
10,3,04,02,J189,355620,3525118471941,8,5.1,2.9
59,3,10,02,J189,355240,3525133192559,11,8.5,2.5
6,3,06,02,J219,350950,3525118448192,13,5.1,7.9
11,3,11,02,J188,350950,3525128243758,5,5.1,0.1
12,1,12,02,J960,350950,3525104508519,12,6.7,5.3
15,1,05,02,J189,350950,3525118402278,8,6.3,1.7
74,3,02,02,J90,352050,3525111466998,13,9.7,3.3
8,3,10,02,J969,352050,3525131790280,10,6.3,3.7
5,3,11,02,J80,350950,3525128227313,4,6.5,2.5
6,3,08,02,J960,355240,3525104804287,4,6.6,2.6
82,3,10,02,J189,350950,3525128213068,15,7.8,7.2
3,3,03,02,J189,355620,3525118467816,5,5.4,0.4
4,1,05,02,J010,352340,3525111552072,2,3.4,1.4
68,3,07,02,J441,350950,3525121213482,9,8.2,0.8
23,3,02,02,J188,350950,3525100230300,10,6.5,3.5
49,3,04,02,J189,353710,3525117221791,6,8.0,2.0
6,3,05,02,J210,354580,3525118979690,3,5.1,2.1
28,1,07,02,J938,350950,3525121217068,31,8.2,22.8
3,3,05,02,J219,355240,3525104722183,1,5.4,4.4
43,1,12,01,J323,350160,3525104941732,1,1.6,0.6
9,1,07,02,J189,355620,3525125775710,7,5.0,2.0
5,1,02,02,J40,350950,3525111618534,4,3.2,0.8
50,3,09,02,J068,350950,3525104447920,1,4.7,3.7
22,1,08,02,J960,350950,3525104407935,8,8.0,0.0
2,1,11,02,J219,350950,3525128230460,4,5.5,1.5
47,1,01,02,J449,353650,3525111773470,4,6.6,2.6
62,1,10,01,J342,350950,3525128207667,1,1.6,0.6
5,1,12,02,J218,350950,3525135820470,11,5.3,5.7
2,3,04,02,J219,355620,3525118470016,3,5.3,2.3
6,1,05,02,J210,353650,3525120497151,4,5.1,1.1
70,3,07,02,J189,353650,3525120502816,7,8.5,1.5
33,1,09,02,J22,350950,3525128155857,2,8.4,6.4
4,3,07,02,J218,351907,3525127044450,8,5.4,2.6
53,1,09,01,J342,352050,3525104881232,2,1.6,0.4
72,1,04,02,J449,354580,3525111511306,4,8.4,4.4
30,1,07,02,J91,355240,3525104795641,1,9.3,8.3
68,3,05,02,J189,354580,3525111509117,3,8.5,5.5
6,3,10,02,J960,350950,3525128219349,7,6.5,0.5
70,1,08,02,J449,350950,3525121258660,2,8.3,6.3
64,3,09,02,J189,350950,3525128169607,15,8.3,6.7
7,3,09,02,J459,350950,3525128163821,2,3.2,1.2
87,1,11,02,J189,353650,3525135269876,7,7.4,0.4
4,1,10,02,J960,353650,3525104459767,2,7.2,5.2
74,3,03,02,J81,350950,3525111649235,14,9.7,4.3
29,3,08,02,J955,350950,3525104413105,5,7.8,2.8
2,1,11,02,J189,352050,3525131803699,6,5.5,0.5
84,3,03,02,J189,355240,3525118890689,2,8.1,6.1
77,3,01,02,J969,351907,3525114199442,14,9.4,4.6
37,1,10,02,J189,354580,3525128654322,8,8.3,0.3
42,3,07,02,J189,352050,3525122798120,13,7.6,5.4
11,3,10,02,J219,350950,3525128204323,31,5.1,25.9
8,3,04,02,J210,350950,3525118374844,7,5.1,1.9
17,3,02,01,J969,350950,3524102893113,4,5.9,1.9
7,1,12,02,J181,350160,3525136714275,5,5.2,0.2
1,1,04,02,J960,350950,3525111696513,9,8.1,0.9
66,1,07,02,J399,350950,3525121206508,5,4.6,0.4
54,3,01,02,J989,354580,3525111496214,9,9.9,0.9
3,3,12,02,J450,355620,3525135139450,1,3.2,2.2
71,1,02,02,J180,355670,3524132026393,2,8.5,6.5
44,1,07,02,J690,354580,3525118991075,7,8.0,1.0
6,1,08,02,J218,351907,3525128997038,2,5.1,3.1
2,1,05,02,J969,350950,3525118414840,26,8.4,17.6
16,1,04,02,J36,350950,3525118372919,3,3.3,0.3
14,1,03,02,J90,351907,3525111670432,19,7.4,11.6
7,1,07,02,J960,354580,3525104758087,3,6.4,3.4
63,3,01,02,J36,350950,3524130859711,3,4.2,1.2
58,1,09,02,J931,350950,3525121266920,30,11.9,18.1
72,1,07,02,J449,350950,3525104384990,6,8.2,2.2
10,1,09,02,J458,350950,3525121269274,6,3.1,2.9
1,1,01,02,J218,350950,3524130839086,7,5.4,1.6
2,1,03,02,J189,351907,3525117324454,4,5.5,1.5
21,1,04,02,J80,350950,3525118379783,8,8.9,0.9
8,1,06,02,J960,350950,3525118447708,5,6.4,1.4
8,1,04,02,J189,350950,3525118395502,11,5.1,5.9
60,3,05,02,J189,351907,3525121411262,5,8.9,3.9
5,3,04,02,J189,355670,3525114250504,2,5.3,3.3
7,1,09,02,J390,350950,3525104438780,15,3.4,11.6
1,1,11,02,J960,355240,3525104507595,9,8.1,0.9
2,1,08,02,J960,353650,3525126442739,6,8.4,2.4
9,1,12,02,J989,354580,3525135173802,4,6.2,2.2
60,3,03,02,J960,355240,3525104658020,3,10.9,7.9
82,3,06,02,J189,352340,3525111557649,1,7.8,6.8
6,3,09,01,J386,350950,3525104444917,9,1.5,7.5
7,1,05,02,J210,350160,3525118635907,4,5.2,1.2
78,3,02,02,J189,352470,3525114722481,6,8.1,2.1
1,1,05,02,J189,350950,3525121147196,6,5.4,0.6
26,3,06,02,J219,350950,3525104371492,2,6.6,4.6
39,1,10,02,J189,352050,3525131800982,3,8.3,5.3
68,1,03,02,J180,350950,3525111673853,4,8.5,4.5
26,3,01,02,J189,352050,3524131569508,8,6.6,1.4
1,1,04,02,J189,354580,3525118973596,3,5.4,2.4
10,3,11,02,J180,350160,3525134327814,2,5.1,3.1
68,1,07,02,J129,350950,3525121222359,16,8.5,7.5
44,1,05,02,J189,352050,3525119142402,4,8.0,4.0
68,3,01,02,J158,352470,3525111767760,11,8.5,2.5
7,1,09,02,J459,350950,3525128171796,6,3.2,2.8
65,1,01,02,J960,355620,3525111814400,5,9.6,4.6
46,1,05,02,J210,353340,3525114060743,2,8.2,6.2
50,3,06,02,J189,350950,3525121175939,18,8.4,9.6
9,1,01,02,J180,350950,3525111603640,3,5.1,2.1
75,3,06,02,J189,350950,3525121175961,18,8.5,9.5
3,1,03,02,J180,351907,3525104657899,2,5.4,3.4
1,1,06,02,J219,350950,3525118454847,5,5.5,0.5
1,1,12,02,J189,354580,3525135173538,2,5.4,3.4
55,1,12,02,J938,350950,3525104514107,4,10.7,6.7
19,1,09,02,J960,352050,3525126515878,23,7.6,15.4
66,1,10,02,J189,350160,3525131766530,2,8.4,6.4
66,1,07,02,J399,350950,3525121206442,4,4.6,0.6
1,1,04,02,J159,350160,3525118629692,4,5.4,1.4
93,1,02,02,J189,352050,3525111481485,5,7.3,2.3
1,1,11,02,J431,350950,3525128245969,3,4.1,1.1
1,3,04,02,J219,351907,3525104688930,3,5.3,2.3
29,1,01,02,J930,351907,3525114202379,3,8.2,5.2
71,1,04,02,J100,352050,3525116065405,7,8.5,1.5
5,1,07,02,J218,354580,3525118987269,3,5.3,2.3
70,1,03,02,J449,350950,3525111669464,25,9.2,15.8
66,1,04,02,J180,350160,3525118633080,8,8.4,0.4
4,1,04,02,J210,350950,3525118377484,8,5.4,2.6
1,1,10,02,J180,350160,3525131763747,3,5.4,2.4
7,3,04,02,J960,350950,3525118893483,2,6.2,4.2
41,3,11,02,J938,353180,3525104493856,11,7.9,3.1
1,1,10,02,J219,350950,3525128204180,4,5.4,1.4
96,3,11,02,J960,351907,3525135164375,6,6.0,0.0
30,3,07,01,J343,353340,3525104813802,2,1.6,0.4
81,1,09,02,J189,355620,3525128557280,6,7.9,1.9
15,1,04,02,J949,350950,3525118377737,6,7.4,1.4
33,3,09,02,J180,350160,3525131759281,14,7.8,6.2
61,1,06,01,J955,355670,3525104379687,5,7.7,2.7
7,3,05,02,J960,351280,3525104349503,5,6.2,1.2
4,1,04,02,J210,352050,3525119122240,8,5.4,2.6
10,1,02,01,J353,350950,3525111626740,1,1.5,0.5
5,3,05,02,J459,350950,3525118408450,2,3.2,1.2
66,3,08,02,J189,350160,3525128568610,10,8.3,1.7
5,3,05,02,J219,350950,3525118471402,5,5.3,0.3
15,1,11,02,J91,350950,3525135788603,7,7.4,0.4
2,3,07,02,J188,350950,3525121187820,7,5.3,1.7
52,1,07,02,J90,352470,3525126432366,1,10.2,9.2
39,1,07,01,J342,353200,3525104796774,1,1.6,0.6
3,1,10,01,J353,352340,3525000486030,1,1.6,0.6
9,1,06,02,J180,350950,3525118447598,2,5.0,3.0
3,1,06,02,J159,350950,3525118443033,2,5.4,3.4
25,3,11,02,J450,350950,3525128250424,2,3.5,1.5
8,1,01,02,J189,355670,3524132019034,1,5.1,4.1
54,1,04,02,J86,350950,3525111692366,26,10.5,15.5
10,3,06,02,J459,355240,3525104748308,2,3.2,1.2
11,1,11,02,J91,350950,3525128251161,14,6.1,7.9
52,3,04,02,J158,352340,3525111547815,8,8.4,0.4
2,3,12,02,J158,354580,3525104968110,8,5.3,2.7
90,1,02,02,J18,353180,3525114363133,3,7.5,4.5
33,3,02,02,J068,350160,3525112453764,2,4.4,2.4
62,3,01,02,J181,352050,3525111458759,9,8.8,0.2
44,3,12,02,J36,350950,3525135818402,4,4.0,0.0
42,3,07,02,J45,350950,3525121202670,2,6.6,4.6
1,1,05,02,J218,354580,3525118980746,4,5.4,1.4
1,1,10,02,J218,350950,3525128207205,19,5.4,13.6
11,1,03,02,J189,354580,3525111506906,2,5.0,3.0
34,1,05,02,J159,352050,3525119129400,30,8.3,21.7
83,3,03,02,J949,350950,3525111665416,6,9.5,3.5
77,3,04,02,J960,351907,3525104323015,15,9.4,5.6
8,3,09,02,J219,350950,3525128167649,13,5.1,7.9
10,3,12,02,J450,350950,3525135799560,2,3.2,1.2
32,3,03,02,J969,350950,3525111674865,8,9.1,1.1
53,1,05,02,J068,355240,3525120494490,1,3.7,2.7
2,3,06,02,J960,353650,3525120496865,3,7.3,4.3
60,3,04,02,J80,350950,3525118382401,2,10.9,8.9
11,3,02,02,J80,350950,3525111650973,3,6.4,3.4
9,1,02,02,J218,350950,3525111639005,1,5.1,4.1
3,1,07,02,J80,350950,3525121185487,4,7.2,3.2
2,3,01,02,J40,355240,3525111607040,1,3.4,2.4
5,1,11,02,J431,350950,3525128235079,1,3.2,2.2
82,3,02,02,J129,354580,3524131995880,30,7.8,22.2
66,3,07,02,J90,354580,3525118988248,25,9.4,15.6
57,3,09,02,J180,353340,3525104431211,8,8.4,0.4
8,3,05,02,J21,351515,3525118706461,3,5.1,2.1
43,3,04,02,J188,350950,3525118378860,3,6.6,3.6
71,3,09,02,J80,350950,3525128170707,2,9.7,7.7
25,1,07,02,J068,351907,3525127044725,3,2.9,0.1
1,3,01,02,J189,350950,3524102872950,2,5.3,3.3
4,1,04,02,J189,354580,3525118974344,3,5.4,2.4
68,1,08,02,J180,352340,3525111571641,5,8.5,3.5
8,3,11,02,J219,350950,3525104490831,3,5.1,2.1
2,3,11,02,J219,351907,3525135269909,6,5.3,0.7
92,1,04,02,J18,350950,3525118397780,15,7.0,8.0
2,1,04,02,J980,350950,3525118396855,3,8.4,5.4
7,1,07,02,J219,350950,3525121188897,7,5.0,2.0
62,3,09,02,J449,350950,3525133187598,11,7.6,3.4
26,3,08,01,J342,355240,3525104826969,1,1.5,0.5
56,3,07,02,J459,351907,3525126437052,4,7.6,3.6
60,1,07,02,J159,350950,3525121222524,7,8.9,1.9
7,1,11,02,J80,350950,3525128249137,11,6.3,4.7
71,1,01,02,J440,350950,3525111613386,8,8.4,0.4
18,3,05,02,J039,350160,3525118636424,1,3.0,2.0
3,1,05,02,J180,351907,3525104715715,6,5.4,0.6
4,3,09,01,J961,352340,3525104435150,1,6.2,5.2
73,1,03,02,J938,355620,3525116076240,7,9.9,2.9
21,3,10,02,J36,353650,3525133194143,2,2.5,0.5
85,3,09,02,J189,355620,3525128558083,10,7.8,2.2
4,1,08,02,J80,350950,3525121254600,14,7.2,6.8
3,3,09,02,J180,350160,3525131760920,3,5.4,2.4
72,1,11,02,J90,350950,3525128221725,25,10.0,15.0
1,1,07,02,J219,350950,3525121204902,3,5.5,2.5
1,1,08,02,J989,350950,3525120193672,2,7.9,5.9
1,1,07,02,J218,350950,3525121185432,2,5.5,3.5
79,1,10,02,J189,354580,3525128650945,7,8.1,1.1
13,3,02,02,J36,350950,3524102895379,3,3.4,0.4
1,1,09,02,J219,355240,3525104867625,5,5.5,0.5
67,1,01,02,J188,350160,3525112449474,4,8.5,4.5
90,1,07,02,J180,350950,3525104402413,10,7.3,2.7
2,3,08,02,J459,350950,3525121250343,4,3.4,0.6
66,3,09,02,J449,350160,3525128574572,13,7.8,5.2
90,3,10,02,J180,350950,3525128221736,5,7.4,2.4
3,1,05,02,J188,350950,3525118426368,10,5.4,4.6
4,3,02,02,J180,355240,3525104624096,7,5.4,1.6
84,3,04,02,J955,352340,3525112111719,2,9.7,7.7
84,1,12,02,J81,350950,3525128234067,7,10.0,3.0
6,3,11,02,J189,353650,3525135268985,5,5.1,0.1
3,3,12,02,J459,350950,3525104516923,1,3.2,2.2
24,3,01,02,J960,350950,3525111617291,11,7.9,3.1
74,1,09,02,J189,355620,3525128556092,11,8.5,2.5
2,3,05,02,J210,351907,3525104722953,1,5.3,4.3
28,3,04,01,J342,352340,3525111546330,1,1.6,0.6
35,3,05,02,J930,352050,3525119131864,5,9.1,4.1
2,3,10,02,J189,352340,3525111582553,4,5.3,1.3
5,3,06,02,J218,350950,3525118464846,10,5.3,4.7
79,3,09,02,J189,354580,3525128646480,4,8.0,4.0
5,1,05,02,J80,350950,3525118417656,4,6.6,2.6
75,3,09,02,J189,352050,3525126530739,2,8.5,6.5
66,3,04,02,J853,352050,3525116062006,5,9.2,4.2
62,3,10,02,J189,352470,3525134389040,1,8.8,7.8
26,3,06,02,J180,350160,3525121527950,1,6.6,5.6
2,1,05,02,J210,351907,3525104745910,3,5.5,2.5
2,3,11,02,J459,350950,3525128231625,3,3.4,0.4
5,3,05,02,J159,350950,3525118419350,8,5.3,2.7
8,3,08,02,J218,350950,3525121238364,6,5.1,0.9
37,3,06,02,J953,354580,3525118987951,6,7.8,1.8
1,3,06,02,J210,350950,3525118464681,4,5.4,1.4
5,1,05,02,J459,350950,3525118412706,6,3.2,2.8
75,3,12,02,J180,350950,3525135809272,20,8.6,11.4
76,1,07,02,J189,350950,3525121201547,15,8.6,6.4
69,1,10,02,J189,355620,3525128560184,7,8.5,1.5
85,3,11,02,J189,352050,3525134277808,10,7.8,2.2
6,1,01,02,J960,355240,3525104599610,4,6.6,2.6
77,1,07,02,J90,350950,3525121212460,12,10.1,1.9
10,3,08,02,J189,353340,3525121423296,2,5.1,3.1
63,3,02,02,J955,355620,3525104302775,1,9.2,8.2
1,1,12,02,J219,350950,3525135799735,6,5.4,0.6
5,1,02,02,J210,352050,3525111480077,11,5.3,5.7
83,3,02,02,J930,350950,3525111639863,9,9.5,0.5
3,3,04,02,J218,355240,3525119448950,3,5.4,2.4
56,3,05,02,J189,350950,3525111695864,14,8.1,5.9
68,3,05,02,J45,353650,3525120496018,12,8.2,3.8
30,3,10,02,J180,350950,3525128192663,5,6.6,1.6
31,1,11,02,J18,350950,3525135787371,4,7.9,3.9
23,3,10,02,J36,350950,3525128204004,2,3.4,1.4
27,3,04,02,J960,350950,3525118385096,7,8.3,1.3
30,3,06,02,J459,350950,3525104369996,1,4.4,3.4
37,3,06,01,J342,352050,3525118106697,2,1.6,0.4
1,3,08,02,J960,353650,3525126442024,6,7.5,1.5
17,3,01,02,J36,353650,3525111775416,1,3.3,2.3
41,3,02,01,J350,354580,3525100367162,1,1.7,0.7
80,1,08,02,J938,350950,3525121247440,12,10.5,1.5
1,1,07,02,J210,350950,3525121212316,9,5.5,3.5
58,3,02,02,J80,350950,3525111626894,2,10.8,8.8
1,1,08,02,J219,355240,3525104805145,3,5.5,2.5
1,3,08,02,J188,350950,3525121232237,22,5.4,16.6
10,1,03,02,J218,350950,3525111653558,1,5.0,4.0
2,3,05,02,J960,351907,3525104719940,4,7.2,3.2
8,1,06,02,J180,350950,3525118450359,6,5.0,1.0
88,3,02,02,J449,352050,3525111478482,11,7.6,3.4
47,3,10,02,J189,353180,3525133165675,4,8.0,4.0
57,3,05,01,J955,350950,3525104357181,4,6.1,2.1
11,1,11,02,J189,351907,3525135164309,3,5.0,2.0
88,1,11,02,J189,352050,3525134281999,1,7.4,6.4
65,3,10,02,J189,352050,3525131785000,8,8.3,0.3
1,3,09,02,J219,350950,3525121273180,5,5.4,0.4
25,3,10,02,J459,351907,3525131910740,1,3.5,2.5
7,3,08,02,J450,350950,3525121237099,1,3.2,2.2
57,1,04,02,J690,355240,3525104691361,12,9.3,2.7
48,1,09,02,J46,350950,3525128168991,2,6.6,4.6
76,1,01,02,J449,355670,3524132019199,6,8.6,2.6
8,1,04,02,J960,350950,3525104695190,4,6.2,2.2
8,1,05,02,J960,353650,3525120495501,4,6.2,2.2
29,1,11,01,J351,352340,3525111585886,1,1.6,0.6
34,3,05,02,J459,352340,3525111551104,2,6.6,4.6
5,1,08,02,J459,350950,3525121252048,3,3.2,0.2
57,1,08,02,J189,354580,3525118991702,8,9.5,1.5
49,3,06,02,J959,352050,3525122789903,4,9.6,5.6
4,1,05,02,J188,350950,3525111676218,31,5.4,25.6
85,3,08,02,J189,355670,3525114272790,3,7.8,4.8
66,3,01,02,J189,355620,3524132712452,12,8.3,3.7
71,1,02,02,J18,353180,3525114363155,3,8.5,5.5
55,3,08,02,J189,353710,3525125213214,5,8.2,3.2
7,3,03,02,J960,350950,3525111686240,1,6.2,5.2
87,3,07,02,J189,350950,3525121202702,10,7.4,2.6
73,1,06,02,J180,350160,3525121526344,15,8.5,6.5
45,1,05,02,J969,355240,3525104347622,7,10.1,3.1
86,1,07,02,J81,350950,3525104395637,9,8.9,0.1
40,1,07,02,J180,350160,3525125927180,4,8.0,4.0
47,3,01,02,J459,350950,3524130872867,6,6.3,0.3
58,3,02,02,J182,350950,3525111639291,7,8.5,1.5
58,3,06,02,J441,350950,3525118459731,11,8.0,3.0
58,3,10,02,J180,351280,3525131647323,3,8.5,5.5
5,3,05,02,J189,355620,3525121148175,4,5.3,1.3
1,3,03,02,J950,351280,3525116096348,2,7.5,5.5
4,3,10,02,J189,350950,3525128204422,13,5.4,7.6
57,1,07,02,J849,350950,3525104385913,7,9.9,2.9
1,1,07,02,J210,350950,3525104401830,5,5.5,0.5
7,3,08,02,J459,350160,3525104804771,3,3.2,0.2
83,1,10,02,J188,350950,3525128196524,41,7.9,33.1
2,3,07,02,J80,350950,3525121203880,3,7.3,4.3
85,3,01,02,J189,350950,3525111613320,4,7.8,3.8
84,1,11,02,J189,350160,3525136709996,2,8.0,6.0
2,3,04,02,J960,350950,3525118373084,5,7.2,2.2
82,1,10,02,J189,350950,3525128204543,5,7.9,2.9
50,3,08,02,J18,350950,3525121258340,7,8.4,1.4
3,1,01,01,J353,350950,3524130805030,1,1.6,0.6
81,1,07,02,J930,355670,3525114269699,37,10.5,26.5
68,1,10,02,J189,355670,3525123481583,3,8.5,5.5
74,1,01,02,J440,355240,3524102872390,1,8.6,7.6
1,3,12,02,J180,355240,3525104965680,22,5.3,16.7
50,1,08,02,J160,350950,3525121236660,4,8.9,4.9
50,1,06,02,J159,355240,3525104366289,2,8.9,6.9
95,1,08,02,J181,350950,3525121257801,18,6.7,11.3
44,1,10,02,J189,351280,3525131646685,2,8.0,6.0
6,1,01,01,J353,350950,3524130794019,1,1.5,0.5
3,3,08,02,J210,351907,3525104802505,5,5.4,0.4
1,3,02,02,J219,350950,3525111640699,2,5.3,3.3
94,3,03,02,J189,355620,3525118468290,3,7.0,4.0
82,1,05,02,J189,354580,3525118975059,8,7.9,0.1
1,3,04,02,J180,351907,3525119450512,8,5.3,2.7
4,1,11,02,J930,350950,3525128246717,20,7.2,12.8
65,3,06,02,J449,351907,3525124267632,4,7.8,3.8
67,1,12,02,J441,350950,3525135824947,6,8.4,2.4
53,3,04,02,J189,351280,3525117220207,2,7.9,5.9
7,3,09,02,J459,350950,3525104432234,4,3.2,0.8
75,3,12,02,J180,350950,3525135824815,2,8.6,6.6
4,1,04,02,J218,350950,3525118372281,5,5.4,0.4
6,1,08,02,J96,353650,3525126438955,5,6.7,1.7
56,1,07,02,J869,355240,3525104796620,12,10.9,1.1
71,3,06,02,J189,350950,3525118461007,3,8.5,5.5
54,1,10,02,J189,352050,3525131781622,5,9.1,4.1
6,1,06,02,J219,350950,3525104369732,1,5.1,4.1
2,3,11,02,J459,350950,3525104489786,5,3.4,1.6
73,1,11,02,J189,350950,3525130621420,3,8.5,5.5
71,1,02,02,J449,350950,3525111643559,21,8.4,12.6
3,1,06,02,J219,350950,3525118452670,4,5.4,1.4
66,1,09,02,J960,355240,3525121916558,55,9.7,45.3
11,1,06,02,J450,350950,3525118440789,4,3.1,0.9
3,3,11,01,J352,353650,3525135270800,8,1.5,6.5
81,3,12,02,J189,350950,3525135817984,7,7.8,0.8
8,3,12,02,J189,350950,3525135826180,3,5.1,2.1
60,3,11,02,J180,350950,3525128243351,3,8.9,5.9
8,3,04,02,J189,354580,3525111511559,6,5.1,0.9
2,3,03,02,J069,350950,3525111682378,1,3.4,2.4
81,1,03,02,J159,355670,3524132028440,7,7.9,0.9
3,1,07,02,J219,350950,3525121225648,5,5.4,0.4
1,3,09,02,J219,350950,3525128160720,6,5.4,0.6
9,1,07,02,J218,350950,3525121214703,29,5.0,24.0
9,1,10,02,J219,350950,3525128190078,8,5.1,2.9
45,3,09,02,J36,353650,3525133189776,3,4.2,1.2
3,3,08,02,J960,350950,3525121249815,8,7.2,0.8
42,1,03,02,J189,354580,3525111504233,5,9.0,4.0
71,3,10,02,J960,351280,3525104474771,2,9.9,7.9
1,1,12,02,J960,350950,3525135821702,1,8.1,7.1
17,3,02,02,J069,353650,3525111778750,1,3.2,2.2
11,3,06,02,J188,350950,3525118455144,5,5.1,0.1
36,3,05,02,J189,350160,3525118636149,10,8.2,1.8
18,1,08,02,J931,350950,3525104416780,1,7.6,6.6
78,1,02,02,J90,350950,3525111639544,5,9.8,4.8
5,1,11,02,J219,355620,3525135136611,4,5.3,1.3
70,1,11,02,J80,350950,3525128242812,1,10.2,9.2
68,3,11,02,J189,352470,3525134389997,21,8.5,12.5
82,3,12,02,J189,351280,3525134934992,2,7.8,5.8
7,3,05,02,J210,355240,3525104715220,2,5.1,3.1
67,3,12,02,J159,352050,3525134292141,9,8.4,0.6
50,1,12,02,J189,350950,3525135823198,3,8.9,5.9
2,1,04,02,J960,353650,3525118892966,11,8.4,2.6
83,1,08,02,J189,355620,3525128554211,11,7.9,3.1
2,1,07,02,J219,350950,3525121216958,4,5.5,1.5
32,1,11,02,J938,350950,3525135799185,4,8.8,4.8
92,3,06,02,J180,350160,3525121527455,1,7.2,6.2
69,3,01,02,J189,350950,3525111613672,7,8.5,1.5
0,3,01,02,J189,350950,3525111604520,4,5.9,1.9
38,3,10,02,J942,352050,3525131793898,7,8.2,1.2
23,3,04,01,J342,350380,3525104697433,2,1.5,0.5
90,3,10,02,J159,355620,3525123485708,7,7.4,0.4
7,3,06,02,J459,350160,3525121524331,6,3.2,2.8
1,1,06,02,J960,350950,3525118464516,2,7.9,5.9
62,1,12,02,J938,351907,3525135167191,4,11.6,7.6
84,3,06,02,J159,350160,3525121522670,8,8.1,0.1
58,1,07,02,J91,352340,3525111563578,6,11.9,5.9
79,3,03,02,J189,354580,3525111506378,4,8.0,4.0
17,3,06,02,J459,355240,3525120500121,6,3.3,2.7
66,3,03,02,J80,351907,3525104308748,2,9.2,7.2
1,1,08,02,J219,350950,3525121243040,2,5.5,3.5
31,1,12,01,J189,350160,3525136712878,2,8.7,6.7
7,3,06,02,J159,350950,3525118449688,2,5.1,3.1
4,1,03,02,J110,350950,3525116095292,2,5.4,3.4
3,3,02,02,J960,353650,3525116094005,3,7.1,4.1
5,1,10,02,J80,350950,3525128186448,2,6.6,4.6
1,1,11,02,J110,354800,3525134972942,4,5.4,1.4
6,3,07,02,J45,354580,3525126437778,3,3.2,0.2
6,1,05,02,J210,350160,3525118633069,5,5.1,0.1
2,3,06,02,J219,353710,3525124147237,5,5.3,0.3
83,3,01,02,J938,355620,3525111815192,9,9.5,0.5
56,1,02,02,J960,353180,3525114363419,2,10.8,8.8
47,1,08,01,J343,350160,3525104830027,1,1.6,0.6
49,1,12,02,J188,350950,3525135810207,3,8.6,5.6
88,1,04,02,J189,354580,3525111507126,17,7.4,9.6
8,3,07,02,J189,352340,3525111565217,6,5.1,0.9
1,1,04,02,J218,350950,3525111692828,4,5.4,1.4
58,1,03,02,J81,350950,3525111672401,5,11.8,6.8
46,3,12,02,J180,350950,3525135820580,19,7.8,11.2
67,3,10,02,J81,350950,3525128224398,18,9.4,8.6
8,1,01,02,J189,352050,3524131574777,4,5.1,1.1
70,1,01,02,J860,352470,3524102868737,29,10.2,18.8
2,3,03,02,J210,350950,3525111653173,3,5.3,2.3
27,3,06,01,J342,352050,3525104750190,1,1.6,0.6
81,3,05,02,J80,350950,3525118400200,4,9.5,5.5
1,1,11,02,J219,350950,3525135269480,2,5.4,3.4
7,1,02,02,J218,350950,3525111628566,1,5.2,4.2
78,1,08,02,J960,350950,3525104423962,5,9.7,4.7
7,3,11,02,J189,355620,3525133627147,8,5.1,2.9
68,1,06,02,J189,352050,3525122784084,1,8.5,7.5
17,1,04,02,J189,354580,3525111508952,32,6.5,25.5
5,3,01,02,J181,351907,3525114200432,6,5.3,0.7
73,1,10,01,J985,351907,3525104917125,3,7.5,4.5
1,1,04,02,J219,352470,3525119541130,2,5.4,3.4
1,1,04,02,J180,351907,3525104694089,3,5.4,2.4
62,1,04,02,J180,350950,3525118392873,1,8.7,7.7
14,3,02,02,J960,355240,3525116093070,4,7.8,3.8
1,3,08,02,J218,351907,3525129001097,2,5.4,3.4
88,3,09,02,J960,353650,3525126443916,2,8.5,6.5
7,1,07,02,J020,350950,3525121204210,7,3.2,3.8
62,3,09,02,J91,350950,3525121271496,1,11.4,10.4
82,1,02,02,J189,350950,3525111618424,14,7.9,6.1
1,3,06,02,J159,355670,3525114262901,4,5.4,1.4
66,3,06,02,J180,350950,3525121184046,2,8.3,6.3
6,3,03,02,J180,352050,3525116052755,4,5.1,1.1
78,3,03,02,J180,350950,3525111686283,8,8.1,0.1
88,3,07,02,J449,353340,3525121421690,5,7.6,2.6
1,3,11,02,J459,350950,3525128248763,5,3.9,1.1
10,1,04,01,J352,352340,3525111546341,1,1.5,0.5
65,1,11,02,J90,351907,3525129392345,4,9.6,5.6
77,1,07,02,J449,350950,3525121216969,2,7.8,5.8
87,1,01,02,J81,353180,3525114362649,3,8.3,5.3
88,3,04,02,J189,355620,3525116078528,10,7.4,2.6
55,1,07,02,J189,355620,3525125775237,9,9.5,0.5
1,3,09,02,J960,351907,3525104445764,5,7.5,2.5
69,1,12,02,J930,350950,3525135810295,3,10.2,7.2
68,1,09,02,J189,354580,3525128652265,1,8.5,7.5
3,3,09,02,J80,350950,3525121266656,3,7.2,4.2
81,3,04,02,J159,350950,3525118379453,24,7.8,16.2
8,3,04,02,J459,350950,3525118374184,1,3.2,2.2
63,3,04,02,J942,350160,3525118629802,46,9.2,36.8
9,3,07,02,J91,350950,3525121206101,30,6.3,23.7
70,3,11,02,J068,350950,3525128241437,1,5.7,4.7
3,3,05,02,J210,353180,3525104720071,3,5.4,2.4
62,3,12,02,J449,354580,3525128660295,25,7.2,17.8
85,1,02,02,J189,355620,3525116074370,4,7.7,3.7
33,1,01,01,J955,351907,3524102878758,3,6.0,3.0
15,3,03,01,J342,350950,3525111632383,1,1.5,0.5
67,3,05,02,J189,354580,3525118980010,2,8.4,6.4
78,1,01,02,J189,354580,3525111494443,7,8.1,1.1
10,3,04,02,J159,350950,3525118375625,7,5.1,1.9
70,1,04,02,J159,350160,3525118630286,12,8.5,3.5
77,1,05,02,J189,350160,3525121521218,5,7.9,2.9
2,3,03,02,J188,350950,3525111686680,6,5.3,0.7
4,3,04,02,J80,350950,3525111695919,6,7.1,1.1
13,1,01,02,J210,355620,3525104525701,11,6.1,4.9
4,3,09,02,J459,350950,3525121271298,2,3.3,1.3
4,1,07,02,J219,350950,3525121204858,1,5.4,4.4
68,1,05,02,J041,350950,3525118415412,7,5.2,1.8
7,1,04,02,J459,350950,3525118396426,3,3.2,0.2
86,3,01,02,J159,352050,3524131573666,6,7.4,1.4
2,1,11,02,J041,350950,3525128243703,8,3.6,4.4
88,3,11,02,J189,352050,3525131804623,6,7.4,1.4
8,3,09,02,J459,350950,3525104436711,3,3.2,0.2
67,1,08,02,J189,352340,3525111570816,2,8.5,6.5
4,1,08,02,J459,355240,3525104834141,3,3.3,0.3
7,1,05,02,J969,352050,3525119130478,5,6.3,1.3
54,1,06,02,J189,352050,3525119147528,4,9.1,5.1
10,1,04,02,J178,351515,3525114513460,8,5.0,3.0
6,1,06,02,J188,350950,3525117361800,3,5.1,2.1
77,1,03,02,J189,354580,3525111507412,4,7.9,3.9
4,1,11,02,J189,355620,3525135136732,12,5.4,6.6
3,1,09,02,J960,355240,3525104449680,12,7.2,4.8
79,1,01,02,J960,352050,3524131576339,2,9.9,7.9
4,3,07,02,J180,351907,3525104757977,8,5.4,2.6
66,1,07,02,J18,350950,3525118444530,10,8.4,1.6
6,3,02,02,J218,350160,3525112455623,4,5.1,1.1
11,1,06,02,J210,351907,3525118439777,4,5.0,1.0
1,3,03,02,J210,350950,3525111663359,8,5.3,2.7
10,3,05,02,J960,350950,3525104347435,4,6.2,2.2
28,3,12,01,J342,350950,3525135789945,1,1.6,0.6
2,3,11,02,J219,353180,3525104936573,4,5.3,1.3
91,3,12,02,J189,350950,3525135167444,7,7.0,0.0
9,3,12,02,J189,350950,3525104517165,2,5.1,3.1
16,1,09,01,J342,350950,3525121266469,1,1.5,0.5
38,3,01,01,J329,352050,3524102872796,1,1.6,0.6
49,1,06,02,J189,352340,3525111558826,7,8.6,1.6
1,1,07,02,J960,350950,3525121217596,3,7.9,4.9
7,1,07,02,J189,350950,3525121196432,7,5.0,2.0
62,1,03,02,J81,353710,3525111699428,4,11.6,7.6
73,3,06,02,J91,352050,3525122779673,8,9.7,1.7
9,3,03,02,J960,353650,3525116096711,5,6.3,1.3
90,1,12,02,J189,350950,3525135806434,25,7.5,17.5
42,3,07,02,J180,351907,3525124270767,20,7.6,12.4
2,3,05,02,J210,355670,3525114257390,6,5.3,0.7
7,3,04,01,J352,352340,3525111544999,1,1.5,0.5
8,1,08,02,J210,350950,3525121258978,1,5.0,4.0
73,1,08,02,J189,352050,3525124526605,7,8.5,1.5
8,3,01,02,J219,350950,3524130867576,7,5.1,1.9
1,1,06,02,J189,350950,3525118454176,2,5.5,3.5
69,1,06,01,J955,350950,3525121174509,1,5.8,4.8
38,3,11,02,J450,353710,3525134931043,2,5.8,3.8
28,3,05,02,J459,352340,3525111551588,5,5.0,0.0
79,1,08,02,J960,350950,3525121193000,1,9.8,8.8
10,3,10,02,J961,350380,3525104478050,7,6.2,0.8
4,3,06,02,J80,350950,3525121187588,3,7.2,4.2
2,3,07,02,J218,350950,3525121185366,3,5.3,2.3
8,1,11,02,J210,350950,3525128246816,8,5.1,2.9
1,3,09,02,J459,350950,3525123479174,2,3.9,1.9
3,1,04,02,J189,352050,3525116063645,11,5.4,5.6
55,3,02,02,J189,351280,3525113375652,2,8.1,6.1
2,3,04,02,J159,350950,3525118376472,4,5.3,1.3
68,3,09,02,J189,352470,3525130107037,9,8.5,0.5
72,3,06,02,J159,350160,3525121526058,4,8.5,4.5
44,1,08,02,J451,352050,3525126506430,6,6.8,0.8
73,1,01,02,J940,350950,3524130874748,8,9.9,1.9
4,3,03,02,J459,354580,3525111503947,3,3.2,0.2
9,3,11,02,J159,350950,3525135786910,6,5.1,0.9
56,1,09,02,J851,351907,3525121273817,15,10.9,4.1
39,3,07,02,J168,353180,3525126071236,6,7.1,1.1
46,1,09,02,J189,354580,3525128641859,18,8.2,9.8
2,1,03,02,J40,351905,3525104312081,31,3.6,27.4
6,1,01,02,J219,351907,3525114199332,3,5.1,2.1
8,3,11,02,J189,350950,3525128230448,6,5.1,0.9
1,3,06,01,J189,355620,3525125774445,3,6.2,3.2
69,3,03,02,J81,350950,3525111651886,10,9.8,0.2
10,1,04,02,J210,350950,3525118375229,2,5.0,3.0
1,3,08,02,J189,355620,3525128554035,4,5.4,1.4
2,1,07,02,J121,350950,3525121192956,4,5.5,1.5
4,3,02,02,J431,350950,3525111649500,3,3.2,0.2
64,3,01,02,J441,350950,3524130867873,3,7.6,4.6
36,3,02,02,J36,355670,3524102893707,2,4.1,2.1
92,1,09,02,J449,353650,3525133185618,3,6.6,3.6
4,3,10,02,J189,352340,3525111584522,3,5.4,2.4
52,1,12,02,J938,352340,3525112231795,5,10.4,5.4
2,1,05,02,J459,354580,3525118977809,3,3.6,0.6
20,1,06,01,J342,351905,3525104765369,2,1.5,0.5
50,3,09,02,J459,351280,3525133189810,7,6.2,0.8
1,1,09,02,J218,354580,3525128646920,2,5.5,3.5
89,1,09,02,J189,350950,3525128155582,16,7.3,8.7
57,1,04,02,J189,350950,3525118384139,17,9.3,7.7
2,1,09,02,J960,353180,3525104869990,16,8.4,7.6
11,3,04,02,J218,350950,3525118372006,7,5.1,1.9
76,3,06,02,J960,355240,3525104745976,13,9.7,3.3
52,3,11,02,J36,353650,3525135272032,1,4.4,3.4
4,3,05,02,J960,350950,3525118408581,4,7.1,3.1
1,1,05,02,J219,350950,3525118426412,14,5.4,8.6
10,1,06,02,J219,353710,3525124148645,5,5.0,0.0
7,1,11,02,J960,350950,3525135789000,1,6.3,5.3
2,1,02,02,J960,350160,3525104624459,3,8.4,5.4
19,1,04,02,J218,350950,3525118392048,1,6.6,5.6
7,3,12,02,J984,353710,3525104983521,44,6.2,37.8
39,1,06,02,J189,351280,3525122822914,3,8.4,5.4
33,3,02,02,J459,350950,3525111634770,2,7.5,5.5
1,1,10,02,J20,352470,3525132977905,7,5.4,1.6
6,1,06,02,J180,350950,3525118451481,12,5.1,6.9
60,1,02,02,J441,350950,3525111626102,5,8.1,3.1
91,3,08,02,J189,354580,3525128642277,10,7.2,2.8
49,1,08,02,J90,352050,3525122805138,6,9.8,3.8
2,1,09,02,J960,350950,3525121271254,10,8.4,1.6
3,1,09,02,J180,351907,3525131905427,4,5.4,1.4
11,1,05,01,J352,352340,3525111552325,1,1.5,0.5
1,1,06,02,J960,354580,3525104750651,5,7.9,2.9
78,3,05,02,J189,350950,3525118408636,9,8.1,0.9
52,1,11,02,J189,355620,3525133624518,4,9.0,5.0
2,3,08,02,J90,350950,3525121219235,41,7.3,33.7
8,1,02,02,J180,354580,3525111501769,2,5.1,3.1
47,1,12,02,J180,350950,3525104514129,3,8.6,5.6
64,3,09,01,J339,353650,3525104436700,3,1.6,1.4
2,1,04,02,J159,350950,3525114249459,2,5.5,3.5
75,1,08,02,J189,352050,3525122804753,30,8.6,21.4
71,3,06,02,J969,350160,3525121528270,1,9.7,8.7
53,1,11,02,J158,352470,3525134389601,7,8.5,1.5
2,1,05,02,J210,352050,3525119127222,4,5.5,1.5
4,1,06,02,J218,351907,3525124269568,6,5.4,0.6
36,1,04,02,J189,353650,3525118896420,4,8.8,4.8
3,3,06,02,J189,350950,3525118414060,2,5.4,3.4
2,1,06,02,J210,351907,3525104749276,4,5.5,1.5
6,1,08,02,J219,350950,3525121246669,2,5.1,3.1
6,1,09,02,J219,350950,3525128179386,4,5.1,1.1
2,1,04,02,J210,353650,3525118898136,8,5.5,2.5
39,3,02,02,J188,355240,3525100233336,7,6.8,0.2
7,1,08,02,J18,353650,3525126440286,6,5.0,1.0
75,1,03,01,J679,354580,3524102914178,27,7.9,19.1
86,3,01,02,J189,350950,3524130873780,6,7.4,1.4
27,3,02,02,J188,350950,3525100237593,6,7.1,1.1
76,1,12,02,J449,350160,3525136709578,7,8.6,1.6
66,3,05,02,J188,350950,3525118402333,5,8.3,3.3
36,1,10,02,J960,352340,3525111585270,9,10.1,1.1
80,1,01,02,J449,350950,3524128677113,10,8.1,1.9
8,1,06,02,J129,350160,3525121526883,1,5.0,4.0
51,1,04,02,J189,351905,3525117003045,8,8.9,0.9
0,3,10,02,J450,350950,3525128188110,4,4.5,0.5
4,3,07,02,J459,350950,3525121188083,2,3.3,1.3
3,1,12,02,J80,350950,3525135802122,17,7.2,9.8
66,1,10,02,J441,351280,3525131647059,13,8.4,4.6
9,1,05,02,J210,354580,3525118978447,3,5.1,2.1
6,3,09,02,J189,350950,3525128180288,14,5.1,8.9
6,3,02,02,J189,355620,3525116074260,5,5.1,0.1
1,3,04,02,J210,350950,3525111690705,4,5.3,1.3
2,1,11,02,J181,352470,3525134390481,3,5.5,2.5
65,3,10,02,J450,353710,3525134931021,2,7.6,5.6
37,3,11,02,J960,354580,3525128659404,9,8.3,0.7
14,1,06,02,J960,351907,3525104745998,8,7.5,0.5
2,1,08,02,J459,351907,3525128999249,2,3.6,1.6
61,1,04,02,J189,350950,3525118375317,2,8.8,6.8
67,1,07,02,J441,350160,3525125928797,1,8.4,7.4
56,3,02,02,J189,351280,3525113374816,5,8.1,3.1
36,1,01,01,J955,353650,3524102879605,9,5.8,3.2
3,1,05,02,J80,350950,3525118430372,3,7.2,4.2
3,1,01,02,J459,350950,3524130866400,3,3.3,0.3
2,1,05,02,J180,350950,3525118410275,1,5.5,4.5
68,1,09,02,J81,352340,3525111578990,3,10.0,7.0
4,3,06,02,J80,350950,3525118442758,21,7.2,13.8
7,3,11,01,J351,350950,3525128227951,1,1.5,0.5
1,3,11,02,J040,350160,3525134326880,1,3.4,2.4
11,3,07,01,J351,350950,3525121192428,1,1.5,0.5
70,1,06,02,J189,353650,3525120503113,22,8.6,13.4
6,1,07,02,J431,350950,3525121189216,4,3.2,0.8
65,3,07,02,J960,353340,3525121422713,13,9.4,3.6
1,3,01,02,J189,354580,3525111494685,6,5.3,0.7
49,3,09,02,J81,350950,3525128177054,16,9.6,6.4
27,1,09,02,J180,350160,3525128576596,20,7.2,12.8
4,1,09,02,J960,353340,3525104836968,4,7.2,3.2
96,3,11,02,J189,353710,3525134931274,6,7.2,1.2
82,3,04,02,J189,350950,3525104320320,6,7.8,1.8
63,3,12,02,J448,350160,3525136708863,7,7.3,0.3
3,1,09,02,J189,350950,3525128162600,5,5.4,0.4
10,3,01,02,J189,350950,3525111615619,1,5.1,4.1
65,1,01,02,J90,352050,3525111464040,12,9.6,2.4
6,1,01,02,J459,350950,3524102875293,3,3.2,0.2
72,3,04,02,J189,350950,3525118385470,22,8.4,13.6
8,1,07,02,J21,350950,3525118435993,2,5.0,3.0
8,1,10,02,J960,353180,3525104918973,4,6.2,2.2
57,1,01,02,J90,350950,3525111603112,1,9.3,8.3
41,1,01,02,J81,350950,3524102869155,7,8.7,1.7
58,3,06,02,J90,354580,3525117685034,11,11.0,0.0
53,1,07,02,J189,352470,3525124148282,1,8.5,7.5
1,3,08,02,J180,350950,3525121233601,7,5.4,1.6
1,1,07,02,J041,351907,3525104390126,2,3.0,1.0
78,3,10,02,J938,351907,3525131909816,6,9.6,3.6
1,3,12,02,J219,350950,3525135823693,8,5.3,2.7
9,1,08,02,J219,350950,3525104826683,2,5.0,3.0
7,3,11,02,J180,355620,3525133625387,4,5.1,1.1
4,1,11,02,J80,350950,3525128251392,32,7.2,24.8
11,3,07,02,J15,353650,3525126437481,5,5.1,0.1
6,3,01,02,J930,350950,3524130874253,1,6.5,5.5
10,1,06,02,J46,353710,3525121331149,4,3.1,0.9
77,3,05,02,J189,352340,3525111552303,6,7.8,1.8
2,3,09,02,J91,352050,3525126534226,4,7.3,3.3
53,3,11,02,J189,353650,3525135267302,15,7.9,7.1
42,1,11,02,J81,353650,3525135271010,1,8.7,7.7
12,1,04,02,J128,355670,3525114249151,2,6.1,4.1
6,1,10,02,J041,350950,3525128197767,14,3.2,10.8
1,3,07,02,J90,350950,3525121188094,13,7.5,5.5
4,3,02,02,J459,350950,3525111639335,3,3.2,0.2
85,3,11,02,J90,355240,3525135270570,1,9.8,8.8
1,3,10,02,J960,350950,3525128210307,15,7.5,7.5
25,3,08,02,J391,350950,3525128947142,5,3.4,1.6
1,3,04,02,J159,350950,3525118375614,4,5.3,1.3
3,1,07,02,J459,350950,3525121184618,4,3.3,0.7
1,3,11,02,J80,350950,3525128248620,27,7.5,19.5
48,1,04,01,J323,353650,3525104688160,1,1.6,0.6
2,3,12,02,J90,352050,3525134289556,7,7.2,0.2
8,1,04,02,J210,352050,3525116071345,6,5.1,0.9
2,1,10,02,J218,352050,3525131790983,2,5.5,3.5
72,3,06,02,J189,350950,3525118451987,8,8.5,0.5
31,3,05,01,J342,350950,3525118412398,1,1.6,0.6
6,1,03,02,J431,350950,3525111658750,3,3.2,0.2
1,1,03,02,J219,350950,3525111677637,1,5.4,4.4
1,1,10,02,J960,353650,3525104480535,5,8.1,3.1
85,1,11,02,J189,350950,3525128224838,2,7.7,5.7
69,3,07,02,J100,351515,3525120649754,24,8.5,15.5
4,1,08,02,J210,353650,3525126438691,4,5.4,1.4
9,3,08,02,J960,350950,3525121263653,3,6.3,3.3
67,3,09,01,J329,352050,3525104441738,3,1.6,1.4
2,3,12,02,J189,350950,3525135798008,9,5.3,3.7
99,1,11,02,J189,355620,3525133624738,6,6.3,0.3
73,1,09,02,J069,350950,3525121267833,3,4.0,1.0
66,1,03,02,J150,350950,3525111681344,11,8.4,2.6
62,3,04,01,J342,351907,3525501551737,1,1.6,0.6
6,3,07,02,J159,355240,3525104392931,2,5.1,3.1
20,3,12,02,J36,350950,3525135810900,4,3.2,0.8
1,1,12,02,J960,351907,3525104941259,2,8.1,6.1
3,3,09,02,J158,350950,3525128170168,5,5.4,0.4
7,1,06,02,J459,350950,3525118444683,1,3.2,2.2
67,1,06,02,J90,352050,3525119143876,12,9.8,2.2
5,3,04,02,J210,355240,3525118895793,2,5.3,3.3
89,3,03,02,J189,355240,3525116095787,2,7.4,5.4
12,1,07,02,J159,350950,3525104396759,3,6.1,3.1
57,3,12,02,J189,355240,3525135818567,7,8.3,1.3
32,1,03,02,J180,353200,3525113708193,4,7.9,3.9
60,3,07,02,J189,353340,3525121422670,33,8.9,24.1
3,3,06,02,J219,350950,3525118440756,4,5.4,1.4
72,3,09,02,J960,352340,3525111576096,2,9.7,7.7
5,3,08,02,J960,350950,3525104415130,3,6.6,3.6
1,3,04,02,J960,350950,3525118892856,3,7.5,4.5
1,3,07,02,J210,350160,3525125926938,2,5.4,3.4
7,1,08,02,J989,352470,3525128320296,1,6.4,5.4
48,3,11,02,J449,354580,3525128658370,6,6.3,0.3
62,1,05,02,J189,354580,3525118977281,2,8.7,6.7
64,1,09,02,J189,355620,3525128556500,8,8.4,0.4
5,1,12,02,J80,350950,3525135792860,6,6.6,0.6
64,3,06,02,J189,351907,3525124267918,5,8.3,3.3
3,3,10,02,J181,350160,3525131764275,29,5.4,23.6
53,3,08,02,J159,355670,3525114271745,2,7.9,5.9
14,3,10,02,J960,350950,3525104457391,3,7.8,4.8
81,1,07,02,J189,350160,3525125926498,4,7.9,3.9
8,1,02,02,J189,354580,3525111499327,2,5.1,3.1
73,1,07,02,J441,353710,3525121462490,4,8.1,4.1
37,1,11,01,J342,352050,3525104922889,1,1.6,0.6
38,3,04,01,J342,350380,3525104683914,2,1.6,0.4
70,1,12,02,J189,350950,3525135796160,2,8.5,6.5
63,3,01,01,J841,350160,3524102886832,32,6.8,25.2
39,1,06,02,J980,350160,3525121526322,12,9.5,2.5
69,1,07,02,J180,350950,3525121197367,20,8.6,11.4
49,1,01,02,J960,351280,3525113373419,3,9.8,6.8
44,1,08,02,J159,355670,3525114272670,5,8.2,3.2
74,1,07,02,J189,352050,3525122791828,14,8.5,5.5
68,3,03,02,J960,352050,3525116069850,25,9.5,15.5
53,1,10,02,J938,350950,3525128223606,8,9.9,1.9
73,3,08,02,J189,350160,3525128567180,1,8.5,7.5
1,3,06,02,J218,350950,3525121177413,3,5.4,2.4
84,1,03,02,J81,350950,3524130878829,1,10.0,9.0
64,1,05,02,J158,350950,3525118422265,4,8.4,4.4
1,1,04,02,J219,350950,3525111697350,2,5.4,3.4
69,1,04,02,J189,350950,3525118369355,5,8.5,3.5
10,1,08,02,J218,354580,3525128641914,2,5.0,3.0
66,3,11,02,J441,350950,3525135785920,16,7.8,8.2
6,1,08,02,J960,355240,3525126442948,6,6.7,0.7
9,3,06,02,J189,352340,3525111556110,8,5.1,2.9
5,3,05,02,J189,351515,3525118719310,3,5.3,2.3
53,3,06,02,J91,350950,3525104373736,1,9.7,8.7
76,1,10,02,J041,350950,3525128216951,3,4.9,1.9
4,1,01,02,J219,350950,3524130867653,2,5.4,3.4
8,1,02,02,J459,354580,3525104627968,2,3.2,1.2
1,1,05,02,J189,350950,3525118403444,10,5.4,4.6
7,3,07,02,J159,350950,3525121190679,18,5.1,12.9
3,3,01,02,J450,350950,3524130864936,1,3.2,2.2
6,3,07,02,J459,353650,3525126436513,4,3.2,0.8
50,3,07,02,J960,350950,3525121212503,3,10.1,7.1
24,1,10,02,J91,355240,3525104917972,1,7.9,6.9
54,3,04,02,J90,352050,3525116065460,4,9.9,5.9
82,1,02,02,J189,355670,3524132025250,6,7.9,1.9
22,3,01,01,J342,350950,3525111606962,1,1.5,0.5
3,3,10,02,J960,353180,3525104916498,2,7.1,5.1
28,3,07,02,J219,350380,3525104404350,5,6.6,1.6
38,1,06,02,J960,352470,3525124148205,18,8.5,9.5
46,3,11,02,J869,353340,3525130498263,11,9.7,1.3
10,3,12,02,J189,352340,3525111591793,2,5.1,3.1
44,3,03,02,J46,355240,3525116086668,1,5.7,4.7
21,1,09,02,J969,350950,3525128162270,27,8.4,18.6
1,3,09,02,J960,355240,3525133186311,3,7.5,4.5
1,3,04,02,J219,350950,3525118368541,3,5.3,2.3
30,1,05,02,J969,352050,3525119130764,1,9.0,8.0
9,1,09,02,J219,350950,3525128153019,6,5.0,1.0
1,3,03,02,J219,350950,3525111658794,2,5.3,3.3
34,3,08,02,J189,350160,3525128570579,1,7.3,6.3
46,3,08,02,J180,350950,3525121257560,6,7.9,1.9
49,1,01,02,J91,352340,3525111532130,12,9.8,2.2
70,3,09,02,J90,352050,3525126510455,1,9.7,8.7
3,3,01,02,J219,350950,3525111602870,3,5.4,2.4
1,1,12,02,J219,350950,3525135799724,3,5.4,2.4
83,1,07,02,J189,353340,3525121419336,5,7.9,2.9
1,1,12,02,J189,350950,3525135798349,6,5.4,0.6
57,3,06,02,J189,350950,3525121183694,4,8.4,4.4
54,1,06,02,J449,353650,3525120503454,10,6.8,3.2
1,1,03,02,J960,350950,3525111680354,4,8.1,4.1
2,1,11,02,J960,351280,3525104508387,7,8.4,1.4
8,3,08,02,J069,355240,3525104834438,1,3.4,2.4
56,3,07,01,J441,354800,3525118114320,7,7.5,0.5
53,3,11,02,J189,352050,3525131801092,10,7.9,2.1
3,3,09,02,J219,353650,3525133187367,3,5.4,2.4
3,1,06,02,J189,352470,3525121331810,2,5.4,3.4
4,3,05,01,J353,352340,3525111553733,1,1.5,0.5
71,1,02,02,J969,353650,3525116092993,5,10.3,5.3
1,1,11,02,J960,350950,3525128241833,13,8.1,4.9
1,1,03,02,J180,353340,3525114059159,2,5.4,3.4
1,3,08,02,J210,352050,3525126513502,1,5.4,4.4
85,3,12,02,J168,353180,3525133167567,2,7.8,5.8
5,3,08,02,J180,350950,3525128555894,1,5.3,4.3
76,3,07,02,J159,355670,3525114269435,9,8.5,0.5
66,1,08,02,J168,353180,3525126071643,1,8.4,7.4
84,3,05,02,J180,355240,3525104725220,2,8.1,6.1
8,3,11,01,J353,350950,3525128224684,1,1.5,0.5
2,3,04,02,J219,350950,3525118377891,5,5.3,0.3
1,1,08,02,J960,350950,3525121230532,1,7.9,6.9
6,3,09,02,J46,355620,3525128558611,4,3.2,0.8
10,3,08,02,J459,350950,3525104826870,2,3.2,1.2
6,1,04,02,J189,355670,3525114252231,1,5.1,4.1
6,1,09,02,J189,352050,3525126523479,4,5.1,1.1
9,3,02,02,J960,350950,3525111648465,6,6.3,0.3
59,3,11,02,J189,350950,3525128224431,5,8.5,3.5
11,1,10,02,J359,350950,3525104477587,12,3.3,8.7
4,3,09,02,J189,350950,3525128160037,13,5.4,7.6
54,1,12,02,J81,355240,3525104941710,13,10.5,2.5
72,3,11,02,J189,354800,3525111588900,6,8.4,2.4
5,3,04,01,J955,350950,3525104321410,2,5.6,3.6
75,3,08,02,J189,350950,3525121237792,7,8.5,1.5
75,3,10,02,J96,350950,3525128222330,7,9.9,2.9
2,1,11,02,J960,350950,3525128231592,10,8.4,1.6
5,1,02,02,J210,350950,3524132028109,1,5.3,4.3
11,1,11,02,J219,351907,3525135164287,4,5.0,1.0
61,1,08,02,J189,352050,3525126517319,9,8.8,0.2
34,1,07,02,J189,352340,3525111564194,4,8.3,4.3
40,1,10,02,J159,350160,3525131765749,8,8.1,0.1
31,1,01,02,J189,352050,3524131574898,3,7.9,4.9
1,1,11,02,J180,350950,3525135783499,3,5.4,2.4
55,3,03,02,J159,350950,3525111669046,7,8.1,1.1
10,3,10,02,J960,350380,3525104459679,4,6.2,2.2
81,3,07,02,J951,350950,3525118459995,1,9.4,8.4
69,3,10,02,J159,355670,3525123485026,6,8.5,2.5
51,1,03,02,J180,350160,3525116084578,1,8.9,7.9
58,3,05,02,J189,350950,3525118432870,6,8.5,2.5
9,1,09,02,J960,352050,3525126523886,2,6.2,4.2
30,1,08,01,J328,355620,3525104415888,2,1.6,0.4
93,3,03,02,J189,355620,3525116078132,7,7.1,0.1
70,1,09,02,J449,350950,3525133186344,2,8.3,6.3
39,1,12,02,J938,350950,3525135794279,5,10.1,5.1
8,3,03,02,J36,350950,3525111682829,1,3.4,2.4
10,1,05,02,J21,350950,3525118415995,1,5.0,4.0
92,3,08,02,J11,350950,3525121257845,1,7.2,6.2
2,1,08,02,J209,350950,3525121244084,1,5.5,4.5
12,3,12,02,J353,351515,3525134989960,1,3.4,2.4
5,1,08,02,J459,352050,3525126509003,3,3.2,0.2
65,1,05,02,J960,352050,3525119129653,7,9.6,2.6
88,1,09,02,J159,352470,3525132976387,6,7.3,1.3
16,1,11,02,J188,350950,3525128229953,6,6.5,0.5
2,3,12,02,J218,351907,3525136920790,10,5.3,4.7
80,1,12,02,J440,350950,3525135793696,8,8.1,0.1
1,1,07,02,J960,352050,3525122792752,7,7.9,0.9
3,1,05,02,J069,350950,3525118418448,1,3.4,2.4
1,3,09,02,J960,350950,3525128171576,2,7.5,5.5
9,1,02,02,J040,351907,3525117322771,7,3.2,3.8
1,3,11,02,J960,350950,3525128241514,9,7.5,1.5
48,3,08,02,J189,350950,3525121248473,17,8.1,8.9
75,1,09,02,J93,353650,3525133189787,1,10.2,9.2
6,3,11,02,J80,350950,3525128228193,4,6.5,2.5
24,1,08,01,J342,350380,3525104858968,2,1.5,0.5
1,1,02,02,J219,352050,3525111478944,3,5.4,2.4
55,3,12,02,J44,355240,3525135791320,1,6.4,5.4
55,1,01,01,J339,351905,3524102868924,2,1.6,0.4
50,1,11,02,J81,352470,3525134391812,5,10.4,5.4
35,3,09,01,J342,355670,3525104893618,2,1.6,0.4
1,1,03,02,J159,350950,3525111675888,3,5.4,2.4
75,3,01,02,J18,350950,3524130872427,22,8.6,13.4
78,1,08,02,J180,350160,3525128573802,6,8.1,2.1
27,3,11,02,J938,355620,3525133624133,11,8.3,2.7
7,1,05,02,J189,354580,3525118975180,11,5.2,5.8
2,1,05,02,J210,351515,3525118706230,5,5.5,0.5
7,3,08,02,J960,353200,3525104416416,5,6.3,1.3
54,1,10,02,J81,355240,3525104877910,8,10.5,2.5
71,1,06,02,J44,350950,3525118461106,5,8.2,3.2
1,1,08,02,J219,355240,3525104832678,4,5.5,1.5
67,3,03,02,J189,353710,3525111700033,6,8.4,2.4
2,3,04,02,J459,350950,3525111697338,2,3.4,1.4
21,1,09,02,J189,350950,3525128183324,35,7.0,28.0
77,3,05,02,J449,352340,3525111550895,10,7.2,2.8
5,1,07,02,J210,350950,3525121201250,9,5.3,3.7
64,1,04,02,J90,350950,3525118391080,1,9.7,8.7
56,1,11,02,J189,355620,3525133625300,10,9.3,0.7
16,3,01,02,J189,355240,3525111774459,2,6.5,4.5
5,3,02,02,J960,355240,3524102900516,3,6.5,3.5
57,1,06,02,J189,350160,3525121529160,7,9.5,2.5
77,3,12,02,J189,355620,3525135140164,8,7.8,0.2
82,3,08,02,J459,350950,3525121263048,2,7.6,5.6
5,1,10,02,J969,350950,3525104465146,2,6.6,4.6
57,3,04,02,J91,352340,3525111543778,8,8.6,0.6
7,1,02,02,J431,350950,3525111643834,2,3.2,1.2
4,3,10,02,J431,350950,3525128195083,3,3.2,0.2
40,1,11,02,J930,350380,3525134277291,2,10.1,8.1
28,1,05,02,J210,352050,3525119125418,2,7.5,5.5
62,3,01,01,J342,353650,3525104597718,1,1.6,0.6
88,3,03,02,J189,355620,3525116079199,4,7.4,3.4
3,3,07,02,J431,350950,3525121210292,7,3.3,3.7
5,3,04,02,J180,354580,3525118974355,3,5.3,2.3
1,1,09,02,J459,351907,3525131906362,2,4.1,2.1
66,3,12,02,J189,354580,3525128660438,5,8.3,3.3
3,3,10,02,J180,353200,3525111579649,4,5.4,1.4
32,1,03,02,J36,350950,3525111685975,1,3.6,2.6
89,1,09,02,J189,350950,3525128169464,6,7.3,1.3
27,1,09,02,J219,355240,3525126441640,4,7.2,3.2
13,3,10,02,J219,350950,3525128212661,1,6.2,5.2
67,3,10,02,J441,351280,3525131646510,5,7.9,2.9
5,1,12,02,J219,350950,3525135815520,8,5.3,2.7
9,1,02,02,J958,351907,3524102899086,4,6.2,2.2
58,3,11,02,J449,352340,3525111589330,4,7.9,3.9
3,1,07,02,J180,352050,3525122801618,8,5.4,2.6
77,3,12,02,J189,353710,3525137025344,5,7.8,2.8
75,3,06,02,J960,350950,3525118442110,11,9.8,1.2
10,3,04,02,J219,350950,3525118376780,3,5.1,2.1
3,1,04,02,J210,350950,3525118370774,8,5.4,2.6
9,3,07,02,J189,350950,3525121193088,3,5.1,2.1
7,1,10,02,J960,350380,3525104467710,1,6.3,5.3
69,1,12,02,J98,350950,3525135802485,27,10.2,16.8
2,1,07,02,J218,351907,3525127045550,6,5.5,0.5
35,1,07,02,J15,353650,3525126435325,2,8.3,6.3
58,1,06,02,J189,350160,3525118979822,9,9.5,0.5
1,1,10,02,J219,355240,3525104876942,1,5.4,4.4
6,1,04,02,J159,350950,3525118376461,7,5.1,1.9
43,1,04,02,J189,351280,3525117219800,3,8.0,5.0
7,3,02,02,J458,350950,3525111624628,2,3.2,1.2
29,3,07,02,J188,353650,3525117366100,10,6.6,3.4
39,1,08,02,J90,355240,3525104803242,12,9.5,2.5
4,1,04,02,J459,352470,3525119541768,2,3.3,1.3
8,3,11,02,J219,355240,3525133195309,4,5.1,1.1
5,1,07,02,J960,350950,3525121199919,5,6.7,1.7
7,1,08,01,J352,352340,3525111572521,1,1.5,0.5
7,3,10,02,J189,350950,3525128201298,9,5.1,3.9
86,1,01,02,J189,355670,3524132022598,4,7.4,3.4
61,1,04,02,J18,353180,3525120886034,2,8.8,6.8
1,1,06,02,J458,350950,3525121175169,11,4.1,6.9
13,1,12,02,J189,350950,3525135825222,4,6.1,2.1
2,1,04,02,J189,355620,3525114249778,3,5.5,2.5
50,3,08,02,J81,352050,3525126514910,1,10.1,9.1
83,3,03,02,J90,352470,3525117279585,2,9.5,7.5
12,3,03,02,J189,353340,3525114058532,1,6.2,5.2
82,1,12,02,J189,353710,3525137025510,4,7.9,3.9
2,3,09,02,J159,352050,3525126534996,4,5.3,1.3
62,1,03,02,J81,351280,3525117218470,3,11.6,8.6
83,3,07,02,J81,352340,3525111566317,9,9.4,0.4
61,1,08,02,J189,354580,3525118993110,4,8.8,4.8
34,1,07,02,J189,353340,3525121422889,11,8.3,2.7
7,3,10,02,J46,355620,3525133623099,7,3.2,3.8
8,3,03,02,J960,350950,3525111666220,4,6.3,2.3
42,3,07,02,J189,353650,3525126436821,4,7.6,3.6
55,3,10,02,J91,353180,3525133165642,2,9.8,7.8
46,3,04,02,J189,352050,3525119119126,10,7.8,2.2
52,3,06,02,J100,350160,3525121522516,3,8.2,5.2
50,3,06,02,J128,352050,3525119135681,18,8.4,9.6
11,3,11,02,J459,353650,3525135268424,5,3.2,1.8
5,1,06,02,J219,350950,3525118441801,4,5.3,1.3
16,3,02,01,J351,353200,3525104648527,2,1.5,0.5
5,3,12,02,J189,350950,3525135823121,3,5.3,2.3
65,1,12,02,J189,350950,3525135808755,12,8.4,3.6
12,1,05,02,J210,350160,3525112458703,29,6.1,22.9
7,3,08,02,J960,350950,3525121262949,5,6.3,1.3
1,3,06,02,J219,350950,3525118446113,6,5.4,0.6
27,3,10,02,J960,350950,3525128213497,4,8.3,4.3
45,3,10,02,J960,350950,3525128210461,3,9.2,6.2
48,3,12,02,J81,355620,3525135137920,5,10.1,5.1
6,3,05,02,J189,352340,3525111554130,4,5.1,1.1
47,1,01,02,J189,350950,3524130874033,14,8.6,5.4
8,3,04,02,J210,350950,3525111689066,1,5.1,4.1
15,1,09,01,J343,355620,3525104869583,1,1.5,0.5
73,1,10,02,J960,350950,3525128222451,21,9.9,11.1
51,3,12,02,J189,355670,3525123494904,3,8.4,5.4
2,3,07,02,J210,350950,3525121196421,11,5.3,5.7
90,3,12,02,J158,352470,3525135933550,10,7.4,2.6
46,3,08,02,J189,350160,3525128573110,2,7.9,5.9
84,1,12,02,J189,350950,3525135805026,5,8.0,3.0
83,1,03,02,J189,352470,3525114723647,6,7.9,1.9
50,3,05,02,J449,351907,3525121411504,2,6.2,4.2
83,1,05,02,J159,355670,3525114258402,7,7.9,0.9
64,3,11,02,J189,350950,3525128232660,5,8.3,3.3
89,3,07,02,J159,350950,3525121213515,4,7.4,3.4
7,1,07,02,J960,350950,3525121215286,4,6.4,2.4
85,1,12,02,J938,355620,3525135139780,7,10.1,3.1
60,3,07,02,J159,351280,3525126841137,4,8.9,4.9
63,1,05,02,J942,351905,3525104716749,4,9.6,5.6
74,1,05,02,J189,355670,3525114257852,3,8.5,5.5
14,1,06,02,J188,350950,3525121175345,9,6.3,2.7
63,3,01,02,J189,353650,3525111773030,1,8.2,7.2
5,3,11,02,J039,350950,3525128235321,1,3.3,2.3
3,1,03,02,J969,352050,3525111483620,19,7.2,11.8
1,1,05,02,J459,355240,3525118900259,3,4.1,1.1
3,1,09,02,J960,353650,3525133188148,4,7.2,3.2
64,3,04,02,J938,350950,3525118378727,1,9.3,8.3
33,1,12,02,J180,350950,3525135821394,2,8.5,6.5
2,3,08,02,J80,350950,3525121259396,3,7.3,4.3
6,3,04,02,J218,351907,3525119448444,4,5.1,1.1
9,3,08,02,J960,353650,3525126442684,2,6.3,4.3
80,3,10,02,J189,350160,3525131763054,3,7.8,4.8
7,3,10,02,J219,350950,3525128205148,4,5.1,1.1
1,1,05,02,J960,352470,3525104345785,3,8.1,5.1
64,3,04,02,J189,353340,3525114059874,8,8.3,0.3
11,3,01,02,J960,355240,3525111771170,3,6.4,3.4
48,1,08,02,J90,350950,3525121261519,14,10.4,3.6
10,3,08,02,J459,351907,3525129000723,3,3.2,0.2
30,1,05,02,J938,350950,3525118413905,6,9.0,3.0
77,1,07,02,J189,351515,3525120654033,30,7.9,22.1
57,3,10,02,J441,351280,3525131647290,2,7.7,5.7
1,1,07,02,J459,351907,3525104794630,3,4.1,1.1
11,3,07,02,J158,350950,3525104384582,1,5.1,4.1
1,1,09,01,J960,350950,3525128170003,4,9.3,5.3
74,1,01,02,J159,350950,3525111601154,2,8.5,6.5
1,1,03,02,J189,354580,3525111505916,3,5.4,2.4
48,1,10,01,J181,353340,3525104475300,8,8.2,0.2
28,1,07,01,J931,353180,3525104796818,5,5.6,0.6
70,3,06,02,J189,353710,3525117222627,10,8.5,1.5
3,1,06,02,J189,350950,3525120502068,2,5.4,3.4
11,1,05,02,J210,350950,3525118409098,3,5.0,2.0
29,1,10,02,J180,353200,3525133184639,2,7.5,5.5
70,3,03,02,J110,352050,3525116054780,1,8.5,7.5
38,3,01,02,J189,355620,3524132712419,3,6.8,3.8
10,1,02,02,J36,352340,3525111533592,4,3.3,0.7
1,1,05,02,J80,350950,3525118402861,6,8.1,2.1
6,3,11,02,J218,351907,3525135166938,1,5.1,4.1
7,1,02,02,J459,350950,3525111640402,2,3.2,1.2
55,1,06,02,J180,350950,3525118459478,5,9.5,4.5
12,1,08,02,J459,350950,3525129001724,4,3.2,0.8
85,1,01,02,J189,350160,3524133096847,13,7.7,5.3
7,1,04,02,J180,351907,3525119448510,3,5.2,2.2
2,1,10,02,J960,350950,3525104457590,4,8.4,4.4
35,1,02,02,J459,353180,3525114719126,4,6.9,2.9
9,3,10,02,J80,350950,3525128217941,4,6.3,2.3
83,3,07,02,J18,353180,3525126071049,4,7.8,3.8
35,3,10,02,J189,350950,3525128187515,6,7.3,1.3
29,3,02,02,J189,354580,3525111499426,7,6.6,0.4
3,3,01,01,J960,354580,3524102872818,21,6.2,14.8
63,1,12,02,J180,350950,3525104518672,5,8.2,3.2
73,3,08,02,J159,353340,3525121422922,37,8.5,28.5
3,3,07,02,J459,354580,3525118987456,2,3.3,1.3
57,1,05,02,J189,353650,3525118899137,1,9.3,8.3
72,3,07,02,J118,350950,3525104379456,1,8.5,7.5
94,3,01,02,J180,350950,3524130870502,5,7.0,2.0
76,1,07,02,J189,352050,3525122807371,3,8.6,5.6
1,3,11,02,J188,350950,3525128245496,2,5.3,3.3
73,1,12,02,J80,350950,3525135805235,6,9.9,3.9
48,3,09,01,J342,355670,3525104884862,2,1.6,0.4
5,3,07,02,J218,352050,3525122792972,4,5.3,1.3
1,1,07,02,J189,350950,3525121217530,18,5.5,12.5
1,1,04,02,J069,351907,3525104689106,1,3.0,2.0
81,1,04,02,J18,350950,3525118380938,10,7.9,2.1
5,1,04,02,J960,352050,3525116062930,10,6.6,3.4
9,3,12,02,J80,350950,3525135823671,8,6.3,1.7
1,1,06,02,J80,350950,3525118443088,10,7.9,2.1
58,1,07,02,J189,355620,3525125776700,2,9.5,7.5
84,1,12,02,J189,350950,3525135825409,2,8.0,6.0
7,1,06,02,J459,350950,3525118464714,2,3.2,1.2
87,1,05,02,J189,350950,3525118419020,4,7.4,3.4
4,1,09,02,J969,355620,3525104447931,4,7.2,3.2
3,3,06,02,J448,350950,3525104378400,42,3.3,38.7
84,1,08,02,J189,352050,3525126511930,18,7.8,10.2
54,3,06,02,J449,353650,3525120502684,6,6.5,0.5
1,1,12,02,J80,350950,3525135805499,12,8.1,3.9
6,1,07,02,J189,355620,3525125776800,3,5.1,2.1
49,1,10,02,J938,350160,3525131761459,2,9.8,7.8
71,1,03,02,J449,352050,3525116046782,7,8.4,1.4
56,3,01,02,J449,350950,3524132023027,3,7.5,4.5
4,1,12,02,J11,350950,3525135820723,8,5.4,2.6
53,1,08,02,J929,350950,3525121237187,3,9.9,6.9
4,3,04,02,J129,350160,3525118634400,7,5.4,1.6
7,3,02,02,J47,354800,3524102900813,2,3.2,1.2
2,1,04,02,J459,350950,3525111697460,4,3.6,0.4
5,1,07,02,J431,350950,3525121190998,4,3.2,0.8
1,1,07,02,J068,350950,3525121185311,3,3.0,0.0
90,1,10,02,J449,352340,3525111584907,7,7.2,0.2
25,1,05,02,J218,351907,3525104548526,1,6.7,5.7
40,1,08,02,J180,350950,3525121235196,8,8.0,0.0
1,1,05,02,J210,352050,3525119134251,13,5.4,7.6
46,1,09,02,J180,355240,3525104835472,2,8.2,6.2
1,3,12,02,J459,350950,3525135824100,8,3.9,4.1
1,1,04,02,J960,350950,3525118385118,5,8.1,3.1
2,1,08,02,J219,355620,3525128554189,3,5.5,2.5
6,1,07,02,J459,350950,3525121191823,3,3.2,0.2
1,3,03,02,J210,350950,3525111657815,4,5.3,1.3
4,1,11,02,J80,350950,3525128228260,5,7.2,2.2
32,1,07,02,J36,355620,3525125779428,7,3.6,3.4
1,1,09,02,J960,350950,3525121232160,31,7.9,23.1
2,3,04,02,J960,350950,3525118375262,4,7.2,3.2
35,1,01,02,J189,355620,3525111815005,6,8.3,2.3
6,1,11,02,J80,350950,3525128251832,9,6.6,2.4
35,3,04,02,J069,350950,3525118382600,2,4.1,2.1
19,3,09,02,J180,353180,3525126073030,2,6.3,4.3
4,3,04,02,J960,352050,3525116056550,19,7.1,11.9
76,1,06,02,J189,350160,3525125925068,16,8.6,7.4
46,3,04,02,J959,355240,3525104330220,2,9.7,7.7
21,3,11,02,J159,354580,3525128660251,10,5.6,4.4
80,3,12,02,J189,350950,3525135816477,7,7.8,0.8
10,1,07,02,J450,350950,3525121212789,7,3.1,3.9
10,1,04,02,J459,355240,3525104690536,1,3.1,2.1
24,3,07,02,J039,353340,3525121422119,2,2.9,0.9
68,3,11,01,J959,352050,3525134270427,2,6.1,4.1
63,1,08,02,J840,350950,3525121258659,6,10.2,4.2
66,3,06,02,J189,350950,3525118448885,1,8.3,7.3
5,1,09,02,J219,350950,3525121271331,5,5.3,0.3
64,3,07,02,J90,352050,3525122796910,17,9.4,7.6
74,1,09,02,J158,350160,3525128574517,7,8.5,1.5
3,1,10,02,J459,355240,3525104876711,3,3.3,0.3
55,1,05,02,J189,350950,3525118416028,4,9.3,5.3
5,1,06,02,J158,355240,3525104747263,13,5.3,7.7
1,3,10,02,J110,352050,3525131794162,3,5.3,2.3
3,1,02,02,J218,350950,3524130872537,9,5.4,3.6
50,1,07,02,J189,354580,3525118987731,9,8.9,0.1
2,1,05,02,J180,350160,3525121523484,4,5.5,1.5
77,1,10,02,J930,350950,3525128219790,4,9.7,5.7
27,3,07,01,J342,350950,3525121187104,1,1.6,0.6
1,1,01,02,J210,350950,3525111600758,2,5.4,3.4
7,3,06,02,J189,350950,3525118460710,24,5.1,18.9
40,3,07,01,J351,352340,3525111563886,1,1.6,0.6
6,1,10,02,J210,350950,3525128200660,1,5.1,4.1
77,3,08,02,J159,350160,3525128567895,2,7.8,5.8
5,3,11,02,J050,355670,3525123487611,1,3.3,2.3
25,1,04,01,J438,350950,3525118374503,3,2.7,0.3
78,3,01,02,J189,353650,3525111776219,7,8.1,1.1
32,1,02,02,J189,353340,3525114057762,2,7.9,5.9
89,3,02,02,J189,350950,3525111643790,9,7.4,1.6
7,1,05,02,J210,355240,3525104720632,4,5.2,1.2
50,3,04,02,J189,351280,3525117220097,6,8.4,2.4
45,1,12,02,J90,350950,3525135799328,32,10.1,21.9
44,3,12,02,J960,352340,3525111591331,11,7.6,3.4
1,1,03,02,J180,350950,3525111655550,2,5.4,3.4
9,3,12,02,J459,350160,3525136709512,4,3.2,0.8
1,3,07,02,J210,354800,3525104401929,3,5.4,2.4
62,1,04,02,J180,351907,3525104691438,5,8.7,3.7
84,3,02,02,J180,350950,3525111634847,8,8.1,0.1
39,1,06,02,J189,350950,3525118447620,1,8.4,7.4
2,3,12,02,J180,350950,3525135815179,13,5.3,7.7
1,1,06,02,J219,355240,3525104754633,3,5.5,2.5
72,1,08,02,J189,355620,3525128555290,10,8.5,1.5
76,3,01,02,J188,350950,3524130861009,51,8.6,42.4
2,1,07,02,J960,351907,3525104404712,18,8.4,9.6
55,1,04,02,J189,350950,3525118377209,13,9.3,3.7
10,1,11,02,J80,350950,3525128243472,4,6.0,2.0
6,1,01,02,J180,351907,3525104600853,1,5.1,4.1
3,1,06,02,J449,350950,3525104381414,2,3.3,1.3
78,3,08,02,J81,350950,3525121232920,5,9.6,4.6
21,3,06,02,J188,350950,3525117356453,3,7.5,4.5
87,3,04,02,J159,352050,3525116055220,16,7.4,8.6
89,1,11,02,J189,352050,3525134280470,5,7.4,2.4
4,1,05,02,J210,355240,3525120495017,8,5.4,2.6
58,1,09,02,J960,352470,3525130108060,1,11.9,10.9
5,1,09,02,J218,350950,3525128172082,4,5.3,1.3
67,1,06,02,J069,355620,3525121150870,1,5.0,4.0
1,1,04,02,J449,352050,3525116063414,2,4.1,2.1
10,1,06,02,J459,351515,3525120640800,3,3.1,0.1
4,3,02,02,J459,354580,3525104624668,1,3.2,2.2
89,1,10,02,J189,350950,3525133191558,4,7.4,3.4
10,1,02,02,J431,350950,3525111621340,2,3.1,1.1
60,3,08,02,J449,353650,3525126438119,6,7.7,1.7
25,3,01,02,J90,350160,3525112452466,11,7.9,3.1
4,1,07,02,J218,351907,3525127046243,5,5.4,0.4
22,3,06,02,J36,350950,3525118456013,8,3.5,4.5
39,3,08,02,J189,350160,3525128573550,11,7.1,3.9
55,3,07,02,J180,351280,3525126841621,4,8.2,4.2
77,1,09,01,J80,350950,3525104432322,17,7.7,9.3
42,1,11,02,J189,351907,3525135164661,9,9.0,0.0
67,1,04,02,J180,350950,3525118396756,2,8.5,6.5
39,3,04,02,J969,352050,3525119118840,5,8.6,3.6
1,3,10,02,J960,350950,3525128199550,3,7.5,4.5
1,1,09,02,J960,354580,3525104438757,3,7.9,4.9
17,3,04,02,J219,350950,3525118394446,2,6.5,4.5
70,1,07,02,J188,350950,3525121186774,2,8.6,6.6
3,1,07,02,J210,350950,3525104400829,8,5.4,2.6
7,1,10,02,J960,351907,3525104918687,5,6.3,1.3
2,1,09,02,J459,350950,3525128179200,6,3.6,2.4
65,3,10,02,J960,352340,3525104461494,11,9.3,1.7
7,1,05,02,J210,350950,3525118419174,28,5.2,22.8
46,1,03,02,J180,350160,3525116087670,18,8.2,9.8
20,3,12,02,J36,350950,3525135817797,2,3.2,1.2
40,1,04,02,J90,350950,3525118392191,6,10.1,4.1
61,3,10,02,J90,350950,3525128223474,27,11.3,15.7
1,1,08,02,J180,355620,3525128555971,3,5.5,2.5
7,1,09,02,J80,350950,3525128160774,17,6.4,10.6
2,1,07,02,J960,355240,3525104398321,5,8.4,3.4
6,3,06,02,J459,351907,3525104747472,4,3.2,0.8
31,1,10,02,J969,350950,3525128220328,8,8.8,0.8
55,1,05,01,J181,355240,3525115459998,6,11.3,5.3
2,1,06,02,J189,352050,3525122786218,3,5.5,2.5
34,3,10,02,J039,353650,3525133190535,2,3.9,1.9
6,3,12,02,J069,352340,3525111592740,1,3.3,2.3
11,3,06,02,J219,350950,3525118451074,4,5.1,1.1
14,3,08,02,J459,352050,3525126513073,1,3.4,2.4
7,1,02,02,J980,350950,3525111640127,4,6.3,2.3
4,1,05,02,J210,352050,3525119140840,5,5.4,0.4
4,1,04,02,J960,355240,3525118894605,6,7.2,1.2
5,1,06,02,J219,350950,3525104754545,3,5.3,2.3
2,3,05,02,J40,350950,3525104347149,1,3.4,2.4
91,1,06,02,J189,353650,3525120502442,22,7.2,14.8
46,1,04,02,J690,353340,3525104662167,20,9.7,10.3
7,3,07,02,J188,350950,3525121188578,4,5.1,1.1
62,1,01,02,J439,350950,3524130861064,12,7.7,4.3
5,1,07,02,J952,350950,3525121212877,23,6.7,16.3
9,3,01,02,J219,350950,3524130859139,6,5.1,0.9
1,3,05,02,J218,350950,3525118404050,1,5.3,4.3
2,1,04,02,J980,355620,3525104319176,4,8.4,4.4
1,1,07,02,J218,351907,3525127043108,3,5.5,2.5
1,1,06,02,J219,352470,3525124148392,8,5.5,2.5
87,3,11,02,J189,355620,3525133625850,4,7.4,3.4
3,1,08,02,J459,351907,3525129000063,2,3.3,1.3
7,3,04,02,J46,355620,3525118470522,3,3.2,0.2
21,3,08,01,J352,353340,3525104830258,1,1.5,0.5
7,1,05,02,J80,353710,3525118417667,5,6.3,1.3
2,3,12,02,J159,355670,3525123492308,2,5.3,3.3
12,1,02,02,J449,351907,3525116092190,3,3.2,0.2
18,1,11,01,J942,350950,3525104500247,3,5.6,2.6
61,3,05,02,J449,350950,3525118408097,1,7.0,6.0
4,1,06,02,J218,350950,3525118451900,3,5.4,2.4
88,3,03,02,J189,352470,3525114723900,12,7.4,4.6
45,1,04,02,J180,353200,3525113708369,2,8.6,6.6
9,1,12,02,J210,350950,3525135806786,7,5.1,1.9
57,3,06,02,J959,352050,3525119143183,2,8.8,6.8
13,1,10,02,J189,355620,3525133621273,4,6.1,2.1
10,1,07,02,J210,352050,3525122800397,2,5.0,3.0
74,1,09,02,J449,353650,3525126443388,2,8.0,6.0
14,3,04,01,J342,350950,3525111690914,1,1.5,0.5
6,3,01,02,J219,352050,3524131574843,3,5.1,2.1
2,1,12,02,J189,355620,3525111596061,2,5.5,3.5
39,1,02,02,J189,353650,3525116091673,1,8.3,7.3
11,1,06,02,J189,352340,3525111557176,3,5.0,2.0
9,1,11,02,J459,350950,3525128230371,8,3.2,4.8
11,1,06,02,J459,354580,3525104750761,4,3.1,0.9
75,3,02,02,J180,350950,3525111618413,4,8.6,4.6
21,3,06,02,J189,354580,3525118986697,2,7.5,5.5
16,3,02,01,J343,350160,3525104648538,2,1.5,0.5
7,1,04,02,J180,350950,3525118393159,6,5.2,0.8
80,1,05,02,J159,354800,3525104348106,1,7.9,6.9
5,1,05,02,J219,350950,3525118419086,1,5.3,4.3
46,1,07,01,J90,351907,3525101662060,38,6.9,31.1
75,1,03,02,J441,350950,3525111685447,2,8.6,6.6
1,3,06,02,J210,352340,3525111557869,1,5.4,4.4
1,1,11,02,J21,352470,3525134390976,7,5.4,1.6
78,1,04,02,J189,351280,3525117219217,2,8.1,6.1
84,3,06,02,J439,352470,3525121331941,6,8.6,2.6
6,3,11,02,J210,352050,3525134277830,4,5.1,1.1
8,1,09,02,J210,350950,3525121268064,4,5.0,1.0
19,3,06,01,J342,350160,3525104754314,1,1.5,0.5
72,3,09,02,J189,351280,3525131645871,8,8.5,0.5
65,1,02,02,J110,352470,3525114722580,7,8.4,1.4
4,1,03,02,J960,350950,3525111677770,1,7.2,6.2
17,1,09,02,J180,350950,3525121271750,3,6.5,3.5
70,3,08,02,J189,354580,3525128642167,11,8.5,2.5
45,1,03,01,J955,350950,3525111674800,2,7.5,5.5
7,3,08,02,J459,352050,3525126511819,3,3.2,0.2
43,1,08,01,J351,350950,3525121241466,1,1.6,0.6
6,3,02,02,J459,350950,3525111648773,2,3.2,1.2
1,1,04,02,J960,350950,3525118372039,8,8.1,0.1
31,3,04,02,J180,355240,3525104687511,11,6.9,4.1
2,1,07,02,J960,355240,3525126436250,5,8.4,3.4
3,3,12,02,J80,350950,3525135795258,8,7.1,0.9
86,1,09,02,J18,350950,3525128177901,3,7.4,4.4
4,1,04,02,J219,350950,3525111689363,4,5.4,1.4
67,1,02,02,J81,354580,3525111496610,30,9.7,20.3
43,3,10,01,J391,353710,3525104471669,6,1.6,4.4
73,3,06,02,J440,355620,3525125775270,5,7.9,2.9
1,1,04,02,J960,355240,3525104687489,6,8.1,2.1
94,1,10,02,J189,355670,3525123482177,2,7.4,5.4
1,3,10,02,J80,350950,3525128211748,8,7.5,0.5
73,1,07,02,J938,352050,3525122791014,7,9.9,2.9
9,3,07,02,J219,350950,3525121188006,10,5.1,4.9
82,1,03,02,J960,351907,3525117323860,29,10.5,18.5
9,1,01,02,J188,350950,3525111599031,3,5.1,2.1
1,3,03,02,J159,350950,3525111654119,3,5.3,2.3
1,1,01,02,J989,350950,3524102874622,2,8.1,6.1
80,3,07,02,J189,353710,3525125212290,4,7.8,3.8
2,1,06,02,J80,350950,3525118461568,2,8.4,6.4
4,1,06,02,J210,350160,3525125925178,5,5.4,0.4
73,3,05,02,J189,350950,3525118434827,9,8.4,0.6
88,1,03,02,J189,354580,3525111504354,8,7.4,0.6
5,3,05,02,J159,355670,3525114256774,5,5.3,0.3
88,1,11,02,J189,350950,3525135785303,3,7.4,4.4
9,1,04,02,J459,352470,3525119541020,3,3.2,0.2
57,3,06,02,J938,352050,3525122790024,2,8.8,6.8
81,1,05,02,J91,352340,3525111554943,2,10.5,8.5
13,1,09,02,J450,350950,3525121272233,2,3.2,1.2
4,1,01,02,J180,350950,3524102873962,2,5.4,3.4
1,1,08,02,J218,351907,3525128996939,1,5.5,4.5
5,1,07,02,J128,353650,3525126435490,3,5.3,2.3
46,1,06,02,J93,350380,3525121331908,2,9.4,7.4
64,3,02,02,J18,350950,3525111636244,4,8.3,4.3
35,1,11,02,J189,352050,3525128226950,4,8.3,4.3
8,1,05,02,J960,350950,3525118416842,6,6.2,0.2
71,3,09,02,J189,350950,3525123476622,11,8.5,2.5
67,1,05,02,J180,350160,3525118636259,20,8.5,11.5
79,1,12,01,J90,355620,3525104934890,8,8.8,0.8
1,1,01,02,J459,350950,3525111603827,5,4.1,0.9
3,1,07,02,J210,352050,3525122792532,5,5.4,0.4
62,1,04,02,J159,350950,3525118395293,9,8.7,0.3
3,3,10,02,J219,350950,3525128186767,6,5.4,0.6
35,3,09,02,J159,350160,3525131757466,3,7.3,4.3
1,1,12,02,J180,350950,3525135798130,10,5.4,4.6
1,1,09,02,J218,350950,3525128179441,11,5.5,5.5
1,3,03,02,J210,355670,3525114248282,2,5.3,3.3
82,3,01,02,J189,352050,3524131566307,8,7.8,0.2
1,3,04,02,J159,354580,3525118975466,4,5.3,1.3
71,3,08,02,J180,350950,3525121246482,4,8.5,4.5
1,1,09,02,J219,350950,3525128172192,4,5.5,1.5
2,3,08,02,J219,352470,3525128321660,4,5.3,1.3
6,1,06,02,J180,354580,3525118984508,3,5.1,2.1
75,3,06,02,J189,350950,3525118450370,6,8.5,2.5
58,3,01,01,J984,352050,3525111468032,1,7.2,6.2
45,3,02,02,J189,353650,3525116090496,7,7.5,0.5
71,3,07,02,J80,350950,3525121185729,4,9.7,5.7
8,3,05,02,J458,350950,3525118407723,8,3.2,4.8
3,3,10,02,J180,353200,3525113709799,2,5.4,3.4
5,1,01,01,J955,351907,3524102868980,3,5.6,2.6
51,1,06,02,J189,355670,3525114263352,7,8.9,1.9
9,1,07,02,J960,350950,3525121196938,15,6.2,8.8
4,1,07,02,J459,355240,3525126435710,1,3.3,2.3
31,1,04,01,J323,353650,3525104690569,1,1.6,0.6
9,3,06,02,J219,350950,3525118463768,5,5.1,0.1
51,3,04,01,J342,350950,3525111690991,1,1.7,0.7
7,1,04,02,J218,350950,3525111697580,4,5.2,1.2
2,1,05,02,J159,352050,3525119126848,11,5.5,5.5
30,1,12,02,J188,350950,3525135795874,3,7.6,4.6
3,3,08,02,J80,350950,3525121261057,3,7.2,4.2
4,3,09,02,J459,352050,3525126522863,3,3.3,0.3
36,1,03,02,J189,353710,3525111699659,6,8.8,2.8
40,1,03,02,J448,352050,3525116049356,4,6.6,2.6
64,1,03,01,J342,355240,3525104659362,1,1.6,0.6
48,1,01,02,J91,350950,3524130875562,11,10.4,0.6
85,3,05,02,J449,355620,3525121148274,3,7.7,4.7
6,3,09,02,J189,354580,3525128646809,2,5.1,3.1
68,3,05,02,J91,352340,3525111552523,6,9.5,3.5
69,1,08,02,J189,352340,3525111572367,1,8.6,7.6
9,1,05,02,J210,351907,3525118402322,2,5.1,3.1
88,1,08,02,J159,355240,3525126443069,1,7.3,6.3
77,1,09,02,J189,350950,3525121267778,3,7.9,4.9
12,3,08,01,J352,352340,3525111568319,1,1.5,0.5
1,3,07,02,J980,353650,3525104387508,6,7.5,1.5
73,3,05,02,J189,350950,3525118434805,9,8.4,0.6
81,1,07,02,J449,350950,3525126437338,2,7.8,5.8
2,3,09,02,J988,354800,3525104456016,11,7.3,3.7
4,3,06,02,J219,350950,3525121181846,9,5.4,3.6
9,1,10,02,J189,350950,3525128201210,8,5.1,2.9
1,3,03,02,J969,352470,3525117280311,2,7.5,5.5
7,1,06,02,J219,352470,3525124148458,3,5.0,2.0
74,3,06,02,J189,354580,3525118983551,4,8.4,4.4
6,1,08,02,J980,352470,3525128321011,3,6.7,3.7
1,3,08,02,J189,352050,3525126516208,7,5.4,1.6
47,3,11,02,J189,353650,3525135267478,1,8.0,7.0
41,3,11,02,J938,353180,3525104493845,1,7.9,6.9
58,1,04,02,J18,350950,3525118397647,8,9.2,1.2
2,1,08,02,J989,352050,3525126520245,1,8.4,7.4
79,3,06,02,J90,355670,3525114263363,9,9.5,0.5
26,1,03,01,J959,352050,3525116062589,1,5.5,4.5
76,3,01,02,J180,353180,3525112009364,4,8.6,4.6
3,3,03,02,J459,350950,3525111656352,3,3.2,0.2
1,1,09,02,J960,355240,3525133187048,6,7.9,1.9
53,1,08,02,J180,351907,3525104826815,11,8.5,2.5
64,3,11,02,J80,355240,3525128240469,4,9.3,5.3
3,3,07,02,J45,352470,3525126431937,2,3.3,1.3
69,1,08,02,J441,352050,3525126509641,4,8.3,4.3
11,3,08,01,J342,350950,3525121215715,1,1.5,0.5
52,1,07,02,J159,355670,3525114270172,7,8.8,1.8
91,3,03,02,J159,350950,3525116096821,1,7.0,6.0
86,1,04,02,J189,355620,3525116076878,3,7.4,4.4
36,3,02,02,J158,355240,3525104626956,9,8.2,0.8
1,1,03,02,J218,350950,3525111669981,5,5.4,0.4
64,1,10,01,J322,350950,3525128189352,1,1.6,0.6
82,1,04,02,J159,355620,3525118470600,14,7.9,6.1
5,1,06,02,J80,350950,3525118439876,4,6.7,2.7
1,1,06,02,J210,355240,3525104751938,6,5.5,0.5
16,3,04,01,J342,352340,3525104683936,2,1.5,0.5
14,1,08,02,J458,350950,3525121239772,3,3.3,0.3
3,1,03,02,J458,350950,3525111663601,2,3.3,1.3
31,3,01,01,J353,350160,3525104301060,2,1.6,0.4
72,3,07,02,J100,350950,3525104387805,4,8.5,4.5
66,3,02,02,J449,353650,3525116092410,1,7.8,6.8
60,1,01,02,J942,352470,3525111767892,17,11.2,5.8
8,3,08,02,J988,353710,3525104423380,8,6.5,1.5
2,3,01,02,J189,350950,3524130875530,15,5.3,9.7
19,1,06,02,J36,352050,3525122785162,1,3.4,2.4
85,1,03,02,J129,353710,3525104314336,9,7.7,1.3
46,3,11,01,J321,350950,3525128237818,1,1.6,0.6
74,3,12,01,J383,355240,3525104517242,2,2.0,0.0
7,1,03,02,J960,350950,3525111678803,2,6.3,4.3
3,3,10,02,J960,351907,3525104917323,9,7.1,1.9
4,3,05,02,J218,354580,3525118980735,6,5.4,0.6
21,1,05,02,J219,350950,3525118424443,1,7.2,6.2
1,3,05,02,J100,354580,3525104716859,6,5.3,0.7
5,1,07,02,J158,350950,3525104390005,10,5.3,4.7
1,3,05,02,J069,355240,3525118899203,4,3.4,0.6
10,3,08,02,J980,350950,3525104430023,10,6.2,3.8
27,3,09,02,J36,350160,3525128575529,3,3.4,0.4
85,3,05,02,J181,350950,3525118418790,14,7.8,6.2
4,3,06,02,J459,350950,3525118442219,7,3.3,3.7
89,1,11,02,J180,350950,3525128234881,12,7.4,4.6
67,3,11,02,J189,351907,3525104502304,3,8.4,5.4
3,3,03,02,J218,350950,3525115079080,2,5.4,3.4
8,3,04,02,J431,350950,3525111693224,7,3.2,3.8
68,1,07,02,J189,352050,3525122793962,12,8.5,3.5
57,1,08,02,J960,350160,3525128569809,9,9.9,0.9
1,1,12,02,J180,350950,3525135815234,2,5.4,3.4
8,3,06,02,J180,353340,3525121420250,3,5.1,2.1
64,1,03,02,J16,350950,3525111671356,7,8.4,1.4
48,1,01,02,J960,355240,3524103379720,7,10.4,3.4
41,3,02,01,J91,354580,3525104623062,7,4.4,2.6
32,1,02,02,J90,353710,3525111698790,8,8.8,0.8
3,3,02,02,J459,353650,3525116093301,3,3.2,0.2
24,1,02,02,J91,350950,3525111627213,5,7.9,2.9
40,3,07,02,J449,355620,3525125777173,12,5.8,6.2
18,1,05,02,J219,350950,3525118416908,4,6.6,2.6
1,1,09,02,J960,355240,3525104837650,3,7.9,4.9
11,3,05,02,J210,354580,3525121523363,1,5.1,4.1
4,1,03,02,J431,350950,3525111658739,1,3.3,2.3
52,3,05,02,J960,352050,3525119129576,14,10.2,3.8
85,3,12,02,J960,350160,3525136714055,4,9.8,5.8
89,3,06,02,J189,350160,3525121524420,6,7.4,1.4
75,1,11,02,J189,355240,3525135271372,4,8.6,4.6
5,3,09,02,J219,350950,3525128179914,6,5.3,0.7
71,3,06,02,J189,350950,3525118444342,8,8.5,0.5
32,1,03,02,J180,353200,3525113708204,5,7.9,2.9
45,1,08,02,J180,351905,3525104804221,2,8.3,6.3
1,1,02,02,J069,350950,3525111626267,4,3.0,1.0
75,3,02,02,J189,350950,3525111614783,9,8.6,0.4
64,1,05,02,J180,350160,3525121524155,1,8.4,7.4
15,1,07,02,J36,350160,3525125931646,3,3.3,0.3
2,3,05,02,J960,350950,3525118900480,2,7.2,5.2
89,1,11,02,J449,352050,3525134278809,4,7.1,3.1
9,3,02,02,J218,350950,3525111633714,1,5.1,4.1
68,1,07,02,J449,350950,3525121224450,1,8.4,7.4
2,3,07,02,J459,350950,3525104385187,1,3.4,2.4
1,3,05,02,J218,350950,3525121413847,5,5.3,0.3
25,1,01,01,J955,352050,3525101282901,5,5.1,0.1
7,3,04,02,J219,350950,3525118390728,2,5.1,3.1
52,3,09,02,J189,352470,3525130107136,2,8.2,6.2
8,3,12,02,J219,353710,3525135935410,2,5.1,3.1
75,1,09,02,J159,355240,3525133185695,8,8.6,0.6
89,1,01,02,J189,353650,3525111773700,6,7.4,1.4
12,3,04,02,J180,350160,3525118629307,18,6.2,11.8
6,3,01,02,J180,350950,3524102866922,4,5.1,1.1
71,3,01,02,J441,351907,3524102859574,28,8.1,19.9
2,1,04,02,J210,353650,3525118896211,3,5.5,2.5
64,3,05,02,J960,351905,3525104719829,5,9.3,4.3
1,3,11,02,J158,355240,3525104923516,9,5.3,3.7
8,1,02,02,J219,353710,3525111633330,5,5.1,0.1
63,3,06,02,J449,352050,3525122786504,11,7.7,3.3
58,1,08,02,J180,350160,3525121525244,2,9.5,7.5
5,1,08,02,J189,355670,3525114272010,6,5.3,0.7
7,3,02,02,J459,350950,3525117323156,2,3.2,1.2
63,3,05,01,J329,350950,3525118429195,1,1.6,0.6
68,3,08,02,J440,350950,3525121256558,2,8.2,6.2
66,3,09,02,J449,353200,3525113709667,1,7.8,6.8
6,1,09,02,J180,355670,3525123477843,5,5.1,0.1
1,3,12,02,J189,350950,3525135811967,8,5.3,2.7
93,3,09,02,J80,355620,3525128557050,7,6.3,0.7
54,3,09,02,J938,355620,3525128559645,6,9.9,3.9
1,1,01,02,J960,350160,3525112449661,1,8.1,7.1
1,1,05,02,J219,355240,3525104721072,1,5.4,4.4
71,1,07,02,J441,350160,3525104403744,8,8.2,0.2
8,1,11,02,J80,350950,3525128228171,2,6.2,4.2
93,3,05,02,J188,350950,3525118401640,4,7.1,3.1
7,3,01,02,J459,350950,3525111606808,3,3.2,0.2
72,3,09,02,J189,353180,3525126073250,3,8.5,5.5
57,1,03,02,J90,350950,3524102912396,4,9.3,5.3
1,1,02,02,J960,352050,3525111468065,15,8.1,6.9
64,3,06,02,J96,350950,3525118415192,1,9.4,8.4
64,3,06,02,J180,350950,3525118455640,6,8.3,2.3
41,3,08,02,J158,353650,3525126439142,14,7.6,6.4
1,3,09,02,J158,353340,3525104839630,13,5.4,7.6
3,1,05,02,J180,351907,3525121412175,1,5.4,4.4
6,3,03,02,J459,350950,3525111656275,1,3.2,2.2
3,3,12,02,J069,355240,3525104965459,1,3.3,2.3
53,1,04,02,J938,354580,3525111511889,4,9.9,5.9
10,3,01,02,J219,350950,3525111604135,3,5.1,2.1
4,3,09,02,J46,355620,3525128559711,8,3.3,4.7
79,3,07,02,J189,352050,3525122792686,7,8.0,1.0
51,1,09,02,J189,350950,3525121267877,8,8.9,0.9
5,1,04,02,J36,355240,3525118892020,2,3.3,1.3
7,1,05,01,J955,350950,3525104338525,2,5.5,3.5
31,1,01,02,J128,352340,3525111532470,7,7.9,0.9
88,3,07,02,J159,350950,3525121202768,3,7.4,4.4
51,1,01,02,J949,352470,3525111767474,2,10.4,8.4
76,1,06,02,J158,355240,3525104746560,9,8.6,0.4
62,1,04,02,J189,353650,3525118892262,16,8.7,7.3
65,1,09,02,J91,352470,3525104444235,1,9.7,8.7
8,1,09,02,J21,353650,3525133186685,5,5.0,0.0
5,3,08,02,J210,350160,3525128573098,6,5.3,0.7
3,1,07,02,J459,352340,3525111562973,1,3.3,2.3
10,1,11,02,J158,350950,3525104484154,2,5.0,3.0
4,1,12,02,J960,353200,3525104982080,6,7.2,1.2
24,1,05,01,J351,352050,3525118240633,1,1.5,0.5
80,3,11,02,J189,355240,3525135269634,2,7.8,5.8
69,1,07,02,J159,355620,3525114267708,9,8.6,0.4
82,1,04,02,J189,355240,3525118897400,16,7.9,8.1
1,1,04,02,J180,354580,3525104692967,6,5.4,0.6
69,3,08,02,J90,352340,3525104415602,5,9.7,4.7
81,3,05,02,J189,351280,3525117220988,4,7.8,3.8
71,1,07,02,J188,350950,3525121189227,13,8.5,4.5
5,1,07,02,J219,350950,3525121191955,4,5.3,1.3
43,3,05,02,J180,355240,3525104725110,2,6.6,4.6
5,1,10,01,J353,352340,3525000486062,1,1.5,0.5
21,3,04,02,J960,353650,3525118898928,3,7.0,4.0
1,1,06,02,J219,350950,3525121182286,5,5.5,0.5
35,1,06,02,J180,351907,3525118462899,7,8.3,1.3
37,1,07,02,J91,350950,3525121204385,4,8.5,4.5
74,3,12,02,J81,351907,3525135167103,4,9.7,5.7
4,1,04,02,J459,355240,3525104689843,6,3.3,2.7
8,1,10,02,J218,352050,3525131794613,2,5.1,3.1
6,1,09,02,J961,351907,3525104441200,2,6.7,4.7
8,1,05,02,J219,350950,3525118426423,2,5.1,3.1
82,1,12,02,J180,350160,3525136713164,23,7.9,15.1
64,3,01,02,J189,353710,3525111698207,5,8.3,3.3
96,1,05,02,J158,350950,3525118401519,2,6.5,4.5
28,3,05,02,J210,350950,3525118407107,7,6.6,0.4
3,1,05,02,J960,352050,3525116069630,30,7.2,22.8
19,1,09,01,J352,354580,3525104870848,1,1.5,0.5
13,1,03,02,J039,352340,3525111541633,2,3.2,1.2
61,3,05,02,J158,350950,3525104342090,12,8.8,3.2
55,3,07,02,J189,355620,3525125778922,3,8.2,5.2
87,1,12,02,J159,353710,3525137025531,3,7.4,4.4
69,1,05,02,J159,353650,3525120495182,1,8.5,7.5
26,1,09,02,J180,355240,3525104835285,17,6.7,10.3
37,1,02,02,J158,355240,3525104626626,6,8.3,2.3
5,3,06,01,J352,352340,3525111557242,1,1.5,0.5
5,1,04,02,J210,350950,3525118396569,2,5.3,3.3
69,1,12,02,J189,352340,3525111592310,7,8.5,1.5
66,1,03,02,J441,350950,3525111671345,22,8.4,13.6
52,3,07,02,J81,352340,3525111565680,16,10.0,6.0
62,1,03,02,J158,355240,3525104661221,8,8.7,0.7
35,3,10,02,J189,354580,3525128652562,1,7.3,6.3
5,3,04,02,J458,350160,3525118632530,1,3.2,2.2
77,3,05,02,J189,355620,3525118471754,3,7.8,4.8
76,3,07,02,J180,351280,3525122823970,2,8.5,6.5
1,3,03,02,J459,351907,3525117325818,3,3.9,0.9
71,3,11,02,J188,350950,3525128227005,12,8.5,3.5
1,1,12,02,J459,350950,3525135806710,4,4.1,0.1
6,3,05,01,J353,352340,3525111549443,1,1.5,0.5
10,1,04,02,J189,352470,3525117281235,7,5.0,2.0
1,3,02,02,J219,353650,3525116093092,3,5.3,2.3
1,3,05,02,J180,355240,3525104715946,3,5.3,2.3
3,3,02,02,J960,353180,3525104625207,2,7.1,5.1
54,3,07,02,J180,350950,3525121200392,3,8.2,5.2
3,3,02,02,J158,351907,3524102899229,4,5.4,1.4
23,3,10,02,J189,353710,3525125773257,5,6.5,1.5
4,1,05,02,J210,355240,3525118900292,3,5.4,2.4
84,1,06,02,J180,351907,3525124268281,16,7.8,8.2
74,1,05,02,J189,353710,3525117222980,3,8.5,5.5
75,3,04,02,J189,350950,3525111665450,8,8.6,0.6
6,1,09,02,J069,355240,3525104838013,2,3.2,1.2
78,3,08,02,J189,352340,3525122249407,18,8.1,9.9
7,1,08,02,J459,351907,3525128999250,2,3.2,1.2
6,1,06,02,J80,355620,3525125775127,4,6.7,2.7
77,1,02,02,J189,351907,3525111627444,3,7.9,4.9
93,3,09,02,J180,350950,3525128155571,9,7.2,1.8
5,3,12,01,J353,350950,3525135795511,1,1.5,0.5
85,3,03,02,J189,352050,3525111485555,9,7.8,1.2
36,3,06,02,J938,350950,3525118445937,10,8.8,1.2
4,1,09,02,J159,355670,3525123476325,4,5.4,1.4
8,3,10,02,J189,350950,3525128191960,6,5.1,0.9
7,3,08,02,J189,351907,3525126440814,3,5.1,2.1
8,3,05,02,J180,353340,3525121419886,5,5.1,0.1
68,1,08,02,J440,350950,3525121244414,4,8.4,4.4
2,1,11,02,J180,355240,3525104937145,2,5.5,3.5
7,1,08,02,J218,351907,3525128996389,2,5.0,3.0
66,1,07,02,J18,350950,3525121199369,14,8.4,5.6
4,1,12,02,J431,350950,3525135800220,2,3.3,1.3
1,1,04,02,J159,352050,3525116073347,1,5.4,4.4
1,1,03,02,J960,353650,3525116094632,4,8.1,4.1
70,3,07,02,J189,350950,3525126433785,5,8.5,3.5
5,3,05,02,J960,351907,3525104714670,3,6.5,3.5
1,3,02,02,J960,352340,3524102893620,12,7.5,4.5
43,1,09,01,J323,355240,3525104870936,1,1.6,0.6
9,3,02,02,J189,355620,3525111819108,6,5.1,0.9
66,1,09,02,J180,350950,3525128177131,13,8.4,4.6
4,3,07,02,J960,351280,3525104397639,5,7.2,2.2
7,1,07,02,J459,350950,3525104384945,1,3.2,2.2
4,3,04,02,J459,350950,3525104691075,3,3.2,0.2
4,1,04,02,J36,352050,3525119120490,4,3.3,0.7
3,1,05,02,J450,355620,3525121146360,2,3.3,1.3
10,1,02,02,J960,350950,3524102901495,34,6.0,28.0
54,1,09,02,J90,355240,3525104869760,4,10.6,6.6
45,1,09,02,J930,350950,3525128164294,2,9.4,7.4
62,1,10,02,J81,350950,3525128187174,4,11.6,7.6
12,1,06,02,J068,350950,3525104372988,1,3.2,2.2
6,1,03,02,J431,350950,3525111669893,6,3.2,2.8
1,1,06,02,J960,354580,3525104748253,5,7.9,2.9
73,3,09,02,J110,353650,3525133187719,3,8.5,5.5
87,3,06,02,J189,355620,3525125774687,4,7.4,3.4
42,3,04,02,J18,350950,3525118397779,6,7.1,1.1
1,1,11,02,J960,353650,3525133194957,7,8.1,1.1
51,3,12,02,J180,350950,3525135817060,5,8.4,3.4
9,3,11,02,J960,350950,3525128240942,3,6.3,3.3
6,3,01,02,J180,350950,3525111604487,3,5.1,2.1
8,1,10,02,J219,350950,3525128228952,8,5.1,2.9
6,3,04,02,J46,350950,3525118396481,2,3.2,1.2
55,1,04,02,J931,352340,3525111547254,10,10.7,0.7
53,1,02,02,J91,350950,3525111646914,21,9.9,11.1
80,3,12,02,J189,350950,3525135800032,2,7.8,5.8
1,3,01,02,J960,350950,3524130858886,3,7.5,4.5
67,1,06,02,J219,350950,3525118465957,2,8.5,6.5
3,3,07,02,J189,350950,3525121193022,4,5.4,1.4
37,1,03,02,J86,350950,3525111658464,1,9.0,8.0
7,3,06,02,J960,353650,3525120500946,4,6.3,2.3
60,3,01,02,J930,350950,3524130832475,14,10.9,3.1
72,1,01,02,J80,350950,3524130869963,9,10.0,1.0
41,1,11,02,J938,350950,3525128246035,4,8.7,4.7
6,1,09,02,J218,355240,3525133185607,3,5.1,2.1
49,1,06,02,J459,350160,3525125924364,5,6.6,1.6
61,1,01,02,J189,350160,3525112451399,16,8.8,7.2
5,3,09,02,J46,350950,3525104435590,1,3.2,2.2
4,3,05,02,J441,350950,3525104335698,5,3.2,1.8
41,3,11,02,J159,352050,3525134270900,9,7.0,2.0
10,1,03,02,J459,350950,3525111663612,4,3.1,0.9
4,1,03,02,J219,350950,3524130878301,26,5.4,20.6
5,1,09,02,J128,350950,3525104434654,7,5.3,1.7
6,1,03,02,J459,350950,3525111655989,1,3.2,2.2
17,1,06,02,J960,355240,3525120499351,4,7.5,3.5
81,3,11,02,J449,350950,3525128233792,6,7.6,1.6
75,1,09,02,J189,353710,3525125773488,6,8.6,2.6
50,1,11,02,J341,352050,3525128229579,5,4.4,0.6
89,1,09,02,J459,350950,3525104448459,1,6.8,5.8
28,3,07,02,J46,355620,3525125779307,5,4.6,0.4
1,1,09,02,J180,351907,3525104869473,7,5.5,1.5
30,3,10,02,J181,353180,3525133164960,3,6.6,3.6
49,1,10,02,J189,350950,3525128190617,4,8.6,4.6
19,3,07,02,J188,350950,3525117373074,12,6.3,5.7
7,1,05,02,J459,350950,3525118408988,2,3.2,1.2
41,1,09,02,J960,353650,3525126444048,1,8.0,7.0
3,3,06,02,J159,350380,3525124148029,6,5.4,0.6
4,3,11,02,J459,354580,3525128660801,3,3.2,0.2
70,3,12,02,J189,352340,3525111591738,3,8.5,5.5
71,1,12,02,J91,350950,3525135823319,14,10.3,3.7
56,1,01,02,J189,352050,3524131568144,8,9.3,1.3
56,1,06,01,J969,350950,3525104366212,7,7.4,0.4
8,3,08,02,J960,353650,3525126443553,4,6.5,2.5
7,1,09,02,J219,355240,3525133189424,4,5.0,1.0
1,1,05,02,J218,354580,3525118977017,4,5.4,1.4
70,3,03,02,J960,350950,3525104659736,6,9.8,3.8
21,3,06,01,J343,352340,3525111557099,1,1.5,0.5
6,3,05,02,J218,353710,3525119542142,2,5.1,3.1
1,3,05,02,J210,353650,3525118899467,2,5.3,3.3
11,3,05,02,J189,350160,3525118636908,5,5.1,0.1
28,1,12,02,J158,355240,3525104969628,1,7.5,6.5
10,1,03,02,J459,350160,3525118627778,2,3.1,1.1
24,1,04,02,J189,351907,3525118397845,5,6.7,1.7
70,1,03,02,J189,353710,3525111699571,5,8.5,3.5
3,3,09,02,J189,352050,3525126522467,6,5.4,0.6
82,3,04,02,J189,351280,3525117220548,3,7.8,4.8
1,1,08,02,J96,350950,3525121242820,1,7.9,6.9
2,1,06,02,J960,350950,3525118459401,39,8.4,30.6
40,1,08,02,J36,350160,3525128568490,1,4.1,3.1
8,1,10,01,J353,350950,3525128184589,1,1.5,0.5
6,1,06,02,J219,355620,3525121149814,5,5.1,0.1
84,1,09,02,J189,353650,3525133186465,2,7.8,5.8
4,3,05,01,J352,352340,3525111549795,1,1.5,0.5
6,1,07,02,J960,354580,3525118986323,1,6.7,5.7
65,3,11,01,J958,350950,3525128237125,1,6.8,5.8
8,1,03,02,J431,350950,3525111682213,8,3.2,4.8
8,1,08,02,J431,350950,3525121260826,8,3.2,4.8
5,3,05,02,J210,354580,3525118979547,4,5.3,1.3
9,3,04,02,J210,353650,3525118897102,4,5.1,1.1
86,3,07,02,J189,352470,3525124149272,11,7.4,3.6
6,3,12,02,J450,350950,3525135809349,6,3.2,2.8
97,1,05,02,J440,350950,3525118404181,10,5.9,4.1
6,1,05,02,J210,350160,3525121523044,2,5.1,3.1
17,1,05,02,J90,353650,3525120495424,2,7.5,5.5
59,3,11,02,J159,355670,3525123486896,5,8.5,3.5
0,3,03,02,J158,350950,3525111686151,6,5.9,0.1
3,1,10,02,J219,355240,3525104917224,6,5.4,0.6
73,1,10,02,J36,352050,3525131795295,2,4.7,2.7
86,1,09,02,J18,350950,3525128159916,5,7.4,2.4
1,1,07,02,J219,350950,3525121197290,18,5.5,12.5
70,1,02,02,J189,354580,3525111502440,4,8.5,4.5
85,1,07,02,J449,355670,3525114269480,3,7.4,4.4
2,3,06,02,J040,350950,3525104367708,2,3.4,1.4
59,1,10,01,J950,350950,3525128214620,1,7.5,6.5
9,1,12,02,J180,350160,3525136711635,3,5.1,2.1
2,3,06,02,J984,350950,3525104367763,2,7.3,5.3
93,3,11,02,J960,352050,3525134275168,5,6.4,1.4
11,1,06,02,J459,350950,3525118454616,2,3.1,1.1
25,1,06,02,J36,351907,3525104370810,1,3.5,2.5
85,1,08,02,J180,351280,3525104418418,8,7.5,0.5
10,3,12,02,J960,350380,3525104516220,3,6.2,3.2
24,1,12,02,J938,350950,3525135799053,27,7.9,19.1
70,3,02,02,J330,352340,3525111533515,1,4.3,3.3
11,3,03,02,J128,354580,3525111505267,4,5.1,1.1
2,1,08,02,J219,350950,3525104423918,2,5.5,3.5
63,1,09,02,J189,350950,3525128179540,2,8.3,6.3
8,3,10,02,J189,352340,3525111579451,1,5.1,4.1
75,1,10,02,J189,353710,3525125774269,3,8.6,5.6
11,1,08,02,J459,350160,3525125934165,1,3.1,2.1
41,3,11,02,J938,353180,3525104493867,5,7.9,2.9
86,1,03,02,J189,350950,3525111686591,10,7.4,2.6
71,1,10,02,J91,352340,3525111581783,6,10.3,4.3
1,1,08,02,J180,352340,3525104411114,14,5.5,8.5
67,1,12,02,J709,352470,3525135934441,8,9.7,1.7
67,1,06,02,J960,352050,3525122789860,13,9.8,3.2
29,1,02,02,J189,353650,3525116089550,2,7.5,5.5
2,1,04,02,J960,353180,3525100245700,9,8.4,0.6
70,3,01,02,J449,355670,3524132019375,8,8.1,0.1
74,1,12,02,J189,354580,3525135172537,5,8.5,3.5
6,1,11,02,J219,350950,3525128243802,16,5.1,10.9
69,3,08,02,J189,351280,3525126843910,17,8.5,8.5
57,3,08,02,J90,355240,3525104804750,4,8.8,4.8
3,3,02,02,J459,354580,3525104627957,2,3.2,1.2
4,1,10,01,J353,352340,3525000486029,1,1.6,0.6
1,3,11,02,J180,350950,3525128249522,5,5.3,0.3
1,1,05,02,J960,350950,3525104344278,4,8.1,4.1
9,1,10,02,J450,350950,3525128188835,1,3.2,2.2
66,3,11,02,J80,350950,3525128225102,9,9.2,0.2
1,3,12,02,J218,352050,3525136902133,2,5.3,3.3
70,1,07,02,J180,353200,3525113708919,1,8.6,7.6
70,3,03,02,J960,355240,3525102271955,8,9.8,1.8
77,3,09,02,J81,350950,3525128159795,34,9.8,24.2
1,1,04,02,J98,353710,3525119541922,5,8.1,3.1
20,1,12,02,J930,350950,3525135802870,2,7.7,5.7
1,3,09,02,J219,350950,3525128153020,2,5.4,3.4
32,3,01,01,J342,355240,3525104600193,1,1.6,0.6
25,3,07,01,J342,352340,3525104824175,2,1.5,0.5
31,1,12,02,J189,352340,3525111591716,2,7.9,5.9
57,1,07,02,J960,352340,3525111561004,3,9.9,6.9
2,1,03,02,J459,350950,3525111669761,4,3.6,0.4
5,1,02,02,J459,353650,3525116089715,2,3.2,1.2
73,3,06,02,J91,352050,3525122789793,2,9.7,7.7
72,3,01,02,J181,350950,3524130872966,50,8.4,41.6
83,1,12,01,J90,355240,3525104969925,9,8.8,0.2
54,1,11,02,J189,350950,3525135272219,4,9.1,5.1
3,3,09,02,J960,350950,3525128181366,5,7.2,2.2
48,3,08,02,J960,353650,3525126442860,9,10.1,1.1
6,3,02,02,J459,350950,3525111643988,2,3.2,1.2
72,3,03,02,J189,352050,3525116053602,7,8.4,1.4
30,3,12,02,J36,350950,3525135802749,3,3.3,0.3
44,1,01,02,J449,355670,3524132021630,7,6.7,0.3
4,1,09,02,J189,350950,3525128167726,4,5.4,1.4
45,3,09,02,J459,353710,3525125773170,9,6.3,2.7
71,3,06,02,J45,350950,3525121174905,7,8.4,1.4
1,3,02,02,J219,355240,3525104628144,1,5.3,4.3
80,3,01,02,J189,350160,3525112450387,10,7.8,2.2
42,3,10,01,J342,351280,3525104875842,1,1.7,0.7
71,1,06,02,J189,350950,3525118455320,2,8.5,6.5
11,3,06,02,J459,350160,3525121520811,4,3.2,0.8
30,1,09,02,J91,350950,3525104450978,7,9.3,2.3
88,1,02,02,J40,350950,3525111613200,1,7.2,6.2
3,1,07,02,J189,351907,3525104794816,15,5.4,9.6
61,3,05,02,J969,352050,3525119125891,8,11.3,3.3
86,3,06,02,J960,350950,3525120502772,2,8.5,6.5
3,1,04,02,J118,350950,3525118373425,5,5.4,0.4
3,1,02,01,J450,354580,3524102900494,1,2.8,1.8
3,3,07,02,J459,350950,3525121201800,6,3.3,2.7
6,1,01,02,J219,350950,3524130858941,2,5.1,3.1
49,3,08,01,J342,352340,3525111568726,1,1.6,0.6
3,3,11,02,J219,350950,3525128230382,6,5.4,0.6
1,1,07,02,J219,350950,3525121192395,3,5.5,2.5
73,1,11,02,J681,350160,3525134329541,6,9.9,3.9
75,3,01,02,J90,352050,3524131575240,15,9.9,5.1
7,1,03,02,J459,350950,3525111655065,4,3.2,0.8
17,1,08,01,J342,353650,3525104858242,2,1.5,0.5
94,1,01,02,J189,350950,3524130874000,9,7.4,1.6
2,3,12,02,J219,350950,3525135807810,2,5.3,3.3
1,3,07,02,J219,352470,3525124149635,3,5.4,2.4
56,3,04,02,J440,350950,3525118377320,1,7.5,6.5
94,3,12,02,J449,352340,3525111596534,2,6.4,4.4
72,1,09,02,J44,350950,3525128173545,1,8.2,7.2
4,1,11,01,J353,352340,3525000486733,1,1.6,0.6
1,1,07,02,J210,350950,3525121201877,7,5.5,1.5
8,1,05,02,J210,350950,3525118402586,3,5.1,2.1
4,3,05,02,J180,355240,3525104722491,3,5.4,2.4
6,3,09,02,J189,355620,3525128556610,4,5.1,1.1
1,3,04,02,J218,350950,3525118384348,4,5.3,1.3
98,3,09,02,J188,350950,3525128163700,2,7.0,5.0
2,1,10,02,J960,350950,3525128219019,1,8.4,7.4
79,3,05,02,J189,351280,3525122821979,2,8.0,6.0
67,3,10,02,J458,353650,3525133191492,1,7.9,6.9
1,1,08,02,J219,355240,3525104834120,6,5.5,0.5
8,3,10,02,J159,350950,3525128210406,6,5.1,0.9
5,1,05,02,J960,350950,3525118401838,17,6.6,10.4
78,3,02,02,J960,353650,3525116090023,1,9.6,8.6
73,1,03,02,J441,352470,3525114723691,2,8.6,6.6
47,1,05,01,J323,350160,3525104716496,1,1.6,0.6
26,1,07,02,J189,350950,3525121209566,2,6.7,4.7
4,3,12,02,J218,350950,3525135791551,10,5.4,4.6
5,1,05,02,J960,350950,3525118408625,4,6.6,2.6
64,1,09,02,J948,350160,3525128574605,3,9.7,6.7
1,1,01,02,J80,351907,3524130859777,4,8.1,4.1
1,3,05,02,J219,350950,3525118420120,6,5.3,0.7
45,1,02,01,J342,350160,3525104623337,1,1.8,0.8
54,1,11,02,J459,350950,3525135784555,7,6.8,0.2
5,1,06,01,J219,350950,3525118441075,3,4.7,1.7
5,1,05,02,J219,350950,3525118411573,10,5.3,4.7
1,1,01,02,J180,350160,3524103378565,5,5.4,0.4
4,3,06,02,J960,351907,3525104723327,16,7.2,8.8
21,1,06,02,J90,354580,3525104364969,6,8.4,2.4
27,3,04,01,J958,350160,3525104686950,1,5.7,4.7
70,1,07,02,J189,350950,3525121223305,44,8.6,35.4
5,1,01,01,J353,352340,3524124073943,1,1.5,0.5
49,1,08,02,J128,353650,3525126438383,7,8.6,1.6
30,1,08,02,J189,355240,3525126439725,1,7.5,6.5
84,3,10,02,J189,350950,3525128193939,5,8.1,3.1
7,1,11,02,J80,350950,3525135791452,11,6.3,4.7
5,1,06,02,J180,352470,3525124148315,4,5.3,1.3
77,3,01,02,J159,350950,3525111602419,2,7.8,5.8
5,3,09,02,J219,350950,3525128159828,4,5.3,1.3
76,3,08,02,J189,352470,3525128322310,1,8.5,7.5
52,1,08,01,J955,350950,3525121260023,1,6.8,5.8
68,3,05,02,J189,350950,3525118434607,6,8.5,2.5
47,3,12,02,J188,351907,3525104515658,30,8.0,22.0
36,3,02,02,J159,352050,3525111473444,6,8.2,2.2
40,1,05,02,J188,352050,3525119129444,9,8.1,0.9
4,3,09,02,J459,351907,3525131904899,2,3.3,1.3
61,3,01,02,J96,350950,3524130878378,30,11.3,18.7
8,3,11,02,J960,355240,3525104940412,8,6.3,1.7
11,3,04,02,J459,355240,3525111695391,5,3.2,1.8
66,1,06,02,J189,350950,3525121177446,4,8.4,4.4
1,1,06,02,J960,350160,3525104750035,16,7.9,8.1
5,1,10,02,J218,350950,3525128198009,1,5.3,4.3
2,3,04,02,J80,350950,3525118382115,7,7.2,0.2
40,1,04,02,J960,352050,3525116065889,4,10.1,6.1
1,1,02,02,J80,350950,3525111642613,30,8.1,21.9
89,3,09,02,J80,350950,3525128159168,6,8.5,2.5
82,1,08,02,J441,350950,3525121255612,8,7.8,0.2
63,3,01,02,J189,355620,3525111817348,6,8.2,2.2
2,1,07,02,J458,350950,3525121218234,9,3.6,5.4
3,3,07,02,J960,351907,3525104795245,7,7.2,0.2
1,1,11,02,J80,350950,3525128244913,31,8.1,22.9
1,3,04,02,J80,350950,3525118372941,7,7.5,0.5
10,1,02,02,J998,353710,3525114722943,5,6.0,1.0
76,1,12,02,J931,351907,3525134288896,9,10.0,1.0
19,1,09,02,J960,352050,3525126520938,5,7.6,2.6
13,3,02,02,J450,355240,3525104628892,3,3.3,0.3
73,3,08,02,J18,350950,3525121237308,6,8.5,2.5
55,3,12,02,J459,350950,3525104514162,1,6.4,5.4
1,3,08,02,J180,355670,3525123475016,5,5.4,0.4
26,1,05,02,J189,350950,3525117345332,3,6.7,3.7
2,1,11,02,J459,355240,3525104940324,3,3.6,0.6
22,1,06,02,J931,352470,3525121332172,3,8.0,5.0
46,3,03,02,J81,353710,3525111699637,6,9.7,3.7
19,3,11,02,J36,352340,3525111586964,6,3.1,2.9
4,3,11,02,J188,351280,3525104501908,16,5.4,10.6
71,3,03,02,J90,352050,3525111483290,30,9.9,20.1
2,1,07,02,J431,350950,3525121217607,4,3.6,0.4
72,3,12,02,J159,355670,3525123493530,1,8.4,7.4
77,1,06,02,J440,350950,3525118455298,4,7.8,3.8
53,3,06,02,J449,350950,3525121185465,3,6.1,3.1
70,1,10,02,J189,353710,3525125774247,5,8.5,3.5
38,3,09,01,J323,353650,3525104868659,1,1.6,0.6
82,1,09,01,J189,352340,3525111575953,1,10.2,9.2
39,3,12,02,J188,350950,3525135807754,2,6.8,4.8
42,3,09,02,J189,351280,3525131645827,3,7.6,4.6
75,3,07,02,J189,353710,3525125212279,2,8.5,6.5
79,3,01,02,J960,355240,3525111776879,6,9.5,3.5
71,1,10,02,J960,351907,3525128179199,1,10.3,9.3
9,3,09,02,J189,350950,3525121272684,2,5.1,3.1
61,3,03,02,J459,350950,3525104314545,1,7.0,6.0
2,1,11,02,J218,352050,3525134278732,2,5.5,3.5
87,3,07,02,J189,350160,3525125925354,6,7.4,1.4
53,3,06,02,J938,350160,3525121529402,15,9.7,5.3
68,1,10,02,J449,355670,3525123484212,3,8.4,5.4
53,1,11,02,J18,350950,3525135787437,6,8.5,2.5
93,3,05,02,J189,355620,3525121146327,7,7.1,0.1
8,3,05,02,J219,350950,3525118425455,6,5.1,0.9
9,1,04,02,J459,350950,3525118391454,6,3.2,2.8
67,3,01,01,J323,354580,3525104596475,1,1.6,0.6
67,3,10,02,J449,353650,3525133191800,14,7.9,6.1
50,3,12,01,J35,350950,3525135814937,1,1.7,0.7
63,1,04,02,J18,350950,3525118379497,30,8.2,21.8
78,1,08,02,J189,352340,3525111566691,11,8.1,2.9
1,1,05,02,J154,350950,3525118405875,2,5.4,3.4
53,1,07,02,J441,350950,3525121198291,3,6.3,3.3
4,3,07,02,J459,350950,3525121219114,7,3.3,3.7
2,1,10,02,J210,350950,3525128189066,5,5.5,0.5
77,3,05,02,J449,353650,3525118900061,2,7.2,5.2
74,3,06,02,J189,353340,3525121421130,19,8.4,10.6
47,1,01,02,J209,350950,3525111615542,10,8.6,1.4
69,1,07,02,J459,351907,3525127042294,3,8.3,5.3
6,1,03,02,J210,350950,3525111679298,7,5.1,1.9
68,1,05,02,J068,350950,3525104355916,1,5.2,4.2
44,1,05,02,J960,352050,3525116058960,5,8.6,3.6
19,3,11,01,J351,350950,3525128206721,1,1.5,0.5
10,1,05,02,J219,353650,3525120497041,2,5.0,3.0
85,1,05,02,J91,350950,3525118411122,6,10.1,4.1
57,1,01,02,J80,350950,3525111606379,2,9.3,7.3
1,3,06,02,J189,350950,3525118445420,2,5.4,3.4
73,3,04,02,J180,355240,3525104693308,2,8.4,6.4
12,3,05,02,J458,350950,3525118405963,2,3.3,1.3
11,1,04,02,J159,350950,3525118387593,3,5.0,2.0
1,1,11,02,J219,350950,3525135787844,9,5.4,3.6
64,3,12,02,J441,350950,3525104982377,3,7.6,4.6
20,3,12,02,J188,355240,3525132455416,20,6.4,13.6
76,3,07,02,J988,350160,3525125931074,2,9.7,7.7
56,1,03,02,J189,352050,3525111480319,6,9.3,3.3
50,3,01,02,J91,352340,3525111530567,1,10.1,9.1
67,3,11,02,J180,350160,3525134327187,4,8.4,4.4
72,1,11,01,J329,350950,3525128241020,2,2.1,0.1
44,1,06,02,J91,351280,3525122822342,11,8.0,3.0
18,1,10,01,J342,351905,3525104915960,1,1.5,0.5
1,1,06,02,J219,350950,3525104376233,2,5.5,3.5
27,1,04,02,J189,352340,3525111546980,1,7.2,6.2
40,1,07,02,J189,355620,3525125779978,2,8.0,6.0
58,1,07,02,J80,350950,3525121216166,46,11.9,34.1
79,1,11,02,J440,350950,3525128243527,2,8.4,6.4
2,3,02,02,J181,350160,3525116079980,5,5.3,0.3
6,1,08,02,J219,352050,3525126512127,3,5.1,2.1
8,1,06,02,J188,350950,3525118452086,11,5.0,6.0
5,3,10,02,J960,353650,3525133193648,2,6.5,4.5
2,3,05,01,J955,350950,3525104339394,2,9.0,7.0
59,1,02,02,J91,351907,3525111620239,5,11.0,6.0
78,3,03,02,J159,350950,3525111666428,7,8.1,1.1
55,1,07,02,J189,350950,3525121224328,5,9.5,4.5
4,1,05,02,J210,353650,3525120494522,5,5.4,0.4
70,3,09,02,J189,350950,3525128163161,20,8.5,11.5
13,1,07,01,J342,351907,3525104795839,1,1.5,0.5
10,1,03,02,J218,354580,3525111507225,3,5.0,2.0
9,3,08,02,J459,355240,3525104827761,1,3.2,2.2
46,3,01,02,J960,350950,3524130866905,2,9.7,7.7
4,1,02,02,J431,350950,3525111649521,4,3.3,0.7
59,3,10,02,J189,355670,3525123485389,12,8.5,3.5
1,1,06,02,J219,352470,3525124148634,9,5.5,3.5
53,1,05,02,J189,352050,3525119140499,5,8.5,3.5
46,3,10,02,J459,350950,3525128193873,10,6.4,3.6
36,3,05,02,J189,352340,3525111554690,6,8.2,2.2
57,1,02,02,J189,353710,3525111698944,6,9.3,3.3
45,1,03,02,J960,350160,3525118626744,35,10.1,24.9
76,1,08,02,J189,355620,3525128555663,8,8.6,0.6
72,3,05,02,J188,350950,3525118415753,4,8.4,4.4
8,1,01,02,J180,350950,3524102871102,4,5.1,1.1
80,1,10,02,J189,354580,3525128653805,10,7.9,2.1
60,1,03,02,J960,354800,3525104653983,4,11.2,7.2
4,3,06,02,J459,351515,3525118720827,5,3.3,1.7
52,3,06,02,J36,352050,3525122784953,9,4.4,4.6
30,1,01,01,J342,352340,3525111529698,1,1.6,0.6
1,1,09,02,J450,350950,3525128162798,1,4.1,3.1
54,3,02,02,J81,353180,3525102044266,7,9.9,2.9
3,1,10,02,J459,350950,3525128198790,3,3.3,0.3
55,3,03,02,J90,350950,3525104314260,5,9.8,4.8
4,3,03,02,J189,354580,3525111504189,4,5.4,1.4
10,1,05,02,J219,350950,3525118425390,3,5.0,2.0
55,3,11,02,J449,353650,3525135271086,2,6.4,4.4
95,1,05,02,J690,350160,3525121521086,4,6.0,2.0
3,3,07,01,J219,350950,3525121211722,3,5.2,2.2
10,1,11,02,J219,350950,3525135269502,2,5.0,3.0
1,1,06,02,J80,350950,3525118466463,3,7.9,4.9
39,1,12,02,J91,350950,3525135817456,16,10.1,5.9
63,1,07,02,J930,350950,3525118465726,8,10.2,2.2
1,1,08,02,J690,352340,3525111569640,1,7.9,6.9
6,3,04,02,J459,353650,3525118896398,4,3.2,0.8
5,1,10,02,J180,352050,3525131796219,4,5.3,1.3
97,1,07,02,J189,350950,3525118445266,7,6.6,0.4
79,1,08,02,J189,352340,3525111567934,12,8.1,3.9
5,1,04,02,J189,350950,3525118385030,15,5.3,9.7
6,3,04,02,J450,350950,3525111697591,3,3.2,0.2
3,1,11,02,J180,350160,3525134325482,4,5.4,1.4
58,3,05,02,J449,350950,3525118415544,7,7.9,0.9
62,1,12,02,J449,350950,3525135826146,1,7.7,6.7
71,3,07,02,J81,350950,3525104406120,22,9.7,12.3
1,1,09,02,J210,350950,3525121272475,1,5.5,4.5
3,1,09,02,J80,350950,3525128164877,2,7.2,5.2
79,3,09,02,J188,350950,3525128172731,13,8.0,5.0
68,3,09,02,J449,355240,3525126440979,4,8.2,4.2
1,1,12,02,J80,350950,3525135801760,2,8.1,6.1
1,3,08,02,J219,353650,3525126440902,3,5.4,2.4
78,1,04,02,J189,350950,3525118393302,4,8.1,4.1
69,1,05,02,J449,355670,3525114259953,8,8.8,0.8
11,3,08,02,J459,354580,3525128645115,2,3.2,1.2
51,1,07,02,J969,350950,3525104400070,7,10.4,3.4
78,3,12,02,J448,350160,3525136712009,10,8.1,1.9
2,3,10,02,J180,350160,3525131765496,2,5.3,3.3
8,3,10,01,J350,350950,3525128174194,1,1.5,0.5
6,3,04,02,J189,350950,3525111689649,2,5.1,3.1
68,1,07,01,J449,353710,3525104397562,1,7.5,6.5
1,1,06,02,J180,351907,3525104368775,1,5.5,4.5
2,3,05,02,J960,350950,3525104347270,28,7.2,20.8
3,1,11,02,J218,351907,3525135164826,4,5.4,1.4
36,3,01,02,J189,355620,3525111815401,2,8.2,6.2
69,1,09,02,J189,355670,3525123477084,5,8.6,3.6
65,1,06,02,J80,350950,3525118461018,3,9.7,6.7
78,1,01,02,J189,355620,3524130865805,8,8.1,0.1
75,3,09,02,J180,350160,3525128576816,1,8.5,7.5
74,3,09,02,J189,352050,3525126530387,3,8.4,5.4
68,1,12,02,J188,350950,3525135807325,3,8.5,5.5
5,1,10,02,J219,350950,3525128222132,2,5.3,3.3
18,3,06,02,J189,350160,3525121522220,4,6.3,2.3
6,1,08,02,J459,350950,3525121262905,2,3.2,1.2
71,3,01,02,J189,353710,3525111698174,4,8.5,4.5
2,3,11,02,J180,350160,3525134327088,1,5.3,4.3
21,1,08,02,J189,353710,3525125772762,12,7.0,5.0
2,3,10,02,J189,350950,3525128191959,11,5.3,5.7
64,1,11,02,J984,350160,3525104484814,5,9.7,4.7
7,1,06,02,J158,350950,3525104381436,1,5.0,4.0
1,3,05,02,J218,351907,3525121413330,6,5.3,0.7
10,1,06,02,J969,350160,3525121527830,1,6.0,5.0
27,1,05,02,J36,350950,3525118399352,1,3.4,2.4
70,1,11,02,J91,351907,3525104494296,3,10.2,7.2
48,1,01,02,J90,350950,3524102878450,15,10.4,4.6
22,3,01,02,J188,350950,3524130868577,4,6.5,2.5
1,1,07,02,J219,350950,3525121209951,11,5.5,5.5
42,3,02,02,J459,350950,3524132027141,4,6.0,2.0
69,3,05,02,J189,352340,3525111550961,2,8.5,6.5
5,3,09,02,J159,350160,3525131757565,6,5.3,0.7
1,3,04,02,J068,350950,3525118368431,1,3.4,2.4
60,3,09,01,J342,351907,3525104872696,1,1.6,0.6
71,3,08,02,J180,350160,3525128571305,2,8.5,6.5
79,3,10,02,J189,354580,3525128652254,17,8.0,9.0
84,3,06,02,J189,350950,3525121179987,3,8.1,5.1
6,3,05,02,J210,350950,3525118437599,8,5.1,2.9
18,3,09,02,J36,350950,3525121271694,1,3.2,2.2
38,1,05,02,J189,350950,3525118402377,10,8.3,1.7
15,3,11,01,J342,350950,3525128226719,1,1.5,0.5
72,1,04,02,J18,350950,3525118379640,2,8.5,6.5
4,1,06,02,J960,350160,3525104755800,12,7.2,4.8
86,3,02,02,J18,350950,3525111636156,12,7.4,4.6
4,1,05,02,J219,350950,3525118424476,1,5.4,4.4
4,1,03,02,J960,350950,3525111670400,3,7.2,4.2
4,1,03,02,J459,350950,3525111659730,5,3.3,1.7
7,3,09,02,J459,352050,3525131779664,3,3.2,0.2
19,3,07,02,J188,351907,3525117368740,3,6.3,3.3
6,1,11,02,J180,355240,3525104937959,4,5.1,1.1
4,3,06,02,J180,350950,3525118465176,2,5.4,3.4
8,1,02,02,J219,350950,3525111646793,1,5.1,4.1
85,3,07,02,J440,350950,3525121202669,2,7.9,5.9
3,3,02,02,J45,350950,3525111649444,3,3.2,0.2
82,1,09,02,J439,350950,3525128154230,6,7.8,1.8
71,3,04,02,J441,351907,3525104694628,3,8.1,5.1
70,1,08,02,J449,354580,3525118991812,7,8.3,1.3
2,3,03,02,J218,351907,3525117325213,3,5.3,2.3
3,1,04,02,J218,351907,3525118377605,30,5.4,24.6
64,1,06,02,J96,350950,3525118446212,21,9.7,11.3
79,3,06,02,J189,352050,3525122788275,3,8.0,5.0
4,1,09,02,J431,350950,3525128167682,4,3.3,0.7
41,1,10,01,J343,354580,3525104918071,1,1.7,0.7
5,3,01,02,J219,350380,3524102869397,25,5.3,19.7
1,1,10,02,J100,352050,3525131791401,2,5.4,3.4
22,3,07,02,J210,352050,3525122803939,3,6.6,3.6
33,3,05,01,J343,352340,3525104733810,2,1.6,0.4
1,1,10,02,J459,350950,3525128198196,1,4.1,3.1
1,1,06,02,J189,350950,3525118432308,3,5.5,2.5
61,1,08,01,J958,351907,3525104804694,1,7.7,6.7
75,3,05,02,J189,352050,3525119121051,19,8.6,10.4
96,3,06,02,J189,353710,3525125211542,3,7.1,4.1
80,1,10,02,J938,350950,3525121273916,6,10.5,4.5
47,3,12,02,J110,350950,3525135809789,16,8.0,8.0
4,1,05,02,J960,350950,3525118437820,25,7.2,17.8
7,3,08,02,J410,350950,3525121246636,5,3.2,1.8
65,3,04,02,J90,350160,3525118632662,46,9.3,36.7
42,3,05,02,J189,352340,3525111550928,9,7.1,1.9
88,3,12,02,J189,350950,3525135804729,35,7.4,27.6
24,3,08,01,J985,350950,3525104413963,9,5.2,3.8
1,1,07,02,J219,350950,3525121189513,4,5.5,1.5
2,3,01,02,J180,350950,3525111600208,4,5.3,1.3
5,3,08,02,J218,354580,3525128642739,3,5.3,2.3
11,1,06,02,J40,350950,3525118413872,2,3.1,1.1
73,3,05,02,J80,355620,3525121147075,7,9.7,2.7
46,1,07,02,J189,350950,3525121202603,4,8.2,4.2
19,1,06,02,J91,354580,3525118986796,14,7.6,6.4
45,1,10,02,J984,350950,3525128200760,12,10.1,1.9
4,1,05,02,J219,350950,3525118415984,1,5.4,4.4
22,1,06,02,J189,351280,3525122823640,3,6.7,3.7
3,1,04,02,J690,355240,3525104686576,9,7.2,1.8
2,1,03,02,J459,350950,3525116098955,4,3.6,0.4
29,3,04,02,J81,352050,3525116073721,5,7.8,2.8
56,3,07,02,J459,351907,3525126435590,5,7.6,2.6
1,3,02,01,J960,350160,3525104305074,20,8.1,11.9
75,1,03,02,J449,352470,3525114723559,3,8.6,5.6
75,3,10,02,J189,352470,3525132976794,15,8.6,6.4
3,3,12,02,J189,350950,3525135805972,3,5.4,2.4
6,3,06,02,J189,352340,3525111556890,3,5.1,2.1
2,3,04,02,J189,353650,3525118897718,1,5.3,4.3
75,1,11,02,J189,351280,3525134933485,2,8.6,6.6
1,1,08,02,J210,355240,3525104827035,17,5.5,11.5
65,1,08,02,J81,350160,3525125932273,2,9.7,7.7
9,3,01,02,J91,350950,3524130859128,7,6.3,0.7
12,3,04,02,J431,350950,3525118375493,1,3.3,2.3
91,3,01,02,J90,350950,3524102870740,10,6.8,3.2
76,3,09,02,J180,352470,3525130106993,8,8.5,0.5
2,1,01,02,J218,350950,3525111604047,7,5.5,1.5
7,3,04,02,J218,350950,3525111690826,4,5.1,1.1
2,1,02,02,J128,350160,3525116082213,1,5.5,4.5
11,1,09,02,J960,350950,3525128153118,3,6.1,3.1
3,1,01,02,J218,352050,3525111467670,5,5.4,0.4
78,3,09,01,J90,353340,3525104444213,5,7.9,2.9
67,3,02,02,J80,350950,3525111620460,5,9.4,4.4
65,3,10,02,J18,353180,3525133165103,11,8.3,2.7
80,1,06,02,J449,352050,3525122785790,8,7.8,0.2
7,1,11,01,J353,350950,3525128199131,1,1.5,0.5
5,3,05,02,J969,350950,3525104352209,3,6.5,3.5
21,1,03,02,J189,354580,3525111504464,23,7.2,15.8
49,1,07,02,J189,355620,3525125778086,7,8.6,1.6
8,3,10,02,J853,354580,3525128220526,21,6.3,14.7
59,1,03,01,J180,353200,3525100375203,7,10.3,3.3
7,3,08,01,J353,352340,3525111571762,1,1.5,0.5
48,3,07,01,J381,353710,3525104816200,2,1.6,0.4
75,3,01,02,J189,353710,3525111698273,4,8.6,4.6
48,1,10,02,J96,350950,3525128197316,21,10.4,10.6
55,3,09,02,J189,350950,3525128154372,11,8.2,2.8
2,1,09,02,J189,355620,3525128557478,4,5.5,1.5
49,1,07,02,J984,352050,3525122788088,6,9.8,3.8
5,1,04,02,J210,350950,3525118396404,2,5.3,3.3
92,1,05,02,J46,350950,3525118415665,5,7.2,2.2
64,3,11,02,J80,350950,3525135783158,6,9.3,3.3
7,3,05,02,J210,355240,3525118897333,4,5.1,1.1
5,3,06,02,J180,350950,3525118465374,4,5.3,1.3
69,1,04,02,J441,351280,3525117219778,3,8.8,5.8
69,3,05,02,J81,351907,3525121413033,1,9.8,8.8
3,3,09,02,J219,350950,3525128169134,15,5.4,9.6
65,3,05,02,J189,351907,3525121409997,24,8.3,15.7
1,3,05,02,J219,352470,3525119543055,5,5.3,0.3
4,3,01,02,J189,352470,3524102875249,7,5.4,1.6
77,3,05,02,J189,354580,3525118978997,30,7.8,22.2
73,1,09,02,J189,355240,3525133189468,14,8.5,5.5
1,1,08,02,J210,350950,3525121262828,19,5.5,13.5
9,1,10,02,J210,350950,3525128191992,3,5.1,2.1
84,1,05,02,J441,352050,3525119132953,5,8.4,3.4
5,3,10,02,J181,353340,3525130496448,5,5.3,0.3
1,1,01,02,J218,350950,3525111612550,3,5.4,2.4
11,3,07,02,J960,350950,3525104386551,30,6.4,23.6
4,1,11,02,J041,355240,3525104921074,3,3.4,0.4
88,3,12,02,J90,353200,3525133185046,3,8.5,5.5
70,3,07,02,J159,355670,3525114269358,8,8.5,0.5
6,3,08,02,J189,352050,3525126517231,6,5.1,0.9
49,3,10,02,J189,354580,3525128650604,20,8.0,12.0
85,1,05,02,J449,350950,3525120495677,2,8.1,6.1
2,3,11,02,J180,355240,3525104922174,5,5.3,0.3
56,1,12,02,J942,353710,3525137025620,6,10.8,4.8
5,1,06,02,J960,350950,3525118444199,11,6.7,4.3
4,3,11,02,J210,350950,3525128241118,6,5.4,0.6
8,1,06,02,J960,350950,3525118452009,16,6.4,9.6
57,3,11,01,J323,353180,3525104934065,4,1.6,2.4
66,1,07,02,J168,353180,3525126070830,2,8.4,6.4
87,3,06,02,J180,350160,3525121522175,11,7.4,3.6
65,1,09,02,J90,352470,3525104444268,7,9.7,2.7
67,1,08,02,J188,350950,3525121250420,13,8.5,4.5
3,1,06,02,J459,350950,3525118445640,1,3.3,2.3
75,3,03,02,J189,350950,3525111657683,8,8.6,0.6
16,3,05,02,J189,352050,3525119144921,13,6.5,6.5
2,3,07,02,J219,354800,3525121463864,2,5.3,3.3
2,1,08,02,J459,350950,3525121230521,2,3.6,1.6
8,1,06,02,J450,350950,3525118450832,1,3.2,2.2
28,3,09,01,J342,351905,3525104837441,1,1.6,0.6
56,1,12,02,J390,354580,3525135174440,2,4.8,2.8
52,1,10,02,J930,350950,3525128215598,25,10.4,14.6
42,3,03,02,J690,355240,3525104656458,8,7.9,0.1
14,1,07,01,J353,350950,3525121203637,1,1.5,0.5
48,1,01,02,J81,355240,3525104600941,10,10.4,0.4
76,3,06,02,J441,351280,3525122822936,3,7.9,4.9
62,1,11,02,J969,354580,3525128656907,38,11.6,26.4
8,3,08,02,J459,354580,3525128645126,3,3.2,0.2
3,1,05,02,J459,353650,3525120496634,5,3.3,1.7
63,1,02,02,J90,351907,3525114720567,1,9.6,8.6
6,1,09,02,J180,350160,3525131760029,2,5.1,3.1
67,3,04,02,J180,350160,3525118628724,4,8.4,4.4
1,3,07,02,J218,350950,3525121184630,14,5.4,8.6
78,3,12,02,J189,350950,3525135822990,14,8.1,5.9
1,1,05,02,J960,351907,3525104343134,4,8.1,4.1
48,1,10,01,J955,354580,3525104467368,3,6.5,3.5
1,1,03,02,J459,350950,3524102908095,5,4.1,0.9
62,1,09,01,J323,351280,3525104839113,1,1.6,0.6
92,3,08,02,J189,350160,3525128572163,15,7.2,7.8
3,1,04,02,J189,355620,3525116079166,2,5.4,3.4
26,1,09,02,J181,350950,3525121272300,3,6.7,3.7
75,1,06,02,J189,355620,3525121150310,13,8.6,4.4
2,1,03,02,J180,355240,3525104661276,3,5.5,2.5
67,1,02,02,J188,350950,3525111626707,2,8.5,6.5
12,1,02,02,J180,351907,3525104628254,2,6.1,4.1
11,3,11,02,J459,355240,3525104939268,2,3.2,1.2
47,3,12,01,J188,351907,3525104515670,5,8.1,3.1
68,1,07,02,J180,353200,3525113709117,3,8.5,5.5
1,1,05,02,J189,352340,3525111550180,4,5.4,1.4
8,1,01,02,J159,353710,3525111757838,4,5.1,1.1
59,3,10,02,J449,352340,3525111585413,7,7.9,0.9
76,3,04,02,J189,353710,3525117221406,6,8.6,2.6
1,3,07,02,J989,352470,3525126433972,4,7.5,3.5
49,3,08,02,J189,354580,3525128644840,12,8.1,3.9
5,1,10,02,J039,355620,3525133621031,2,3.2,1.2
73,3,07,02,J189,350950,3525121190020,9,8.5,0.5
45,3,01,02,J189,350160,3524133097309,6,7.5,1.5
74,3,06,02,J189,350950,3525121174883,3,8.4,5.4
47,3,02,01,J351,354580,3525104650672,2,1.6,0.4
97,3,10,02,J189,355620,3525133621999,7,7.1,0.1
10,1,05,02,J210,355670,3525114259997,2,5.0,3.0
2,1,10,02,J960,353650,3525104473451,5,8.4,3.4
89,1,02,02,J189,350950,3525111620943,4,7.4,3.4
7,1,05,02,J180,350950,3525104339416,4,5.2,1.2
72,1,09,02,J81,350950,3525128180915,6,10.1,4.1
4,3,06,02,J431,350950,3525118464461,1,3.3,2.3
53,1,05,02,J459,350950,3525118415137,4,6.3,2.3
17,1,06,02,J159,350950,3525114261350,4,6.5,2.5
71,1,09,02,J189,352050,3525126533269,1,8.5,7.5
3,1,06,02,J188,353180,3525117364527,7,5.4,1.6
33,3,07,02,J158,355240,3525104796268,16,7.8,8.2
68,1,01,02,J90,350950,3524130872438,1,9.8,8.8
4,1,12,02,J210,352050,3525134291998,3,5.4,2.4
6,1,03,02,J459,350950,3525111680332,8,3.2,4.8
28,1,05,02,J210,351907,3525104714550,8,7.5,0.5
11,3,05,02,J210,350950,3525118400210,4,5.1,1.1
4,1,09,02,J189,355620,3525128558314,4,5.4,1.4
2,1,07,02,J459,350950,3525121208180,2,3.6,1.6
4,1,07,02,J960,350950,3525121215110,3,7.2,4.2
3,3,05,02,J159,350950,3525118419229,6,5.4,0.6
87,1,08,02,J189,353340,3525121423648,8,7.3,0.7
67,1,04,02,J189,350950,3525118390222,7,8.5,1.5
3,1,11,02,J219,355240,3525135267280,3,5.4,2.4
16,3,02,02,J960,351280,3524102894070,5,7.8,2.8
72,3,08,02,J449,352050,3525126511710,6,8.0,2.0
7,3,03,02,J969,353710,3525104314138,4,6.2,2.2
1,3,04,02,J210,350950,3525118396690,4,5.3,1.3
5,3,05,02,J218,351907,3525121413550,4,5.3,1.3
2,1,03,02,J459,355240,3525104655160,3,3.6,0.6
4,3,03,02,J188,352050,3525111666197,3,5.4,2.4
3,1,04,02,J180,350950,3525118375108,2,5.4,3.4
81,1,11,02,J189,350950,3525128224630,20,7.9,12.1
4,3,07,02,J189,352340,3525111563589,8,5.4,2.6
60,1,03,02,J189,355620,3525116075041,12,8.8,3.2
1,3,07,02,J960,355240,3525104800646,2,7.5,5.5
1,1,05,02,J218,354580,3525118979680,1,5.4,4.4
8,3,05,02,J960,350950,3525104349305,5,6.3,1.3
22,3,04,01,J980,353180,3525115448470,1,5.2,4.2
67,3,06,02,J449,351907,3525124268237,8,7.9,0.1
7,1,08,02,J459,351907,3525129000173,2,3.2,1.2
78,1,04,02,J449,355620,3525118469081,12,8.4,3.6
71,1,03,02,J440,352050,3525111470111,6,8.4,2.4
6,1,02,02,J431,350950,3525111645682,2,3.2,1.2
6,1,02,02,J459,350950,3525111640215,2,3.2,1.2
89,3,11,02,J960,353650,3525135270965,4,8.5,4.5
54,1,10,02,J440,350950,3525104466840,1,6.8,5.8
79,1,06,02,J158,355620,3525121149803,7,8.1,1.1
21,1,04,02,J189,353710,3525117221769,15,7.2,7.8
2,1,09,02,J159,350950,3525121273322,12,5.5,6.5
77,1,04,02,J189,350160,3525118632717,11,7.9,3.1
72,3,08,02,J189,351907,3525129001614,8,8.5,0.5
7,1,03,02,J18,355240,3525116097932,18,5.2,12.8
28,3,06,02,J459,352340,3525111557396,1,4.6,3.6
34,3,06,02,J188,352470,3525117368751,1,7.3,6.3
41,1,09,02,J441,350160,3525128575617,8,7.0,1.0
8,3,06,02,J219,350950,3525121175125,5,5.1,0.1
65,1,06,02,J110,352340,3525111557066,12,8.4,3.6
81,3,10,02,J449,350950,3525128196249,6,7.6,1.6
56,1,07,02,J188,350950,3525121217057,1,9.5,8.5
5,1,06,02,J931,350950,3525121177116,27,6.7,20.3
1,3,06,02,J960,350950,3525118398483,5,7.5,2.5
26,1,05,02,J159,352050,3525119139806,3,6.7,3.7
1,1,04,02,J960,353340,3525104695112,4,8.1,4.1
51,3,08,02,J189,350950,3525121250563,3,8.3,5.3
82,3,05,02,J181,350950,3525118433397,1,7.8,6.8
57,3,06,02,J938,350950,3525104373879,8,8.8,0.8
2,1,07,02,J459,350950,3525121187896,1,3.6,2.6
8,3,01,01,J353,350950,3525111600824,1,1.5,0.5
71,3,06,02,J90,355670,3525114262230,4,9.7,5.7
2,1,03,02,J210,350950,3525111675954,4,5.5,1.5
6,1,05,02,J459,352470,3525119542505,4,3.2,0.8
75,1,08,02,J189,355620,3525125780671,9,8.6,0.4
70,1,05,02,J91,350950,3525118413950,23,10.2,12.8
81,3,09,02,J449,350950,3525128160334,11,7.6,3.4
29,1,01,01,J342,350380,3524102877460,2,1.6,0.4
47,1,04,01,J328,353650,3525114905565,1,1.6,0.6
88,3,06,02,J170,350160,3525121525585,7,7.4,0.4
34,3,11,02,J938,353650,3525135270130,3,9.2,6.2
78,1,04,02,J189,355620,3525118470489,6,8.1,2.1
0,3,08,02,J960,350950,3525121259891,5,9.6,4.6
38,1,09,01,J381,351280,3525104885302,2,1.6,0.4
82,1,04,02,J189,354800,3525117005916,3,7.9,4.9
11,1,01,02,J189,350950,3524130860844,5,5.0,0.0
3,3,06,02,J218,355240,3525104749265,4,5.4,1.4
75,1,05,02,J449,352050,3525119131919,6,8.6,2.6
2,3,02,02,J969,350950,3525111648355,4,7.2,3.2
36,1,08,02,J189,355670,3525123475380,3,8.1,5.1
3,3,08,02,J960,353650,3525126435700,1,7.2,6.2
1,1,02,02,J159,350950,3524102896193,10,5.4,4.6
3,1,08,01,J955,351280,3525104415151,2,6.3,4.3
72,1,06,02,J189,352470,3525124148073,5,8.5,3.5
11,1,05,02,J189,351907,3525118419075,4,5.0,1.0
2,1,10,02,J219,350950,3525128192102,4,5.5,1.5
17,3,04,02,J960,350950,3525118374195,3,7.7,4.7
59,3,05,02,J960,351280,3525117220812,2,10.6,8.6
6,1,07,02,J218,351907,3525127041645,5,5.1,0.1
1,1,02,02,J069,351905,3525104628111,1,3.0,2.0
4,3,07,02,J431,350950,3525121188655,4,3.3,0.7
88,1,08,02,J449,355240,3525126443058,1,6.8,5.8
61,3,08,02,J11,353650,3525126438251,4,8.8,4.8
1,1,07,02,J96,353650,3525126436898,4,7.9,3.9
49,3,11,02,J158,350160,3525104489016,3,8.0,5.0
1,3,06,02,J939,350950,3525118457982,15,7.5,7.5
15,1,09,01,J342,350950,3525121254710,1,1.5,0.5
81,1,09,02,J90,350950,3525128177274,8,10.5,2.5
10,1,11,01,J342,350950,3525128221307,1,1.5,0.5
55,3,08,01,J342,350950,3525121227276,1,1.6,0.6
6,1,06,02,J459,350950,3525118445673,1,3.2,2.2
23,1,11,02,J931,350950,3525128228226,3,7.9,4.9
4,3,08,02,J960,350950,3525104430100,32,7.2,24.8
3,1,11,02,J218,351907,3525135164298,3,5.4,2.4
7,1,01,02,J068,355620,3524102866438,5,3.3,1.7
8,1,05,02,J459,350950,3525104339856,3,3.2,0.2
59,1,07,02,J040,350950,3525121184717,3,5.6,2.6
47,3,11,02,J852,353180,3525104938971,13,10.1,2.9
53,1,07,02,J960,355240,3525126437657,4,9.9,5.9
29,1,03,02,J81,353650,3525116092300,7,8.2,1.2
63,1,02,02,J180,352340,3525111535561,4,8.2,4.2
2,1,03,02,J218,350950,3525111656484,3,5.5,2.5
42,3,01,02,J188,350950,3525111603079,2,7.1,5.1
7,3,07,02,J960,350950,3525104397683,4,6.3,2.3
59,3,09,02,J459,350950,3525128179056,1,7.6,6.6
47,1,05,02,J15,350950,3525118406800,3,8.6,5.6
5,3,10,01,J358,350950,3525104465520,2,1.5,0.5
4,3,08,02,J180,351907,3525128998611,3,5.4,2.4
3,3,04,02,J180,353340,3525114060171,1,5.4,4.4
93,1,10,02,J449,350950,3525128185007,3,7.4,4.4
62,1,11,02,J90,353340,3525104158785,11,11.6,0.6
12,1,11,02,J960,350950,3525104508530,23,6.7,16.3
3,1,01,02,J159,350950,3525111600351,2,5.4,3.4
56,1,01,02,J853,350950,3524102885479,26,10.8,15.2
58,3,07,02,J458,350950,3525104384593,2,8.0,6.0
3,1,02,02,J40,352050,3525111472663,7,3.3,3.7
35,3,07,02,J960,353650,3525126436524,8,8.5,0.5
7,1,07,02,J159,350160,3525117827484,18,5.0,13.0
59,3,02,02,J180,350950,3524102897073,1,8.5,7.5
1,1,08,02,J219,350950,3525121238200,1,5.5,4.5
2,1,12,02,J180,355620,3525135139009,3,5.5,2.5
77,3,08,02,J189,350950,3525121233690,6,7.8,1.8
2,3,08,02,J219,350950,3525126443509,7,5.3,1.7
13,1,09,01,J342,350950,3525121245558,1,1.5,0.5
82,1,10,02,J189,355670,3525133620591,10,7.9,2.1
2,1,03,02,J459,354580,3525104656030,4,3.6,0.4
8,3,06,02,J189,352340,3525111555780,3,5.1,2.1
81,3,11,02,J189,353710,3525134931747,6,7.8,1.8
23,1,05,02,J219,350950,3525118423607,5,6.7,1.7
61,3,05,02,J960,350950,3525104337392,3,11.3,8.3
49,3,11,02,J189,350950,3525104497574,3,8.0,5.0
84,1,06,02,J189,352340,3525111558969,2,7.8,5.8
2,1,07,02,J218,351907,3525127043526,5,5.5,0.5
6,1,06,02,J960,355670,3525104378983,21,6.7,14.3
3,3,04,02,J159,350950,3525111696326,17,5.4,11.6
57,3,08,02,J81,352340,3525111572246,18,8.8,9.2
10,1,06,02,J218,350950,3525118460072,11,5.0,6.0
36,1,09,02,J984,350950,3525123479559,6,9.0,3.0
22,3,07,02,J180,353200,3525113708985,1,6.6,5.6
73,3,07,02,J449,350950,3525125778933,8,7.9,0.1
75,3,10,02,J189,352050,3525131790422,6,8.6,2.6
59,1,08,02,J189,354580,3525128642090,12,9.5,2.5
92,3,04,02,J930,350950,3525118386196,4,6.4,2.4
1,3,09,02,J210,351280,3525121273674,14,5.4,8.6
66,1,12,02,J90,352340,3525104983059,5,9.6,4.6
39,1,02,02,J948,354580,3525104624712,5,10.1,5.1
51,1,08,02,J998,350950,3525121250640,14,10.4,3.6
2,3,12,02,J210,351907,3525104969562,1,5.3,4.3
12,3,07,02,J158,354580,3525118986334,4,6.2,2.2
36,3,10,02,J189,350160,3525134324294,6,8.2,2.2
5,1,07,02,J210,350950,3525121219422,16,5.3,10.7
1,3,06,02,J210,355240,3525118897377,3,5.4,2.4
40,3,06,02,J960,350950,3525121181747,7,8.1,1.1
8,1,03,02,J159,352050,3525116054152,4,5.1,1.1
76,3,06,02,J189,353340,3525121421030,19,8.5,10.5
66,3,06,02,J441,350160,3525121524090,18,7.8,10.2
7,3,05,02,J210,350160,3525121523572,3,5.1,2.1
1,3,03,02,J960,350950,3525116092454,5,7.5,2.5
69,1,04,02,J180,350950,3524102914992,20,8.5,11.5
4,3,01,01,J950,350950,3524102872103,3,6.2,3.2
5,1,08,02,J459,355240,3525104804276,1,3.2,2.2
2,1,02,02,J180,350950,3524102900329,7,5.5,1.5
13,3,08,02,J960,350950,3525117371853,11,7.1,3.9
13,3,10,01,J342,350950,3525128156022,1,1.5,0.5
8,1,07,02,J180,351907,3525127041557,3,5.0,2.0
72,3,08,02,J189,351907,3525128998435,9,8.5,0.5
8,3,07,02,J219,350950,3525121186807,2,5.1,3.1
72,3,01,02,J448,352050,3524131570300,7,8.1,1.1
2,1,09,02,J219,351907,3525104872124,3,5.5,2.5
94,3,06,02,J189,350950,3525118455243,2,7.2,5.2
74,1,05,02,J180,353200,3525113708523,13,8.5,4.5
11,1,09,01,J342,350950,3525121266601,1,1.5,0.5
71,1,08,02,J960,352050,3525122804148,27,10.2,16.8
30,3,01,02,J390,352050,3525111466712,10,3.3,6.7
70,1,06,02,J189,350160,3525121526630,4,8.6,4.6
73,1,05,02,J189,351280,3525122821660,7,8.5,1.5
55,1,01,02,J189,350950,3525111613408,2,9.3,7.3
2,1,06,02,J960,350950,3525118447664,13,8.4,4.6
1,3,11,02,J459,350950,3525128251843,2,3.9,1.9
64,1,08,02,J441,353340,3525121423901,16,8.4,7.6
3,3,04,02,J210,350950,3525118392620,3,5.4,2.4
1,1,10,02,J459,353180,3525104877228,2,4.1,2.1
91,1,11,02,J158,353650,3525135270063,1,7.0,6.0
38,3,07,01,J342,352340,3525111563765,1,1.6,0.6
2,3,01,02,J80,350950,3524130864243,2,7.2,5.2
81,3,07,02,J180,350160,3525125932196,14,7.8,6.2
61,1,06,02,J449,353180,3525120887981,1,7.5,6.5
5,3,04,02,J210,355240,3525102612207,7,5.3,1.7
63,1,06,02,J189,352470,3525121331864,7,8.3,1.3
8,3,09,02,J180,350950,3525121269329,9,5.1,3.9
63,3,10,02,J189,355240,3525104476245,18,8.2,9.8
4,3,04,02,J459,354800,3525117003320,5,3.2,1.8
4,1,06,02,J210,350950,3525118413729,2,5.4,3.4
15,3,05,02,J180,350380,3525104344245,4,6.4,2.4
45,3,06,02,J90,354580,3525121529677,31,8.8,22.2
34,3,10,02,J869,355240,3525104877932,3,9.2,6.2
35,1,12,02,J938,355620,3525135139560,10,9.3,0.7
67,1,07,02,J91,352340,3525112160240,20,9.8,10.2
3,3,04,02,J80,355620,3525118472458,3,7.1,4.1
27,3,08,01,J342,350950,3525104415558,1,1.6,0.6
83,3,07,02,J441,353180,3525126070796,7,7.6,0.6
3,1,06,02,J459,350950,3525118398406,6,3.3,2.7
1,3,07,02,J159,350950,3525121200293,5,5.4,0.4
89,1,05,02,J189,351280,3525122821320,3,7.4,4.4
89,1,01,02,J189,350160,3525112449958,7,7.4,0.4
70,1,08,02,J189,352050,3525122808053,4,8.6,4.6
2,3,04,02,J210,354580,3525118973717,2,5.3,3.3
79,1,08,02,J100,350950,3525104424590,2,8.1,6.1
3,3,06,02,J210,350950,3525104366641,8,5.4,2.6
10,1,06,02,J159,355670,3525114261526,3,5.0,2.0
1,3,03,02,J189,355240,3525118890744,5,5.3,0.3
34,1,01,02,J18,350950,3524130871745,18,8.3,9.7
6,1,01,01,J359,353650,3525111774690,1,1.5,0.5
9,1,07,02,J960,350950,3525104392667,2,6.2,4.2
1,3,04,02,J219,355240,3525104691185,2,5.3,3.3
69,3,01,02,J440,350160,3525112452048,4,8.3,4.3
19,3,04,01,J342,350950,3525104661782,1,1.5,0.5
3,1,04,02,J80,355620,3525121146635,4,7.2,3.2
67,1,04,02,J189,354800,3525117003804,6,8.5,2.5
35,3,05,01,J342,353200,3525104743677,2,1.6,0.4
77,1,05,02,J189,354580,3525118975290,11,7.9,3.1
69,3,05,02,J188,350950,3525118425202,12,8.5,3.5
27,1,10,01,J390,353650,3525133191591,2,1.6,0.4
88,3,02,02,J96,350950,3525111630447,29,8.5,20.5
3,1,08,02,J431,350950,3525121247131,2,3.3,1.3
17,1,08,02,J930,350950,3525104415734,6,7.5,1.5
70,3,07,02,J449,352470,3525126433257,6,8.4,2.4
90,3,10,02,J189,352340,3525111584643,1,7.4,6.4
7,3,08,02,J960,350950,3525121212206,4,6.3,2.3
9,1,05,02,J459,350950,3525104340175,4,3.2,0.8
31,1,01,02,J180,350160,3525112451201,9,7.9,1.1
55,3,07,02,J960,350950,3525121224372,6,9.8,3.8
1,3,10,02,J180,350950,3525128207150,2,5.3,3.3
1,1,07,02,J180,351907,3525127046364,3,5.5,2.5
73,1,05,02,J158,350950,3525118412442,2,8.5,6.5
68,1,05,02,J43,353180,3525120887409,6,8.4,2.4
21,3,07,02,J948,350160,3525125927279,6,10.6,4.6
65,3,08,02,J168,353180,3525126071962,1,8.3,7.3
67,3,04,02,J159,352050,3525116062677,8,8.4,0.4
2,3,06,02,J188,350950,3525118465979,9,5.3,3.7
1,1,04,02,J960,350950,3525118368365,6,8.1,2.1
52,1,12,02,J950,350950,3525135796171,56,10.4,45.6
0,1,04,02,J189,350950,3525118380245,5,5.9,0.9
68,3,08,02,J189,352050,3525126506210,10,8.5,1.5
67,3,10,02,J189,350160,3525131765100,8,8.4,0.4
1,1,07,02,J188,350950,3525121188150,17,5.5,11.5
75,3,07,02,J960,350950,3525121189348,54,9.8,44.2
2,3,01,02,J188,350950,3524130859007,6,5.3,0.7
2,3,05,02,J210,350160,3525118636919,6,5.3,0.7
75,3,08,02,J181,350950,3525121231390,13,8.5,4.5
74,3,11,02,J449,354580,3525128657920,30,8.1,21.9
78,1,01,02,J80,350950,3525111614090,7,9.8,2.8
61,3,10,02,J440,350950,3525128197470,5,7.0,2.0
85,3,07,02,J18,350950,3525121203241,10,7.8,2.2
73,3,08,02,J441,352050,3525122807294,7,7.9,0.9
6,1,03,02,J459,353650,3525116094940,3,3.2,0.2
4,1,02,02,J219,355240,3525104627143,2,5.4,3.4
1,1,06,02,J180,350950,3525118451459,7,5.5,1.5
38,3,05,02,J189,355620,3525121146976,6,6.8,0.8
84,3,03,02,J180,350950,3525111653723,2,8.1,6.1
5,1,09,02,J459,350950,3525128166428,1,3.2,2.2
91,1,08,02,J449,353650,3525126441111,3,6.6,3.6
63,3,07,02,J441,350950,3525121223932,15,7.7,7.3
60,1,11,02,J180,352340,3525111588823,2,8.8,6.8
11,1,04,02,J218,350950,3525111690727,5,5.0,0.0
1,3,07,02,J210,350950,3525121191922,3,5.4,2.4
43,1,12,02,J91,350950,3525135825288,1,8.7,7.7
2,1,03,02,J188,352050,3525100245359,4,5.5,1.5
3,1,03,02,J218,350950,3525111682576,3,5.4,2.4
57,1,10,02,J90,352470,3525104470350,2,9.3,7.3
45,1,07,02,J90,354580,3525118990987,7,9.4,2.4
2,1,07,02,J459,350950,3525121184508,3,3.6,0.6
62,1,03,02,J189,354580,3525111502187,34,8.7,25.3
5,1,02,01,J441,355670,3524102905125,1,2.7,1.7
10,3,06,02,J210,352050,3525119144162,7,5.1,1.9
8,1,05,02,J210,351907,3525121411130,6,5.1,0.9
1,3,04,02,J960,350950,3525118375504,10,7.5,2.5
65,3,07,02,J189,350950,3525121199545,14,8.3,5.7
74,3,06,02,J180,353200,3525113708842,1,8.4,7.4
13,1,10,02,J459,350950,3525128191750,1,3.2,2.2
31,1,02,02,J36,350950,3524130879313,3,3.6,0.6
1,1,08,02,J22,350950,3525121262916,4,5.5,1.5
67,1,02,02,J158,350950,3525111628600,3,8.5,5.5
31,3,06,02,J039,355670,3525114263011,1,3.3,2.3
3,3,07,02,J210,355670,3525114270029,4,5.4,1.4
1,3,03,02,J218,352050,3525116049312,3,5.3,2.3
7,3,09,02,J459,350950,3525128171345,3,3.2,0.2
79,1,04,02,J189,350950,3525118377517,5,8.1,3.1
88,3,01,02,J189,352470,3525111767750,8,7.4,0.6
1,3,01,02,J159,352050,3524131574535,1,5.3,4.3
1,1,10,02,J180,350160,3525131764748,2,5.4,3.4
25,1,08,02,J069,355240,3525104828850,1,2.9,1.9
62,3,04,02,J90,350950,3525118385316,3,11.3,8.3
6,3,05,02,J459,352470,3525119542560,4,3.2,0.8
66,1,07,02,J168,353180,3525126071467,2,8.4,6.4
4,3,11,02,J358,353650,3525135272076,1,3.6,2.6
12,1,06,01,J342,350950,3525121178051,1,1.5,0.5
11,1,03,02,J80,350950,3525111682807,7,6.1,0.9
51,3,10,02,J441,351280,3525131646696,12,7.5,4.5
8,1,02,02,J219,350950,3525111651127,9,5.1,3.9
48,1,09,02,J110,350950,3525104441078,18,8.6,9.4
7,1,03,02,J90,352050,3525116049697,10,6.3,3.7
63,1,09,02,J449,350950,3525128162853,1,8.2,7.2
64,3,11,02,J441,350950,3525104495220,1,7.6,6.6
82,3,07,02,J189,350950,3525121223910,17,7.8,9.2
39,1,05,02,J189,352470,3525119542330,2,8.3,6.3
44,1,11,02,J930,353710,3525134932088,4,8.6,4.6
63,3,10,02,J960,351907,3525104476157,9,9.2,0.2
34,1,07,02,J180,351280,3525126841874,3,8.3,5.3
3,1,05,02,J210,353650,3525118900314,7,5.4,1.6
1,1,06,02,J218,350160,3525121527895,7,5.5,1.5
68,1,08,02,J189,353340,3525121423131,8,8.5,0.5
62,1,12,02,J180,350950,3525135791188,2,8.7,6.7
81,1,03,02,J159,355670,3524132030573,12,7.9,4.1
2,3,08,02,J459,351907,3525129000855,3,3.4,0.4
2,3,11,02,J960,355240,3525104938102,5,7.2,2.2
70,3,04,02,J189,354800,3525117004101,2,8.5,6.5
1,1,08,02,J219,350950,3525121258604,18,5.5,12.5
71,3,09,02,J44,350950,3525128154988,14,8.4,5.6
12,1,01,02,J180,350950,3524102870508,7,6.1,0.9
46,3,12,02,J852,350950,3525104964227,39,9.7,29.3
56,3,06,01,J342,351907,3525104754325,1,1.6,0.6
81,3,05,01,J180,351515,3525115460207,8,9.9,1.9
6,1,06,02,J210,350950,3525118454352,4,5.1,1.1
50,1,10,02,J189,350160,3525131764902,4,8.9,4.9
89,1,05,02,J180,350950,3525118418987,15,7.4,7.6
51,3,02,02,J80,350950,3524130879093,9,10.1,1.1
81,3,08,02,J189,354580,3525118992978,7,7.8,0.8
13,1,06,02,J188,353180,3525117358664,6,6.1,0.1
70,1,05,02,J189,354580,3525118975730,5,8.5,3.5
1,1,06,02,J189,354580,3525118984519,5,5.5,0.5
2,3,10,02,J459,350950,3525128188131,4,3.4,0.6
0,1,10,02,J960,351907,3525131907638,1,11.1,10.1
50,3,04,01,J948,355240,3525104687357,7,6.7,0.3
10,1,04,02,J210,350950,3525118395250,6,5.0,1.0
62,3,03,02,J189,353340,3525114058818,30,8.8,21.2
65,1,05,02,J449,350950,3525118399000,8,8.4,0.4
7,1,08,02,J980,352470,3525128321154,3,6.4,3.4
72,1,01,02,J449,352050,3524131574689,4,8.4,4.4
90,3,03,02,J181,350950,3525111671720,21,7.4,13.6
2,1,10,02,J189,350950,3525128196689,16,5.5,10.5
8,1,12,02,J209,350950,3525135824221,8,5.1,2.9
25,3,01,02,J450,350950,3525111599757,1,3.5,2.5
43,1,10,02,J189,355620,3525131646487,19,8.0,11.0
42,3,09,02,J449,353650,3525133187466,5,6.6,1.6
8,1,10,02,J80,350950,3525128216401,4,6.2,2.2
80,1,11,02,J189,353650,3525133194913,3,7.9,4.9
61,1,09,02,J960,355240,3525104835780,46,11.6,34.4
1,1,05,02,J960,355240,3525118899995,1,8.1,7.1
74,1,03,02,J168,353180,3525114364585,3,8.5,5.5
64,1,12,02,J960,350950,3525135806808,3,9.7,6.7
12,1,11,02,J039,355240,3525104508255,4,3.2,0.8
81,3,06,02,J189,352050,3525119143656,7,7.8,0.8
6,1,10,01,J955,350950,3525104468391,3,5.6,2.6
80,3,07,02,J189,352050,3525122800639,8,7.8,0.2
90,3,07,02,J960,350160,3525125931305,2,8.5,6.5
6,1,10,02,J180,352050,3525131793887,8,5.1,2.9
78,3,11,02,J90,350950,3525128248389,14,9.6,4.4
25,3,05,02,J450,350950,3525118437258,3,3.5,0.5
90,1,07,02,J980,350950,3525121211810,6,7.9,1.9
50,3,12,02,J180,350950,3525135818204,3,8.4,5.4
45,3,08,01,J323,350160,3525104828510,1,1.8,0.8
7,1,03,01,J353,352340,3525111538366,1,1.5,0.5
3,1,09,02,J459,350950,3525128179100,2,3.3,1.3
71,3,10,02,J159,350950,3525128205588,13,8.5,4.5
43,1,10,02,J851,352340,3525111581464,7,8.7,1.7
57,1,07,02,J981,350950,3525121208246,22,9.9,12.1
56,3,05,01,J448,350950,3525118412420,1,6.8,5.8
38,3,10,01,J955,354580,3525104483439,8,4.4,3.6
76,3,08,02,J189,351280,3525126843887,2,8.5,6.5
28,1,07,02,J180,353200,3525113709205,2,7.5,5.5
59,3,01,02,J189,351280,3525113373628,4,8.5,4.5
10,3,01,02,J930,351907,3524130866102,22,6.2,15.8
79,3,01,02,J81,352340,3525111529610,4,9.5,5.5
36,3,09,02,J441,350950,3525128176933,2,6.5,4.5
18,1,05,02,J182,350950,3525118402080,5,6.6,1.6
56,1,04,02,J189,354580,3525111507423,12,9.3,2.7
53,3,03,02,J189,353650,3525118890800,6,7.9,1.9
2,3,11,02,J459,350950,3525135788581,5,3.4,1.6
4,3,06,02,J210,352050,3525122782995,4,5.4,1.4
62,3,12,02,J180,350950,3525104520190,8,8.8,0.8
11,3,03,01,J342,350950,3525111652172,1,1.5,0.5
69,3,06,02,J81,350950,3525121185355,8,9.7,1.7
66,1,04,02,J210,350950,3525111694412,8,8.4,0.4
59,3,03,01,J343,350950,3525500520443,1,1.6,0.6
73,3,09,02,J441,350950,3525121267680,5,7.9,2.9
78,1,07,02,J448,350160,3525125928522,4,8.1,4.1
30,1,02,02,J80,350950,3525111642591,8,9.0,1.0
9,1,08,02,J180,350950,3525129001911,7,5.0,2.0
71,1,05,02,J189,350950,3525118423300,8,8.5,0.5
2,1,10,02,J960,350950,3525128210384,1,8.4,7.4
13,1,11,01,J359,353650,3525135268369,1,1.5,0.5
5,1,05,02,J91,355240,3525104723954,11,6.6,4.4
58,3,06,02,J449,355620,3525114261537,1,8.0,7.0
6,3,09,01,J386,350950,3525104444928,1,1.5,0.5
13,3,07,02,J180,352050,3525122783809,23,6.2,16.8
65,1,02,02,J189,352470,3525114722492,7,8.4,1.4
70,1,12,02,J181,350950,3525135809756,3,8.5,5.5
83,3,10,02,J189,351280,3525131647037,4,7.8,3.8
62,1,06,02,J180,352470,3525124147501,3,8.8,5.8
3,3,12,02,J218,350950,3525135822681,29,5.4,23.6
16,1,07,01,J350,351515,3525501641057,1,1.5,0.5
77,3,08,02,J969,350160,3525125933802,2,9.8,7.8
12,1,11,02,J181,352050,3525131795340,20,6.1,13.9
29,3,08,02,J040,350950,3525121254534,4,3.1,0.9
1,1,08,02,J218,350950,3525104414678,1,5.5,4.5
89,1,01,02,J189,355620,3525111814224,2,7.4,5.4
7,3,05,02,J210,350160,3525121523803,4,5.1,1.1
1,1,05,02,J219,350950,3525118408339,1,5.4,4.4
5,1,03,02,J960,350950,3525111663634,5,6.6,1.6
2,3,07,02,J459,351907,3525127043515,3,3.4,0.4
3,1,11,02,J960,355240,3525104493812,6,7.2,1.2
4,3,05,02,J431,350950,3525118423959,2,3.2,1.2
7,1,07,02,J100,353650,3525126435370,3,5.0,2.0
8,3,05,02,J219,350950,3525118423520,1,5.1,4.1
1,3,04,02,J960,350950,3525118375537,20,7.5,12.5
1,1,11,02,J219,350950,3525128233363,6,5.4,0.6
77,3,10,02,J80,355620,3525128560899,18,9.4,8.6
1,1,12,02,J210,355240,3525104967593,7,5.4,1.6
44,1,12,02,J189,350160,3525136709556,5,8.0,3.0
93,1,01,02,J449,355670,3524132022873,8,7.4,0.6
41,3,08,02,J459,350160,3525125933472,7,6.6,0.4
46,3,06,02,J448,350950,3525104380127,1,6.4,5.4
88,1,04,02,J18,350950,3525118380971,12,7.4,4.6
71,3,03,02,J91,354580,3525104657657,1,9.9,8.9
10,3,09,02,J80,350950,3525128163690,30,6.2,23.8
7,3,03,02,J459,350950,3525111659905,2,3.2,1.2
64,3,01,02,J91,352050,3524131572148,4,9.3,5.3
46,3,12,02,J189,351280,3525134934189,4,7.8,3.8
66,1,10,02,J180,352470,3525132977894,5,8.4,3.4
9,3,05,02,J459,350950,3525118405974,2,3.2,1.2
2,3,02,02,J189,355670,3524132027240,3,5.3,2.3
69,1,12,02,J90,350160,3525136713296,44,10.2,33.8
10,3,11,02,J46,355620,3525134349583,3,3.2,0.2
1,1,05,02,J459,353650,3525118900446,3,4.1,1.1
15,1,11,02,J960,350950,3525127901702,10,7.4,2.6
87,3,06,02,J181,350950,3525121181802,13,7.4,5.6
2,3,04,02,J189,350950,3525118392455,5,5.3,0.3
2,3,05,02,J189,352340,3525111555120,4,5.3,1.3
9,1,05,02,J210,351907,3525120496040,7,5.1,1.9
36,1,09,02,J189,353650,3525133185960,8,8.1,0.1
1,1,03,02,J188,355240,3525100241905,4,5.4,1.4
14,1,10,02,J459,350950,3525128198670,6,3.3,2.7
3,1,04,02,J459,351907,3525119450490,3,3.3,0.3
56,1,02,02,J188,350950,3524102891683,10,9.3,0.7
6,3,08,02,J180,350950,3525121239453,11,5.1,5.9
85,1,07,02,J189,354580,3525118990954,4,7.5,3.5
42,1,08,02,J180,350950,3525121251531,8,9.4,1.4
12,3,11,02,J159,350160,3525136710040,3,6.2,3.2
9,1,06,02,J219,350950,3525118452262,4,5.0,1.0
79,1,02,02,J159,351907,3525111636123,20,8.1,11.9
2,1,12,02,J210,355240,3525104965173,6,5.5,0.5
17,1,10,01,J342,350950,3525128165394,1,1.5,0.5
2,1,10,02,J188,352050,3525122139022,2,5.5,3.5
1,3,09,02,J218,350160,3525131760942,4,5.4,1.4
26,3,01,01,J342,351907,3525104612095,2,1.5,0.5
22,1,12,02,J960,354580,3525104970299,8,7.9,0.1
66,1,03,02,J18,350950,3525111651831,4,8.4,4.4
3,1,07,02,J180,355240,3525104758076,3,5.4,2.4
11,3,11,02,J180,352050,3525134270130,5,5.1,0.1
60,3,08,02,J459,355240,3525104828014,1,7.7,6.7
58,3,06,01,J90,354580,3525117738923,2,7.3,5.3
8,3,11,02,J189,350950,3525128249533,3,5.1,2.1
1,3,10,02,J960,350380,3525104462638,8,7.5,0.5
61,3,08,02,J960,350950,3525121228684,15,11.3,3.7
6,3,03,02,J219,352050,3525116053371,5,5.1,0.1
5,1,08,02,J180,350950,3525128556202,6,5.3,0.7
3,1,05,02,J210,353650,3525118897311,6,5.4,0.6
61,3,01,02,J189,350950,3524130869105,6,8.8,2.8
1,1,08,02,J210,350950,3525121230114,2,5.5,3.5
1,1,12,02,J459,350950,3525135807600,10,4.1,5.9
71,3,02,02,J189,355620,3525111817326,5,8.5,3.5
50,1,06,02,J90,350160,3525121525860,9,10.4,1.4
1,1,07,02,J210,350950,3525121200381,1,5.5,4.5
4,1,05,02,J219,350950,3525118432264,2,5.4,3.4
4,3,06,02,J450,350950,3525118445871,2,3.3,1.3
8,3,01,02,J189,350950,3524130865706,1,5.1,4.1
41,1,11,02,J180,355240,3525104935396,2,8.3,6.3
1,1,10,02,J189,354580,3525128652155,3,5.4,2.4
4,3,03,02,J46,355620,3525116076515,1,3.2,2.2
9,3,08,02,J219,350950,3525104428593,2,5.1,3.1
5,3,03,02,J189,354580,3525111504080,11,5.3,5.7
1,1,10,02,J210,350950,3525128194930,8,5.4,2.6
65,1,02,02,J960,350950,3524102898525,7,9.6,2.6
65,1,06,02,J441,351907,3525104756591,1,8.4,7.4
67,1,06,02,J189,354580,3525118977963,14,8.5,5.5
1,3,11,02,J189,351907,3525135164980,12,5.3,6.7
3,1,11,02,J180,350160,3525136709402,8,5.4,2.6
5,1,08,02,J189,355620,3525128555883,5,5.3,0.3
28,1,09,01,J342,355670,3525104893585,2,1.6,0.4
1,1,10,02,J930,352340,3525104476872,8,8.1,0.1
84,1,06,02,J189,355620,3525121148527,29,7.8,21.2
3,3,03,02,J219,350950,3525111658387,7,5.4,1.6
86,1,02,02,J18,353180,3525114362968,2,7.4,5.4
1,3,11,02,J459,352340,3525111590462,3,3.9,0.9
3,1,04,02,J960,350950,3525118378034,5,7.2,2.2
54,3,06,02,J47,352050,3525122788430,8,6.5,1.5
4,3,05,02,J180,352050,3525119138189,7,5.4,1.6
8,1,05,02,J371,350950,3525118401673,2,3.3,1.3
63,1,08,02,J159,355240,3525126442255,3,8.3,5.3
59,1,05,02,J441,351280,3525104352352,4,8.8,4.8
51,1,12,02,J90,355240,3525104940775,33,10.4,22.6
7,3,10,02,J459,350950,3525128188296,5,3.2,1.8
83,3,08,02,J189,351280,3525126843920,5,7.8,2.8
7,1,11,02,J180,350950,3525128238379,2,5.2,3.2
10,3,10,02,J459,350950,3525128204532,2,3.2,1.2
5,1,09,01,J353,352340,3525111576239,1,1.5,0.5
6,1,09,02,J960,350380,3525104455972,3,6.7,3.7
67,3,03,02,J942,355240,3525104677072,1,9.4,8.4
2,1,07,02,J960,350160,3525104792693,7,8.4,1.4
1,1,07,02,J80,350950,3525121187819,6,7.9,1.9
3,3,09,02,J80,352340,3525128153822,7,7.2,0.2
61,1,08,02,J18,350950,3525121235537,15,8.8,6.2
2,1,01,02,J189,350950,3525111606764,2,5.5,3.5
5,1,06,02,J969,350950,3525118413817,6,6.7,0.7
9,1,03,02,J189,352470,3525117280014,6,5.1,0.9
1,3,02,02,J159,350950,3524130872120,10,5.3,4.7
74,1,04,02,J851,350950,3525106958175,5,9.9,4.9
43,3,09,02,J90,351907,3525128182499,7,7.3,0.3
77,1,04,02,J15,350950,3525118397504,8,7.9,0.1
55,3,04,02,J18,350950,3525111669244,30,8.1,21.9
1,1,03,02,J90,353340,3525114058037,3,8.1,5.1
1,1,05,02,J960,350160,3525104717761,26,8.1,17.9
79,3,02,02,J449,352470,3525111768739,2,7.9,5.9
7,1,06,02,J219,355240,3525120497591,5,5.0,0.0
4,3,05,02,J210,350160,3525121519920,3,5.4,2.4
83,1,09,02,J960,353650,3525133185981,1,9.8,8.8
87,3,03,02,J129,350160,3525116085755,15,7.4,7.6
62,3,08,02,J942,352050,3525126512303,7,11.4,4.4
6,3,04,02,J960,350950,3525118381169,5,6.5,1.5
2,3,07,02,J960,350950,3525121218564,8,7.3,0.7
5,1,01,02,J961,350950,3524102875843,16,6.6,9.4
7,1,02,02,J459,355240,3525104601172,2,3.2,1.2
79,1,05,02,J189,350950,3525118434893,5,8.1,3.1
6,3,02,02,J159,350950,3524102890935,1,5.1,4.1
68,3,07,02,J189,350160,3525125925211,7,8.5,1.5
2,3,11,02,J189,350160,3525134329420,3,5.3,2.3
69,1,08,02,J189,353650,3525126438097,13,8.6,4.4
95,1,11,02,J189,352340,3525111589791,4,6.5,2.5
1,3,12,02,J80,350950,3525135825002,6,7.5,1.5
6,3,06,02,J219,350950,3525118441911,8,5.1,2.9
7,1,07,02,J459,350950,3525121189470,2,3.2,1.2
5,3,03,01,J350,353650,3525104658086,2,1.5,0.5
51,1,02,02,J441,350950,3524102900164,4,7.3,3.3
76,1,12,02,J189,352050,3525134274728,22,8.6,13.4
1,3,08,02,J11,353650,3525126438449,2,5.4,3.4
22,1,07,02,J218,352340,3525111562456,8,6.7,1.3
11,3,02,02,J348,350950,3524102894466,2,3.5,1.5
32,1,12,02,J938,350950,3525135820965,3,8.8,5.8
10,1,03,02,J219,350950,3525111657958,2,5.0,3.0
81,3,07,02,J180,355240,3525104795080,9,7.8,1.2
69,3,01,02,J180,350160,3525111807680,3,8.5,5.5
79,3,05,02,J159,353180,3525120887300,4,8.0,4.0
41,3,06,01,J341,355670,3525114263902,1,1.7,0.7
71,1,08,02,J189,350950,3525121238738,7,8.5,1.5
84,3,11,02,J189,353710,3525134931340,5,8.1,3.1
42,1,07,02,J189,355620,3525125776425,29,9.4,19.6
5,3,07,02,J218,351907,3525127041733,12,5.3,6.7
22,1,03,02,J931,351907,3525104631455,9,7.9,1.1
93,3,11,02,J159,355670,3525123489921,10,7.1,2.9
86,1,09,02,J11,353650,3525133188533,1,7.4,6.4
69,1,03,02,J181,350950,3525111673743,3,8.5,5.5
45,1,07,02,J90,354580,3525118985069,11,9.4,1.6
10,1,03,02,J178,351515,3525114509268,12,5.0,7.0
1,1,04,02,J80,350950,3525118381994,3,8.1,5.1
5,1,02,01,J353,352470,3525114722426,1,1.5,0.5
1,1,05,02,J90,350950,3525104350834,8,8.1,0.1
69,1,08,02,J449,353200,3525113709216,3,8.3,5.3
1,3,05,02,J210,350950,3525118411474,5,5.3,0.3
45,1,01,02,J189,350950,3524130869732,8,8.6,0.6
3,3,08,02,J960,351280,3525126442520,4,7.2,3.2
19,1,10,02,J189,350950,3525133624420,2,6.6,4.6
58,3,05,02,J189,350950,3525118412585,1,8.5,7.5
1,3,09,02,J218,351907,3525128159762,5,5.4,0.4
3,1,08,02,J431,350950,3525121242918,2,3.3,1.3
84,3,04,02,J955,352340,3525112109200,7,9.7,2.7
1,1,01,02,J370,350950,3524130872086,18,4.8,13.2
13,1,09,02,J45,350950,3525126443146,4,3.2,0.8
58,3,05,01,J189,350380,3525102284319,21,9.7,11.3
43,3,12,01,J351,350160,3525104964030,1,1.6,0.6
69,1,12,02,J869,353180,3525135821966,10,10.2,0.2
8,3,05,02,J989,352050,3525119133173,3,6.3,3.3
74,3,01,02,J159,351907,3524102872840,1,8.5,7.5
1,3,04,02,J210,350160,3525118630099,4,5.3,1.3
1,1,12,02,J218,354580,3525135173252,2,5.4,3.4
48,3,10,02,J36,352050,3525131802071,4,4.2,0.2
5,3,11,02,J218,350950,3525128244660,2,5.3,3.3
39,1,12,02,J980,350160,3525136711019,2,10.1,8.1
73,1,02,02,J159,350160,3525112453456,4,8.5,4.5
57,3,07,02,J449,350950,3525126433455,7,7.7,0.7
1,3,08,02,J80,350950,3525121228717,17,7.5,9.5
2,3,02,02,J459,350950,3525111633868,2,3.4,1.4
17,3,07,01,J343,355240,3525104756954,1,1.5,0.5
29,1,06,02,J189,352050,3525119147198,1,7.5,6.5
1,1,07,02,J210,351280,3525121203802,2,5.5,3.5
68,3,02,02,J449,355620,3524132023368,2,8.2,6.2
6,1,09,02,J219,355240,3525126443400,8,5.1,2.9
5,1,04,02,J459,351907,3525119449710,2,3.2,1.2
1,3,06,02,J180,350950,3525118441141,3,5.4,2.4
1,1,04,02,J219,350950,3525118371600,3,5.4,2.4
5,3,09,02,J180,352050,3525126533742,2,5.3,3.3
59,3,02,01,J343,355240,3525104604164,1,1.6,0.6
60,1,02,02,J189,352050,3525111463962,4,8.8,4.8
60,1,10,01,J342,352050,3525104467709,2,1.6,0.4
4,1,08,02,J219,351280,3525126439714,4,5.4,1.4
1,1,05,02,J459,350160,3525104718784,4,4.1,0.1
5,1,06,02,J459,350950,3525118463548,5,3.2,1.8
9,1,06,02,J219,351905,3525121332084,3,5.0,2.0
3,3,10,02,J960,350950,3525128188098,6,7.1,1.1
39,1,12,02,J80,350950,3525135810570,11,10.1,0.9
26,3,07,02,J180,352050,3525122800694,10,6.6,3.4
72,1,08,02,J930,350950,3525121240905,5,10.1,5.1
62,3,02,02,J960,351907,3525114720050,17,11.3,5.7
4,1,09,02,J960,350950,3525121266282,30,7.2,22.8
5,1,06,02,J459,352340,3525111557330,1,3.2,2.2
10,1,11,02,J129,354580,3525104496342,8,5.0,3.0
10,1,05,02,J210,350950,3525118420791,4,5.0,1.0
78,3,07,02,J449,350950,3525121213581,6,8.0,2.0
87,3,06,02,J449,353200,3525113708622,1,7.6,6.6
2,1,03,02,J218,354580,3525111508842,3,5.5,2.5
74,1,07,02,J110,350950,3525104389389,2,8.5,6.5
78,3,05,02,J449,352470,3525119542670,5,8.1,3.1
76,3,07,02,J449,352050,3525122785470,23,7.9,15.1
22,3,07,02,J40,354580,3525118989062,3,3.6,0.6
73,3,01,02,J189,352340,3525111528257,3,8.4,5.4
1,3,01,02,J040,350950,3525111607435,4,3.4,0.6
1,1,10,02,J189,354580,3525128652617,3,5.4,2.4
3,1,10,02,J459,350950,3525128187592,3,3.3,0.3
89,1,07,02,J180,350950,3525121204308,8,7.3,0.7
1,1,06,02,J960,353180,3525104756074,21,7.9,13.1
3,3,02,02,J359,350950,3525111626751,4,3.6,0.4
11,3,06,02,J219,350950,3525118448874,7,5.1,1.9
2,3,05,02,J219,350950,3525118416919,3,5.3,2.3
66,3,02,02,J930,350950,3525111620338,3,9.2,6.2
89,1,11,02,J189,351280,3525134932880,12,7.4,4.6
3,1,04,02,J34,354800,3525119542021,6,3.3,2.7
73,3,06,02,J189,355620,3525125775040,7,8.5,1.5
63,1,02,01,J984,350950,3524102884511,27,7.0,20.0
26,1,04,02,J36,350950,3525118393820,1,3.4,2.4
5,1,11,02,J960,350950,3525135784357,23,6.6,16.4
64,1,05,02,J189,354580,3525118979261,7,8.4,1.4
57,1,02,02,J441,350950,3524102900296,5,8.3,3.3
3,3,02,02,J189,353650,3525116091904,2,5.4,3.4
46,3,05,02,J180,351907,3525118438545,6,7.8,1.8
50,3,03,01,J342,350950,3525111656616,1,1.7,0.7
2,3,12,02,J219,350950,3525135798888,3,5.3,2.3
3,1,06,02,J218,350950,3525118454143,2,5.4,3.4
11,1,06,02,J80,350950,3525118443781,4,6.1,2.1
82,1,09,02,J180,353200,3525113709480,2,7.9,5.9
72,3,12,02,J80,350950,3525135810746,8,9.7,1.7
21,3,02,01,J350,352340,3525100961591,1,1.5,0.5
90,3,06,02,J189,354580,3525118978360,4,7.5,3.5
3,3,03,02,J189,350950,3525111680300,2,5.4,3.4
7,3,04,02,J459,350950,3525118396679,1,3.2,2.2
83,1,05,02,J159,350160,3525118633795,1,7.9,6.9
65,1,05,02,J90,350950,3525118429041,20,9.6,10.4
36,1,05,01,J323,354580,3525104718883,1,1.6,0.6
61,1,03,02,J180,351907,3525111683203,30,8.8,21.2
76,1,05,02,J441,353650,3525120494368,1,8.6,7.6
3,1,06,02,J159,350950,3525118465594,11,5.4,5.6
2,1,07,02,J960,353650,3525104402688,11,8.4,2.6
3,1,04,02,J210,353650,3525118895001,6,5.4,0.6
7,1,12,02,J180,350950,3525135806445,9,5.2,3.8
3,1,07,02,J210,353180,3525122794105,4,5.4,1.4
5,1,12,02,J180,350950,3525104517099,4,5.3,1.3
5,1,12,02,J189,352340,3525111593267,3,5.3,2.3
85,1,07,02,J180,350950,3525121222568,8,7.5,0.5
64,1,10,02,J44,351907,3525128204587,8,8.4,0.4
60,1,06,02,J459,350950,3525118450579,4,8.1,4.1
1,3,09,02,J218,353710,3525132975947,3,5.4,2.4
86,3,05,02,J039,350950,3525118434530,44,5.9,38.1
35,3,05,02,J189,353710,3525117222638,2,7.3,5.3
10,1,11,02,J180,350950,3525104489269,14,5.0,9.0
7,1,11,02,J069,355240,3525104936551,1,3.3,2.3
6,1,04,02,J459,350950,3525118369069,4,3.2,0.8
9,3,11,02,J960,350950,3525128241052,6,6.3,0.3
70,3,08,02,J449,350950,3525125780528,8,8.4,0.4
7,1,05,02,J219,350950,3525118401629,3,5.2,2.2
71,1,08,02,J189,355620,3525128553991,5,8.5,3.5
1,1,12,02,J930,350950,3525135810196,36,8.1,27.9
9,3,01,02,J960,350950,3524102882355,24,6.3,17.7
58,3,04,02,J90,354580,3525115280159,3,10.8,7.8
1,1,06,02,J159,350950,3525118462327,8,5.5,2.5
23,3,04,02,J210,350950,3525118382060,3,6.5,3.5
0,3,07,02,J18,350950,3525121191240,7,6.1,0.9
1,3,07,02,J210,350160,3525125930480,9,5.4,3.6
30,3,06,01,J342,352050,3525104749144,1,1.6,0.6
2,1,03,02,J189,350950,3525111684226,5,5.5,0.5
80,3,04,02,J159,352050,3525116065878,5,7.8,2.8
60,3,11,02,J189,350950,3525135789527,46,8.9,37.1
76,1,04,02,J90,351907,3525101885987,16,10.0,6.0
49,1,06,02,J930,350950,3525118448082,10,9.8,0.2
70,3,07,02,J960,354580,3525118984630,30,9.7,20.3
86,3,12,02,J189,350950,3525135808250,18,7.4,10.6
74,1,03,02,J189,355240,3525116094490,4,8.5,4.5
2,3,08,02,J159,350950,3525121229861,11,5.3,5.7
56,3,05,02,J189,352340,3525111553678,8,8.1,0.1
4,3,01,02,J459,350950,3525111603046,4,3.2,0.8
44,3,05,02,J459,350950,3525104349393,15,5.7,9.3
56,1,12,02,J81,352340,3525111591188,3,10.8,7.8
6,3,07,02,J431,351907,3525121188501,4,3.2,0.8
7,3,11,02,J040,350950,3525128236971,4,3.4,0.6
61,3,09,02,J80,350950,3525128170927,2,11.3,9.3
77,3,07,02,J189,350950,3525121211546,25,7.8,17.2
78,3,08,02,J110,350950,3525121257779,4,8.1,4.1
6,3,05,02,J96,350950,3525118429525,3,6.5,3.5
84,3,01,02,J189,350950,3524130872988,11,8.1,2.9
49,1,11,02,J189,355620,3525133620481,29,8.6,20.4
99,3,08,02,J189,355620,3525125780781,11,7.0,4.0
4,1,06,02,J210,355240,3525104749518,3,5.4,2.4
5,3,04,02,J458,350950,3525118373073,2,3.2,1.2
3,3,06,02,J998,350950,3525104374396,2,7.2,5.2
1,1,04,02,J159,350950,3525118375670,3,5.4,2.4
63,3,08,01,J969,350950,3525104419914,16,7.1,8.9
1,1,04,02,J180,353650,3525118898829,2,5.4,3.4
55,1,03,01,J158,355240,3525104314590,20,11.3,8.7
3,1,09,02,J219,355240,3525104872322,10,5.4,4.6
6,3,05,02,J989,352470,3525119542087,3,6.5,3.5
61,1,06,02,J189,351280,3525122823629,3,8.8,5.8
84,3,10,02,J159,350950,3525104478820,2,8.1,6.1
83,3,05,02,J960,353180,3525120887222,5,9.5,4.5
69,3,11,02,J449,353650,3525133195199,9,8.3,0.7
2,3,12,02,J984,352050,3525134289985,2,7.2,5.2
2,1,11,02,J180,350160,3525134327704,2,5.5,3.5
7,1,05,02,J210,352050,3525119137551,6,5.2,0.8
4,1,04,02,J960,350950,3525118395447,2,7.2,5.2
1,1,06,02,J960,350950,3525118459126,8,7.9,0.1
25,3,11,01,J351,352340,3525104944251,2,1.5,0.5
5,1,01,01,J955,351907,3524102868990,2,5.6,3.6
63,3,08,02,J90,355240,3525126440957,3,9.8,6.8
18,1,08,02,J189,351280,3525126842820,2,6.6,4.6
29,1,06,02,J189,350950,3525118444640,33,7.5,25.5
1,3,11,02,J80,350950,3525128233583,2,7.5,5.5
2,1,09,02,J459,350950,3525121272365,1,3.6,2.6
59,3,03,02,J430,350950,3525102103699,1,7.9,6.9
29,3,04,02,J158,355240,3525118897872,3,6.6,3.6
7,1,05,02,J219,350950,3525118424509,2,5.2,3.2
6,3,05,02,J431,350950,3525118423850,2,3.2,1.2
75,1,09,02,J189,355620,3525128557016,14,8.6,5.4
8,3,09,02,J960,353650,3525133187829,1,6.5,5.5
9,3,12,02,J969,350950,3525132462160,1,6.3,5.3
89,3,08,02,J180,350950,3525121236813,17,7.4,9.6
44,1,07,02,J960,355240,3525104399784,3,8.0,5.0
2,3,07,02,J960,350950,3525104393888,4,7.3,3.3
66,3,12,02,J189,355670,3525123492869,2,8.3,6.3
6,3,03,02,J960,350950,3525104661243,6,6.5,0.5
48,3,03,02,J90,354800,3525104310827,12,10.1,1.9
8,1,05,02,J189,350950,3525121409942,3,5.1,2.1
59,1,02,02,J65,355620,3525116075118,6,11.0,5.0
67,3,10,02,J91,350160,3525131766200,5,9.4,4.4
66,1,02,02,J90,350950,3525111631173,18,9.6,8.4
2,3,04,02,J219,355240,3525118898378,4,5.3,1.3
4,3,05,02,J459,350950,3525104344311,1,3.2,2.2
14,1,12,01,J342,352340,3525111596688,1,1.5,0.5
1,3,01,02,J219,350950,3524130872779,28,5.3,22.7
74,1,07,02,J449,355620,3525114266069,11,8.0,3.0
77,3,07,02,J159,350950,3525121202790,5,7.8,2.8
78,1,04,02,J938,355620,3525118472480,4,9.8,5.8
72,1,05,02,J159,355670,3525114257863,6,8.5,2.5
61,1,03,02,J159,352050,3525116047541,14,8.8,5.2
1,3,04,02,J210,350160,3525118633730,3,5.3,2.3
52,1,02,01,J958,352340,3525104641707,3,7.0,4.0
8,3,11,02,J391,350950,3525128237466,5,3.4,1.6
10,1,01,02,J80,350950,3524130859656,5,6.0,1.0
11,3,07,02,J210,355240,3525104392678,1,5.1,4.1
85,3,04,02,J189,350950,3525118368442,11,7.8,3.2
4,3,07,02,J219,350950,3525121204198,2,5.4,3.4
1,1,06,02,J219,355240,3525120501661,8,5.5,2.5
78,3,12,02,J189,352050,3525134280910,9,8.1,0.9
11,1,03,02,J189,354580,3525111504079,4,5.0,1.0
79,1,09,02,J180,350950,3525128178870,2,8.1,6.1
6,1,02,01,J350,350950,3525111639071,1,1.5,0.5
79,3,05,02,J189,355670,3525114259876,6,8.0,2.0
1,1,06,02,J955,350950,3525118454682,2,7.9,5.9
51,3,09,02,J441,351280,3525131645189,7,7.5,0.5
84,1,03,02,J189,352340,3525111542612,5,8.0,3.0
67,1,03,02,J930,354800,3525117001637,5,9.7,4.7
2,3,07,02,J459,350950,3525121208103,2,3.4,1.4
35,3,04,01,J342,350380,3525104713031,2,1.6,0.4
13,1,01,02,J960,353650,3524102880760,10,6.7,3.3
3,1,11,02,J960,350160,3525104923098,15,7.2,7.8
2,1,05,02,J459,350950,3525118420890,2,3.6,1.6
1,1,05,02,J218,352050,3525119138541,7,5.4,1.6
3,1,07,02,J459,355670,3525114268270,3,3.3,0.3
10,1,05,02,J159,355670,3525114255400,4,5.0,1.0
69,1,08,02,J80,350950,3525121227342,12,10.2,1.8
80,3,03,02,J180,350950,3525111686019,2,7.8,5.8
1,1,04,02,J210,350950,3525118380487,10,5.4,4.6
5,1,04,02,J18,350950,3525118397559,11,5.3,5.7
1,3,01,02,J189,351280,3525111229354,10,5.3,4.7
74,1,03,02,J18,350950,3525111657221,22,8.5,13.5
51,1,12,02,J189,350160,3525136710843,7,8.9,1.9
6,1,11,02,J189,350950,3525128251766,3,5.1,2.1
8,3,06,02,J180,350950,3525118461667,14,5.1,8.9
19,1,06,02,J90,350380,3525104355355,3,7.6,4.6
49,1,01,02,J90,352050,3525111457142,4,9.8,5.8
72,3,06,02,J960,350160,3525121529138,11,9.7,1.3
78,3,04,02,J90,355240,3525104689469,20,9.6,10.4
3,1,02,02,J459,351907,3525114720831,2,3.3,1.3
5,1,03,02,J46,355620,3525118468190,3,3.2,0.2
18,3,03,01,J342,350950,3525111607523,1,1.5,0.5
1,3,09,02,J189,350950,3525104435810,2,5.4,3.4
19,1,06,02,J181,352050,3525122789969,3,6.6,3.6
34,1,09,02,J159,350160,3525131760777,1,8.3,7.3
70,1,09,02,J930,354580,3525128649867,1,10.2,9.2
31,3,12,02,J180,355240,3525104942348,9,6.9,2.1
38,1,05,02,J938,353650,3525120496568,2,9.2,7.2
57,1,03,02,J47,350160,3525116087889,7,8.3,1.3
3,1,04,01,J353,352340,3525111544625,1,1.6,0.6
64,3,12,02,J80,350950,3525135819755,19,9.3,9.7
24,1,12,01,J942,353650,3525136197253,5,5.1,0.1
2,3,06,02,J431,350950,3525118452284,1,3.4,2.4
40,1,11,02,J930,350380,3525134277302,2,10.1,8.1
26,1,01,02,J90,352050,3524131567913,1,8.2,7.2
59,3,12,02,J449,350950,3525135815707,5,7.9,2.9
9,1,02,02,J219,353180,3525104603966,1,5.1,4.1
55,1,07,01,J323,353180,3525104793650,1,1.7,0.7
59,3,06,02,J449,350950,3525118452438,12,7.6,4.4
8,1,05,02,J181,351907,3525118412838,9,5.1,3.9
1,1,03,02,J218,351907,3525117326401,9,5.4,3.6
1,3,03,02,J80,350950,3525111677802,7,7.5,0.5
2,3,05,02,J110,353340,3525121419842,3,5.3,2.3
9,1,04,02,J960,350950,3525118394952,2,6.2,4.2
88,1,11,02,J189,350950,3525128235937,6,7.4,1.4
73,3,07,02,J18,350950,3525121199578,19,8.5,10.5
86,3,07,02,J189,355620,3525125777305,9,7.4,1.6
2,3,06,02,J980,352340,3525111558980,4,7.3,3.3
60,1,08,02,J90,352050,3525126512611,3,11.5,8.5
81,1,05,02,J129,354580,3525118977765,13,7.9,5.1
59,3,11,02,J189,350950,3525104506286,28,8.5,19.5
80,1,07,02,J120,350950,3525121186796,2,7.9,5.9
79,3,09,02,J81,350950,3525128185359,7,9.5,2.5
57,1,08,02,J180,353180,3525104409101,7,9.5,2.5
85,1,08,02,J159,350950,3525104422532,6,7.5,1.5
73,3,07,02,J449,355670,3525114265629,7,7.9,0.9
9,3,05,02,J961,350380,3525104344949,5,6.3,1.3
59,3,07,02,J449,352050,3525122793159,17,7.6,9.4
8,1,09,02,J159,355670,3525123480384,6,5.0,1.0
6,1,04,02,J219,355670,3525114253485,2,5.1,3.1
1,1,03,02,J210,354580,3525111503991,2,5.4,3.4
76,1,11,02,J938,352050,3525131796330,6,10.0,4.0
59,3,06,02,J960,350950,3525118452053,26,10.5,15.5
2,3,08,02,J45,353650,3525126441309,1,3.4,2.4
73,3,09,02,J181,350950,3525121267789,10,8.5,1.5
7,1,02,02,J180,354580,3525104627594,2,5.2,3.2
19,1,11,01,J343,353340,3525104922713,1,1.5,0.5
68,3,12,02,J448,350950,3525135823550,13,8.2,4.8
2,1,01,02,J159,353650,3524102862357,10,5.5,4.5
1,3,12,02,J158,350950,3525104516428,6,5.3,0.7
42,1,07,02,J180,355240,3525104797720,26,9.4,16.6
50,1,03,02,J90,350950,3525111674711,14,10.4,3.6
67,3,08,02,J80,350950,3525121255755,5,9.5,4.5
6,3,08,02,J90,352050,3525122808031,4,6.6,2.6
73,3,10,02,J849,350950,3525104467038,1,9.7,8.7
5,3,05,02,J960,353650,3525120494181,2,6.5,4.5
9,3,04,02,J218,351515,3525118694658,4,5.1,1.1
2,3,12,02,J159,350160,3525136712020,3,5.3,2.3
73,1,01,02,J189,352470,3525111767166,4,8.5,4.5
68,1,07,02,J441,351280,3525126841820,4,8.4,4.4
6,1,04,02,J80,350950,3525118382280,21,6.6,14.4
27,1,04,02,J36,350950,3525118396712,1,3.4,2.4
0,1,07,02,J960,350950,3525121215980,8,11.1,3.1
7,1,03,02,J218,350950,3525111680277,3,5.2,2.2
57,3,04,02,J969,350950,3525104332728,3,8.6,5.6
10,3,12,02,J189,352050,3525134294275,9,5.1,3.9
83,3,12,02,J91,352340,3525111596413,1,9.5,8.5
4,3,11,02,J218,352340,3525111586073,3,5.4,2.4
11,1,08,02,J459,351907,3525104804738,2,3.1,1.1
42,1,03,02,J181,350160,3525116088880,2,9.0,7.0
25,1,06,02,J219,355240,3525104748858,1,6.7,5.7
3,1,07,02,J960,355240,3525104796323,12,7.2,4.8
22,3,08,02,J438,354800,3525104426855,1,3.6,2.6
29,3,03,01,J351,351907,3525104672309,2,1.6,0.4
2,3,05,01,J450,350950,3525118401530,2,3.2,1.2
7,3,06,02,J960,355240,3525104750266,4,6.3,2.3
4,1,11,02,J450,354580,3525128657644,6,3.3,2.7
70,3,03,01,J189,355670,3525101198322,7,8.6,1.6
4,1,06,02,J180,350950,3525118435960,3,5.4,2.4
84,1,09,02,J189,353650,3525133186454,5,7.8,2.8
3,3,08,02,J45,355240,3525126441188,3,3.3,0.3
1,3,04,02,J180,353180,3525104690140,3,5.3,2.3
20,3,05,02,J188,350950,3525117344914,3,6.4,3.4
18,1,02,02,J189,352050,3525111472014,6,6.6,0.6
78,1,05,02,J180,350950,3525118437225,2,8.1,6.1
43,1,02,02,J181,350950,3525111632614,18,8.0,10.0
1,3,10,02,J180,350950,3525128213376,7,5.3,1.7
99,1,07,02,J189,350160,3525125932944,7,6.4,0.6
5,3,08,02,J960,350950,3525121260177,4,6.6,2.6
75,3,06,02,J189,352470,3525124147446,4,8.5,4.5
7,1,02,02,J040,350950,3525111651039,1,3.3,2.3
7,1,09,02,J459,350950,3525121273366,3,3.2,0.2
59,3,07,02,J90,350950,3525121209027,8,10.5,2.5
9,3,06,02,J459,352470,3525124148447,1,3.2,2.2
17,1,05,01,J351,351907,3525104730598,2,1.5,0.5
89,1,09,02,J189,350160,3525128575012,3,7.3,4.3
46,3,06,02,J459,350950,3525118452581,28,6.4,21.6
24,3,04,02,J189,353710,3525117221934,3,6.5,3.5
57,3,10,02,J942,353340,3525104431200,5,8.6,3.6
5,3,09,02,J431,350950,3525128173182,6,3.2,2.8
22,1,02,02,J938,351907,3525117323497,7,7.9,0.9
60,1,08,02,J110,352340,3525111565844,16,8.9,7.1
5,1,09,02,J219,350950,3525128162688,5,5.3,0.3
88,1,02,02,J189,354580,3525111498733,15,7.4,7.6
64,3,03,02,J960,350950,3525111679892,3,9.3,6.3
50,1,06,02,J81,352470,3525121331292,7,10.4,3.4
74,3,08,02,J441,352050,3525126508937,3,7.8,4.8
76,3,05,02,J189,352340,3525111550950,5,8.6,3.6
27,3,08,02,J189,353710,3525125213148,11,7.0,4.0
1,1,05,02,J210,353650,3525118899357,4,5.4,1.4
8,3,04,02,J210,353650,3525118898939,4,5.1,1.1
4,3,10,02,J960,353650,3525104442520,13,7.1,5.9
3,3,08,02,J960,350950,3525104421861,19,7.2,11.8
86,1,01,02,J189,352050,3525111463104,5,7.4,2.4
1,3,04,02,J960,353650,3525118891932,1,7.5,6.5
15,1,06,02,J189,350950,3525118465011,8,6.3,1.7
6,3,05,02,J189,352050,3525119113395,3,5.1,2.1
85,3,05,02,J189,350950,3525118434695,5,7.8,2.8
4,1,05,02,J189,352340,3525111549256,2,5.4,3.4
91,1,03,02,J159,350160,3525116086569,1,7.0,6.0
82,3,02,02,J189,355670,3524132024006,3,7.8,4.8
73,3,11,02,J189,355620,3525104492680,3,8.4,5.4
49,3,06,02,J441,350950,3525121181791,5,6.3,1.3
2,1,10,02,J960,353650,3525104478049,6,8.4,2.4
8,3,02,01,J955,350950,3524102891309,2,5.5,3.5
61,3,07,02,J960,353650,3525126437217,8,11.3,3.3
89,3,05,02,J189,353650,3525120496524,3,7.4,4.4
82,1,04,02,J81,350950,3525111694786,19,10.5,8.5
1,1,08,02,J188,350950,3525121245393,13,5.5,7.5
11,1,11,02,J181,350950,3525128246530,4,5.0,1.0
35,3,12,02,J459,350950,3525135828115,1,6.5,5.5
85,3,04,02,J960,353650,3525118895452,1,9.8,8.8
87,3,05,02,J189,355620,3525121148736,7,7.4,0.4
8,3,11,02,J219,355240,3525133195298,1,5.1,4.1
54,1,09,02,J448,350160,3525128576222,8,6.8,1.2
73,1,10,02,J960,350160,3525134323634,3,9.9,6.9
2,1,12,02,J218,352050,3525134278369,13,5.5,7.5
1,3,04,02,J969,350950,3525118368167,13,7.5,5.5
64,3,01,02,J938,352050,3524131579540,5,9.3,4.3
60,1,08,01,J323,352470,3525104830830,1,1.6,0.6
23,1,10,02,J938,352050,3525131792171,6,7.9,1.9
66,1,01,02,J188,350950,3524127125079,27,8.4,18.6
64,1,09,02,J189,352050,3525126531795,13,8.4,4.6
7,3,05,02,J210,353650,3525118899742,3,5.1,2.1
5,3,05,02,J431,350950,3525118425983,1,3.2,2.2
72,1,11,02,J189,350950,3525128235970,9,8.5,0.5
61,3,04,02,J180,350160,3525118632618,6,8.8,2.8
8,1,08,02,J40,354580,3525118993320,4,3.2,0.8
6,1,12,02,J218,351907,3525135167895,4,5.1,1.1
69,3,07,02,J449,353710,3525125212774,9,8.6,0.4
6,3,02,01,J352,350950,3525111602441,1,1.5,0.5
7,3,01,02,J040,353650,3525111772864,2,3.4,1.4
15,3,04,02,J960,353650,3525118895232,5,7.8,2.8
2,1,05,02,J218,352050,3525119123306,7,5.5,1.5
60,3,09,02,J189,352050,3525131778795,5,8.9,3.9
57,3,06,02,J90,353180,3525120888465,1,8.8,7.8
7,1,09,02,J960,352340,3525104453761,11,6.4,4.6
4,1,03,02,J459,350950,3525111655835,3,3.3,0.3
2,1,02,01,J960,352470,3524102893696,1,9.9,8.9
88,3,06,02,J189,350160,3525121528313,2,7.4,5.4
27,1,06,02,J960,351907,3525104750178,9,8.2,0.8
2,3,03,02,J450,350950,3525111667825,2,3.4,1.4
54,1,08,02,J91,350950,3525121243160,17,10.6,6.4
87,3,06,02,J189,355620,3525121150639,6,7.4,1.4
20,3,06,02,J218,352340,3525111559211,5,6.5,1.5
68,3,05,02,J448,352050,3525119125990,10,8.2,1.8
10,3,06,02,J159,350160,3525121528445,6,5.1,0.9
64,1,08,02,J189,350950,3525121228365,3,8.4,5.4
69,1,08,02,J189,350950,3525121242786,4,8.6,4.6
60,3,08,02,J449,350160,3525128569490,4,7.7,3.7
59,3,09,02,J180,350950,3525128178891,3,8.2,5.2
2,1,05,02,J459,353650,3525120494654,3,3.6,0.6
2,1,09,02,J988,352470,3525130108621,1,8.4,7.4
13,1,02,02,J960,354800,3524102892794,3,6.7,3.7
10,1,05,02,J209,350950,3525118411463,4,5.0,1.0
6,3,05,02,J21,350950,3525118424322,1,5.1,4.1
89,1,09,02,J18,350950,3525128178836,8,7.3,0.7
44,3,01,02,J180,350950,3524130857797,8,6.6,1.4
4,3,06,02,J180,354580,3525118983837,10,5.4,4.6
2,3,01,02,J189,355620,3525111816611,8,5.3,2.7
12,3,12,02,J180,350160,3525104969243,27,6.2,20.8
66,3,08,02,J441,353180,3525104400488,13,7.8,5.2
65,3,12,02,J950,350950,3525135810691,4,9.3,5.3
5,3,03,02,J459,350950,3525104310673,3,3.2,0.2
71,1,12,02,J189,350950,3525135817346,2,8.5,6.5
70,3,01,02,J90,350950,3524130867774,11,9.8,1.2
8,3,02,02,J219,350950,3525111648553,4,5.1,1.1
59,3,07,02,J180,351907,3525127042844,10,8.2,1.8
74,1,05,02,J67,351907,3525121410130,2,9.9,7.9
66,1,07,01,J869,351907,3525104801383,17,7.0,10.0
5,3,04,02,J218,350950,3525118384370,3,5.3,2.3
2,1,04,02,J210,355240,3525118897245,2,5.5,3.5
3,1,07,02,J219,350950,3525121209478,7,5.4,1.6
5,3,06,02,J218,352050,3525122783094,3,5.3,2.3
77,1,04,02,J189,350950,3525114250449,5,7.9,2.9
10,3,07,02,J188,350950,3525121202427,3,5.1,2.1
67,1,05,02,J81,354580,3525118978678,2,9.7,7.7
28,3,01,02,J159,352050,3525111461828,7,6.6,0.4
48,1,03,02,J189,350160,3525116083588,1,8.6,7.6
1,1,08,02,J180,350950,3525121239651,10,5.5,4.5
91,1,07,02,J180,351515,3525120642483,3,7.2,4.2
2,1,09,02,J219,350950,3525128172555,3,5.5,2.5
86,3,01,02,J441,350950,3524130838679,4,7.4,3.4
10,1,11,02,J459,352050,3525134273870,2,3.1,1.1
10,1,05,02,J218,350950,3525118407217,46,5.0,41.0
55,3,05,02,J180,350950,3525118403510,6,8.1,2.1
57,1,03,01,J342,350950,3525111637465,1,1.6,0.6
6,3,06,02,J068,355670,3525114264892,3,3.3,0.3
5,3,11,02,J431,350950,3525128235310,6,3.2,2.8
76,1,06,02,J441,355240,3525104753258,3,8.1,5.1
40,1,09,02,J960,350950,3525128155000,26,9.4,16.6
5,3,04,02,J960,351907,3525118892317,3,6.5,3.5
5,1,09,02,J181,351907,3525131906087,10,5.3,4.7
12,3,06,02,J459,355240,3525104751586,3,3.3,0.3
1,3,02,02,J189,353710,3525111769070,3,5.3,2.3
4,1,05,02,J459,350950,3525118408230,4,3.3,0.7
77,3,08,02,J189,351280,3525126843271,4,7.8,3.8
12,1,09,01,J353,352340,3525111576250,1,1.5,0.5
43,3,11,02,J189,351280,3525134933254,7,6.6,0.4
3,1,09,02,J459,350950,3525128180354,2,3.3,1.3
57,3,12,02,J399,350950,3525104983422,3,4.3,1.3
28,1,09,02,J210,350950,3525128166648,3,7.5,4.5
70,3,05,02,J180,350950,3525118409373,7,8.5,1.5
87,3,08,02,J189,352470,3525128321550,3,7.4,4.4
7,1,04,02,J219,350950,3525118377913,4,5.2,1.2
81,3,09,02,J189,351515,3525128474813,32,7.8,24.2
89,3,06,02,J960,353650,3525120500286,19,8.5,10.5
4,1,07,02,J189,351907,3525121219994,4,5.4,1.4
75,1,02,02,J90,350950,3525111648168,3,10.2,7.2
5,3,02,02,J960,350950,3524130881876,44,6.5,37.5
4,3,07,01,J955,352470,3525104388531,8,6.2,1.8
17,3,05,01,J342,350950,3525104345390,2,1.5,0.5
3,1,03,02,J459,350950,3525111667858,1,3.3,2.3
90,3,03,02,J189,350160,3525116085909,6,7.4,1.4
35,3,01,02,J969,354580,3524131995901,8,9.1,1.1
71,3,09,02,J189,355620,3525128559942,1,8.5,7.5
1,3,11,02,J930,350950,3525135788889,23,7.5,15.5
2,3,03,02,J36,350950,3525111658453,7,3.9,3.1
71,3,07,02,J159,351907,3525121202746,6,8.5,2.5
99,3,07,02,J189,350950,3525121202801,9,7.0,2.0
87,1,04,02,J159,350160,3525118630891,7,7.4,0.4
4,3,11,02,J960,353650,3525135271020,6,7.1,1.1
13,3,10,02,J210,350950,3525128191882,1,6.2,5.2
6,3,06,02,J218,350950,3525118463053,2,5.1,3.1
40,1,09,02,J159,350160,3525104418341,12,8.0,4.0
2,1,10,02,J219,350950,3525128222099,2,5.5,3.5
69,3,01,02,J181,350950,3525111614838,4,8.5,4.5
41,3,05,02,J180,352340,3525111549366,13,7.0,6.0
1,1,10,02,J218,350950,3525128210725,6,5.4,0.6
60,1,09,02,J81,350950,3525128173435,3,11.5,8.5
9,1,11,02,J459,350950,3525104489357,1,3.2,2.2
9,1,07,02,J210,350950,3525104368423,7,5.0,2.0
1,3,01,02,J960,350950,3524130870810,30,7.5,22.5
78,1,08,02,J189,353710,3525125773004,3,8.1,5.1
11,1,04,02,J219,355240,3525104689887,1,5.0,4.0
6,1,07,01,J352,352340,3525111561785,1,1.5,0.5
54,3,11,02,J441,350950,3525104499609,2,6.4,4.4
70,1,01,02,J449,353650,3525111770807,3,9.2,6.2
65,3,05,01,J342,350950,3525118424201,1,1.6,0.6
2,3,04,02,J218,350950,3525118385085,15,5.3,9.7
2,3,06,02,J218,350950,3525118458554,1,5.3,4.3
55,1,07,02,J91,352340,3525111561610,1,10.9,9.9
1,3,05,02,J188,350950,3525118420384,2,5.3,3.3
83,1,04,02,J168,353180,3525120886584,5,7.9,2.9
41,1,11,02,J36,352050,3525134272660,4,4.5,0.5
1,3,01,02,J80,350950,3525111617335,9,7.5,1.5
23,1,05,02,J989,352050,3525119131809,3,7.9,4.9
1,3,03,02,J180,350160,3525118626535,7,5.3,1.7
16,1,02,02,J188,350950,3525100231521,7,6.5,0.5
8,1,05,02,J90,351907,3525104745900,17,6.2,10.8
2,1,02,02,J218,354580,3525111501604,2,5.5,3.5
94,3,05,02,J18,350950,3525118415643,7,7.0,0.0
5,3,12,02,J80,350950,3525135795643,5,6.5,1.5
7,1,06,02,J180,352340,3525111558342,4,5.0,1.0
9,3,03,02,J181,350950,3525111657672,3,5.1,2.1
1,3,01,02,J960,350950,3524130865486,2,7.5,5.5
56,1,05,02,J151,352340,3525112121366,4,9.3,5.3
61,1,05,02,J159,353650,3525118899731,19,8.8,10.2
20,1,04,02,J210,350950,3525104542652,6,6.6,0.6
87,3,11,02,J189,353340,3525130498351,5,7.4,2.4
2,3,02,02,J459,355670,3524132024171,3,3.4,0.4
17,3,08,02,J960,352050,3525126511687,3,8.3,5.3
10,1,07,02,J120,350950,3525118451635,1,5.0,4.0
2,1,09,02,J128,355240,3525133187092,2,5.5,3.5
69,1,07,02,J441,350160,3525125927411,2,8.3,6.3
35,1,09,02,J180,351905,3525104835923,13,8.3,4.7
75,1,03,02,J938,350950,3525111676020,12,10.2,1.8
57,3,05,02,J189,352340,3525111553722,11,8.3,2.7
92,3,05,02,J180,353710,3525117222550,4,7.1,3.1
7,3,10,02,J188,350950,3525128190628,21,5.1,15.9
34,3,08,02,J159,352470,3525104424721,3,7.3,4.3
78,3,02,02,J159,350950,3525111626630,20,8.1,11.9
82,1,06,02,J180,355240,3525104756448,3,7.9,4.9
3,3,10,02,J984,350160,3525131763956,2,7.1,5.1
78,3,09,02,J18,350950,3525128155076,16,8.1,7.9
3,1,03,02,J459,355240,3525104653323,2,3.3,1.3
74,3,02,02,J960,350950,3524102898855,9,9.7,0.7
88,3,02,02,J188,350950,3525111624144,14,7.4,6.6
3,1,07,02,J210,350380,3525104398343,6,5.4,0.6
10,1,12,02,J80,350950,3525135802012,4,6.0,2.0
93,3,09,02,J18,350950,3525128155142,7,7.2,0.2
34,1,12,01,J955,351907,3525104513711,2,6.0,4.0
2,1,06,02,J80,350950,3525118440008,5,8.4,3.4
1,1,07,02,J938,350950,3525121188765,9,7.9,1.1
31,3,10,02,J18,350950,3525128222396,4,6.9,2.9
1,3,03,02,J159,350950,3525111663711,6,5.3,0.7
1,3,04,02,J960,350950,3525118369014,8,7.5,0.5
93,3,12,02,J180,350950,3525135800230,11,7.1,3.9
39,1,11,02,J180,350160,3525136709314,1,8.3,7.3
2,1,09,02,J189,350950,3525128175283,7,5.5,1.5
6,1,07,02,J218,351907,3525127044440,4,5.1,1.1
16,1,08,02,J36,350950,3525121191339,42,3.3,38.7
72,3,06,02,J189,354580,3525118983760,16,8.5,7.5
5,3,12,02,J219,350950,3525135794290,6,5.3,0.7
73,1,02,02,J81,352050,3525111480121,7,9.9,2.9
1,1,02,02,J219,350950,3525111639566,6,5.4,0.6
9,1,05,02,J210,350160,3525118634620,8,5.1,2.9
56,1,12,02,J390,354580,3525137359172,7,4.8,2.2
6,1,10,02,J218,350950,3525128223485,16,5.1,10.9
11,3,05,02,J40,354580,3525118978601,3,3.2,0.2
49,1,08,02,J459,352050,3525126511258,2,6.6,4.6
69,3,06,02,J449,353650,3525120502640,4,8.6,4.6
3,1,07,02,J219,353710,3525126432333,4,5.4,1.4
1,3,02,02,J159,350950,3525111632064,5,5.3,0.3
6,1,10,02,J041,350950,3525128184798,1,3.2,2.2
5,3,06,02,J450,350950,3525118464626,2,3.2,1.2
1,3,10,02,J189,352340,3525111583125,1,5.3,4.3
75,3,01,02,J159,352050,3524131566110,5,8.6,3.6
49,1,05,02,J188,350950,3525118398923,2,8.6,6.6
3,3,11,01,J955,350950,3525104508046,10,6.2,3.8
26,1,05,01,J955,350950,3525118431373,9,5.5,3.5
9,1,03,02,J459,350950,3525111654955,3,3.2,0.2
48,1,04,02,J159,352050,3525116063051,21,8.6,12.4
1,1,11,02,J219,350950,3525128251964,3,5.4,2.4
1,3,05,02,J219,353710,3525119542549,10,5.3,4.7
2,1,11,02,J189,353340,3525130497713,5,5.5,0.5
11,1,09,02,J969,352050,3525126521906,16,6.1,9.9
10,1,11,02,J110,350950,3525104489885,3,5.0,2.0
37,1,12,02,J189,354580,3525137360151,11,8.3,2.7
52,3,12,02,J960,350950,3525135815300,7,10.2,3.2
4,3,02,02,J431,350950,3525111646848,1,3.2,2.2
2,1,05,02,J189,351515,3525118708683,22,5.5,16.5
72,3,05,02,J189,355620,3525118471743,6,8.4,2.4
80,3,02,02,J189,350950,3525111626377,3,7.8,4.8
8,1,02,02,J459,350950,3525111629040,2,3.2,1.2
1,1,07,02,J938,352050,3525122785151,2,7.9,5.9
13,1,02,02,J40,350160,3525112455612,2,3.2,1.2
11,1,10,02,J431,350950,3525128210197,4,3.1,0.9
60,1,12,02,J984,355240,3525104933845,5,11.2,6.2
46,3,10,02,J91,353340,3525130496460,3,9.7,6.7
10,1,04,02,J80,351907,3525118390761,3,6.0,3.0
11,3,03,02,J159,350950,3525111670124,8,5.1,2.9
5,1,06,02,J210,350950,3525118464670,4,5.3,1.3
79,1,11,02,J189,355620,3525133626586,10,8.1,1.9
72,3,01,02,J36,350950,3524130873219,5,4.3,0.7
42,1,10,02,J181,350950,3525128209493,7,9.0,2.0
4,1,04,02,J219,350950,3525118383919,3,5.4,2.4
8,1,05,02,J219,350950,3525118431967,1,5.1,4.1
12,3,08,02,J189,350160,3525125928621,29,6.2,22.8
77,1,08,02,J189,353710,3525125213247,5,7.9,2.9
59,1,12,02,J189,353710,3525104511126,9,9.5,0.5
75,3,09,02,J960,353650,3525133186883,20,9.8,10.2
39,1,05,02,J998,350950,3525118414323,5,10.1,5.1
68,3,08,02,J80,350950,3525121231973,4,9.6,5.6
49,3,12,02,J159,355670,3525123494630,3,8.0,5.0
28,1,11,02,J81,350950,3525128243736,2,8.2,6.2
46,1,09,02,J18,350950,3525128163711,8,8.2,0.2
5,1,05,02,J218,350950,3525118419141,2,5.3,3.3
59,1,02,02,J180,353200,3525113708039,10,9.5,0.5
7,3,04,02,J459,350950,3525118374888,3,3.2,0.2
4,1,06,02,J210,350950,3525118458576,33,5.4,27.6
4,1,09,02,J219,353650,3525133186135,4,5.4,1.4
87,1,11,02,J189,353650,3525135269469,10,7.4,2.6
86,3,06,02,J189,350950,3525121175060,9,7.4,1.6
21,3,07,02,J219,350950,3525121221952,30,7.5,22.5
6,3,08,02,J189,350950,3525121229597,4,5.1,1.1
9,3,04,02,J459,350950,3525104332288,1,3.2,2.2
3,1,06,02,J219,355240,3525120501551,6,5.4,0.6
2,1,09,02,J219,350950,3525121268229,8,5.5,2.5
7,3,01,02,J189,350950,3525111608360,2,5.1,3.1
6,1,09,02,J960,355670,3525104427317,34,6.7,27.3
62,3,01,02,J81,350160,3524133096924,20,11.3,8.7
46,3,12,02,J180,350950,3525135805653,21,7.8,13.2
6,1,06,02,J80,350950,3525118461788,6,6.7,0.7
75,1,08,02,J961,350950,3525121227750,24,10.2,13.8
79,3,07,02,J188,350950,3525121190008,39,8.0,31.0
1,3,12,02,J459,350950,3525135821339,2,3.9,1.9
6,3,09,02,J459,355240,3525133189149,3,3.2,0.2
35,3,03,01,J323,353650,3525104660297,1,1.6,0.6
1,3,06,02,J210,351907,3525104749914,1,5.4,4.4
81,3,05,02,J180,351907,3525104718620,5,7.8,2.8
5,3,07,02,J219,350950,3525121225660,5,5.3,0.3
80,1,10,02,J984,350950,3525104463430,12,10.5,1.5
19,1,11,02,J189,350160,3525136709919,7,6.6,0.4
59,1,03,02,J189,353650,3525116097987,8,9.5,1.5
54,3,06,02,J219,350950,3525118465682,7,8.2,1.2
5,1,08,02,J989,352470,3525128320230,1,6.7,5.7
2,1,11,02,J219,350950,3525128245837,5,5.5,0.5
76,3,04,02,J158,350950,3525104535744,3,8.6,5.6
9,3,05,02,J159,355670,3525114259216,6,5.1,0.9
33,1,03,02,J158,352050,3525116060323,28,8.5,19.5
88,3,02,02,J938,351907,3524102894378,1,8.5,7.5
2,1,04,02,J219,350950,3525118383700,4,5.5,1.5
26,3,01,02,J91,350950,3524130878213,11,8.1,2.9
12,3,07,02,J180,355240,3525104792760,14,6.2,7.8
5,1,08,02,J459,350950,3525121265754,4,3.2,0.8
88,1,01,02,J189,353650,3525111770884,3,7.4,4.4
62,3,01,02,J180,350160,3525112453379,12,8.8,3.2
3,3,11,02,J80,355620,3525133626685,4,7.1,3.1
76,1,06,02,J180,350950,3525118439975,5,8.6,3.6
6,1,07,02,J960,350950,3525104388762,2,6.7,4.7
2,3,11,02,J189,350950,3525128249456,4,5.3,1.3
68,1,03,02,J180,353180,3525111653998,9,8.5,0.5
3,1,07,02,J189,354800,3525126431794,4,5.4,1.4
20,3,07,02,J938,350950,3525114267752,13,9.5,3.5
59,1,04,01,J343,351907,3525104688732,1,1.6,0.6
46,3,01,02,J189,353650,3525111770917,3,7.8,4.8
4,1,06,02,J960,350950,3525118442692,27,7.2,19.8
83,1,03,02,J189,350160,3525116083820,6,7.9,1.9
6,3,04,02,J189,354580,3525111508534,2,5.1,3.1
4,3,10,02,J80,350950,3525128196370,4,7.1,3.1
5,1,05,02,J960,352050,3525119130973,3,6.6,3.6
5,1,06,02,J80,350950,3525118458532,2,6.7,4.7
1,3,11,02,J219,350160,3525134325933,5,5.3,0.3
1,1,04,02,J459,353650,3525118894033,2,4.1,2.1
1,1,05,02,J188,350160,3525118636072,5,5.4,0.4
6,1,12,02,J960,350950,3525135809415,10,6.6,3.4
2,1,09,02,J180,350160,3525128575970,4,5.5,1.5
9,3,04,02,J210,353650,3525118897058,1,5.1,4.1
8,1,08,02,J36,350950,3525104411500,4,3.4,0.6
50,1,11,02,J942,354580,3525135172658,2,10.4,8.4
31,1,12,02,J984,350950,3525135799119,5,8.8,3.8
29,1,02,02,J159,350160,3525112457922,8,7.5,0.5
5,1,08,02,J955,351907,3525104427229,2,6.7,4.7
80,3,10,02,J110,353650,3525133192416,2,7.8,5.8
73,1,05,02,J189,355670,3525114258435,10,8.5,1.5
68,3,07,02,J180,350950,3525121219763,9,8.5,0.5
8,3,05,02,J210,353650,3525120497283,2,5.1,3.1
1,1,06,02,J189,350950,3525118442780,15,5.5,9.5
1,1,03,02,J218,354580,3525111505840,2,5.4,3.4
1,3,09,02,J431,350950,3525121269450,7,3.9,3.1
73,1,04,02,J690,350950,3525104306559,30,9.9,20.1
7,3,10,02,J459,350950,3525128213673,5,3.2,1.8
5,1,12,02,J91,352050,3525134274640,7,6.6,0.4
6,3,07,02,J218,350950,3525104400840,9,5.1,3.9
77,1,07,02,J441,355240,3525104758142,31,7.8,23.2
50,1,11,02,J158,350950,3525128243406,1,8.9,7.9
7,3,04,02,J189,355620,3525118470490,5,5.1,0.1
17,1,05,02,J159,350950,3525118424510,15,6.5,8.5
2,1,04,02,J960,350950,3525118374569,25,8.4,16.6
2,1,01,02,J459,355240,3525104593802,1,3.6,2.6
5,3,05,02,J459,350950,3525104335027,2,3.2,1.2
3,3,07,02,J218,350950,3525121200458,22,5.4,16.6
72,3,01,02,J441,350950,3525111611296,3,8.1,5.1
1,3,09,02,J180,355240,3525104869220,6,5.4,0.6
58,3,09,02,J189,354580,3525128648338,2,8.4,6.4
4,1,01,02,J159,350950,3524130865288,5,5.4,0.4
18,3,08,02,J440,353200,3525113709293,1,3.1,2.1
59,3,07,02,J189,355620,3525125778900,7,8.2,1.2
71,3,06,02,J441,350950,3525118453923,11,8.4,2.6
2,3,02,02,J189,350950,3525114721480,3,5.3,2.3
52,1,09,02,J86,350950,3525128159839,11,10.2,0.8
4,1,06,02,J210,350950,3525118454858,2,5.4,3.4
32,1,08,02,J189,350950,3525121232182,5,7.8,2.8
25,3,09,02,J390,350950,3525131730714,6,3.4,2.6
2,3,11,02,J450,350950,3525128244627,5,3.4,1.6
5,1,03,02,J459,350950,3525111655043,3,3.2,0.2
2,3,12,02,J189,352050,3525134289776,7,5.3,1.7
7,1,08,02,J459,350950,3525121248869,2,3.2,1.2
8,3,03,02,J938,350950,3525111677318,5,6.3,1.3
76,1,04,02,J81,352340,3525111545659,9,10.0,1.0
4,3,04,02,J960,350950,3525118374899,30,7.1,22.9
7,3,01,02,J219,350950,3525111612330,16,5.1,10.9
4,1,07,02,J459,354800,3525104383955,2,3.3,1.3
53,1,03,02,J449,352050,3525111483245,13,6.3,6.7
59,1,06,02,J90,350160,3525121529556,1,12.1,11.1
82,1,09,02,J11,353650,3525126443377,1,7.9,6.9
50,1,12,02,J459,355670,3525123493650,7,6.3,0.7
2,3,03,01,J069,350950,3524102907809,1,3.2,2.2
6,1,02,02,J219,350950,3525111649411,7,5.1,1.9
2,1,05,02,J210,355240,3525104715462,3,5.5,2.5
8,3,06,02,J930,350950,3525121179624,14,6.5,7.5
2,3,04,02,J960,355240,3525118893010,4,7.2,3.2
74,3,06,02,J90,350950,3525118448731,4,9.7,5.7
70,3,09,02,J189,350950,3525121271452,3,8.5,5.5
1,1,11,02,J218,351907,3525135164881,5,5.4,0.4
24,3,05,02,J210,351907,3525104724845,1,6.5,5.5
7,1,03,02,J180,351907,3525117324729,3,5.2,2.2
6,1,07,02,J210,350950,3525104405350,3,5.1,2.1
3,1,04,02,J159,351907,3525118369135,4,5.4,1.4
7,1,04,02,J180,350950,3525118372787,6,5.2,0.8
2,3,07,02,J180,350160,3525125928148,2,5.3,3.3
82,3,07,02,J189,354580,3525118987930,17,7.8,9.2
10,3,08,02,J431,350950,3525121246570,1,3.2,2.2
1,1,06,02,J210,350950,3525118451151,7,5.5,1.5
65,3,01,02,J960,353180,3525114362572,2,9.3,7.3
60,3,09,02,J80,350950,3525128181531,6,11.2,5.2
93,3,11,02,J189,353650,3525133194880,4,7.1,3.1
2,3,08,02,J998,353650,3525126438064,14,7.3,6.7
83,3,09,02,J180,350950,3525128178220,3,7.8,4.8
4,3,08,02,J110,352050,3525126519464,1,5.4,4.4
49,3,06,02,J189,350950,3525118448709,4,8.1,4.1
4,1,12,02,J960,353710,3525104509531,5,7.2,2.2
63,3,10,02,J18,350950,3525128197448,6,8.2,2.2
87,3,03,02,J18,350950,3525111669090,11,7.4,3.6
2,1,07,02,J960,352050,3525122802256,16,8.4,7.6
13,3,02,02,J039,350950,3525111620932,8,3.4,4.6
1,1,04,02,J219,350950,3525118368508,14,5.4,8.6
6,3,09,02,J218,355240,3525126443256,8,5.1,2.9
35,1,08,01,J342,355240,3525104827893,1,1.6,0.6
12,3,08,02,J46,355620,3525128554805,3,3.3,0.3
87,3,12,02,J189,355620,3525135141000,5,7.4,2.4
84,3,09,02,J81,355240,3525104838211,4,9.7,5.7
6,1,07,02,J189,354580,3525118986213,3,5.1,2.1
8,3,02,02,J960,351907,3524102901760,4,6.3,2.3
84,3,05,02,J449,352340,3525111551984,1,8.2,7.2
73,3,07,02,J81,353650,3525104815210,2,9.7,7.7
61,3,08,02,J411,350950,3525121250739,16,7.0,9.0
8,1,03,02,J218,351907,3525117324069,2,5.1,3.1
72,1,06,02,J068,350950,3525104379830,1,4.0,3.0
55,3,07,02,J80,350950,3525121188732,8,9.8,1.8
73,3,01,02,J189,351907,3525114201301,5,8.4,3.4
51,1,06,02,J168,353180,3525120888674,6,8.9,2.9
3,3,07,02,J180,350160,3525125928753,8,5.4,2.6
47,1,04,02,J36,353180,3525114364960,1,4.2,3.2
16,3,12,02,J210,355240,3525104964656,9,6.5,2.5
6,1,10,02,J188,350950,3525128199923,4,5.1,1.1
60,1,01,02,J189,350950,3524130872878,8,8.8,0.8
28,3,01,02,J91,352050,3525111462224,4,7.8,3.8
49,3,01,02,J969,354580,3524131994790,26,9.6,16.4
75,3,07,02,J449,352050,3525122798659,4,7.9,3.9
79,1,02,02,J159,352050,3525111473312,7,8.1,1.1
26,1,05,02,J180,350160,3525118633641,8,6.7,1.3
38,1,01,02,J80,350950,3525111607743,3,9.2,6.2
79,3,06,02,J180,350160,3525125925607,22,8.0,14.0
9,1,09,01,J353,353650,3525133189116,1,1.5,0.5
5,1,07,02,J960,350950,3525121199809,7,6.7,0.3
34,3,08,02,J180,353180,3525126071720,3,7.3,4.3
1,3,08,02,J459,350950,3525121251454,1,3.9,2.9
70,3,05,02,J180,350160,3525118637073,3,8.5,5.5
79,3,01,02,J80,350950,3524130859690,16,9.5,6.5
1,1,07,02,J960,350950,3525121212481,4,7.9,3.9
3,1,05,02,J459,351907,3525121412428,4,3.3,0.7
1,3,11,02,J189,355240,3525135267786,4,5.3,1.3
72,3,09,02,J189,350160,3525128575100,6,8.5,2.5
10,1,08,02,J960,350950,3525104429407,4,6.0,2.0
4,3,06,02,J450,350950,3525118448940,3,3.3,0.3
4,1,06,02,J960,351907,3525104366685,7,7.2,0.2
16,1,10,02,J189,355620,3525128560680,3,6.5,3.5
59,1,01,02,J159,353650,3525111777737,48,9.5,38.5
85,3,08,01,J189,352470,3525104425513,6,10.1,4.1
3,1,08,02,J960,350950,3525121262751,5,7.2,2.2
79,3,05,02,J189,352050,3525119140741,5,8.0,3.0
6,1,12,02,J80,350950,3525135794994,2,6.6,4.6
56,3,06,02,J448,352050,3525122786471,6,7.6,1.6
6,1,09,02,J218,351907,3525131905119,5,5.1,0.1
77,3,07,02,J18,353180,3525126070543,8,7.8,0.2
3,3,04,02,J218,351907,3525119448312,4,5.4,1.4
2,3,09,02,J181,350950,3525128169167,2,5.3,3.3
4,1,03,02,J459,350950,3525111681498,4,3.3,0.7
6,1,09,02,J80,350950,3525121270011,5,6.7,1.7
5,1,09,02,J189,353650,3525133186399,3,5.3,2.3
1,1,12,02,J459,355240,3525104942645,2,4.1,2.1
2,3,09,02,J459,350950,3525104835406,3,3.4,0.4
14,1,05,01,J459,351515,3525115460911,4,2.7,1.3
2,1,08,02,J431,350950,3525121246680,2,3.6,1.6
74,1,02,02,J448,352340,3525101295155,4,8.6,4.6
7,3,04,02,J181,350950,3525111697382,4,5.1,1.1
4,1,07,02,J960,350950,3525121217695,9,7.2,1.8
9,1,09,02,J180,350950,3525128166230,2,5.0,3.0
74,3,04,02,J180,350160,3525118633916,12,8.5,3.5
59,1,03,02,J189,351907,3525117324861,7,9.5,2.5
63,3,09,02,J189,350950,3525128159135,6,8.3,2.3
11,3,03,02,J210,350160,3525118627723,3,5.1,2.1
29,3,09,02,J960,355240,3525104872245,7,7.8,0.8
65,1,06,02,J189,354580,3525118982165,3,8.4,5.4
1,3,01,02,J459,350950,3524130866498,3,3.9,0.9
67,1,08,01,J342,352340,3525104842347,2,1.7,0.3
86,3,12,02,J989,354580,3525135175529,6,8.5,2.5
3,1,10,02,J960,350950,3525128210032,20,7.2,12.8
3,3,09,02,J450,354580,3525128648239,2,3.3,1.3
49,1,09,02,J984,350950,3525128170476,4,9.8,5.8
85,1,09,02,J188,350950,3525128160840,4,7.5,3.5
97,3,03,02,J159,350950,3525111663304,3,7.1,4.1
74,3,02,02,J180,350160,3525116081366,6,8.5,2.5
2,3,04,02,J210,352050,3525119120413,3,5.3,2.3
4,1,10,02,J219,350950,3525128200055,5,5.4,0.4
11,3,05,02,J210,350950,3525118408724,4,5.1,1.1
9,3,02,02,J459,355240,3525104629079,8,3.2,4.8
43,1,09,02,J189,353650,3525133188907,3,8.2,5.2
3,1,11,02,J988,355240,3525104496089,2,7.2,5.2
2,1,05,02,J210,352340,3525111550741,4,5.5,1.5
72,1,06,02,J189,353340,3525121420843,5,8.5,3.5
2,1,07,02,J431,350950,3525121188886,1,3.6,2.6
34,3,06,02,J159,350950,3525121183914,4,7.3,3.3
61,1,12,02,J178,352050,3525134281230,26,8.8,17.2
72,1,11,02,J180,350950,3525104487707,5,8.5,3.5
2,3,03,02,J458,350950,3525111663700,5,3.4,1.6
1,3,10,02,J219,350950,3525128200011,12,5.3,6.7
9,3,06,02,J459,350950,3525118445860,4,3.2,0.8
44,1,01,02,J180,350950,3525111616807,3,8.0,5.0
72,3,10,02,J180,355240,3525104829037,17,8.4,8.6
2,3,08,02,J189,350950,3525121249067,8,5.3,2.7
41,1,07,02,J189,353650,3525126437294,1,8.6,7.6
84,1,06,02,J189,355670,3525114262770,2,7.8,5.8
63,3,06,02,J158,350950,3525118458290,21,8.3,12.7
42,1,03,02,J18,350950,3525111683247,3,9.0,6.0
68,3,09,02,J449,355670,3525123480791,10,8.2,1.8
5,3,03,01,J353,350950,3525111675767,1,1.5,0.5
4,1,06,02,J459,350950,3525118464978,2,3.3,1.3
5,1,03,02,J459,350950,3525111678858,3,3.2,0.2
68,3,06,02,J450,350950,3525118451855,5,8.2,3.2
56,3,07,02,J960,355240,3525104398717,10,9.8,0.2
53,3,08,01,J323,350160,3525104804870,1,1.6,0.6
1,1,05,02,J219,350950,3525118414664,4,5.4,1.4
1,1,08,02,J040,350950,3525121265974,2,3.0,1.0
1,1,07,02,J188,350950,3525121188413,9,5.5,3.5
10,3,07,01,J353,350950,3525121193528,1,1.5,0.5
6,3,10,02,J960,352050,3525104467930,9,6.5,2.5
63,1,09,02,J80,353340,3525130496316,44,10.2,33.8
2,1,11,02,J960,351907,3525128228435,2,8.4,6.4
4,1,05,02,J459,350950,3525118415874,3,3.3,0.3
7,1,07,01,J353,350950,3525121185454,1,1.5,0.5
1,1,03,02,J219,350950,3525111667308,3,5.4,2.4
75,3,01,02,J960,350950,3524130870689,28,9.9,18.1
80,3,06,02,J189,353710,3525125211718,6,7.8,1.8
58,1,09,02,J960,353650,3525133187587,8,11.9,3.9
41,1,01,02,J189,352050,3524131570784,9,8.3,0.7
1,1,10,02,J068,355240,3525104917499,1,3.0,2.0
1,3,11,02,J180,355240,3525104938190,1,5.3,4.3
71,3,01,02,J960,352050,3525111457263,19,9.9,9.1
2,1,08,02,J459,350950,3525121236736,3,3.6,0.6
38,3,08,02,J930,352470,3525128322254,1,7.7,6.7
5,1,07,02,J218,354580,3525118987511,3,5.3,2.3
16,3,05,02,J189,352050,3525119125649,10,6.5,3.5
87,3,04,02,J930,350950,3525111689616,6,8.5,2.5
78,3,12,02,J158,350950,3525135934331,8,8.1,0.1
78,1,12,02,J449,352340,3525111594576,7,8.4,1.4
50,3,06,02,J188,352050,3525119145064,5,8.4,3.4
7,1,07,02,J459,350950,3525121193044,3,3.2,0.2
5,3,03,02,J46,355620,3525116075580,1,3.2,2.2
3,1,08,02,J36,350950,3525121260837,6,3.4,2.6
51,1,06,02,J189,355620,3525125774973,3,8.9,5.9
38,3,01,02,J955,354580,3524102879165,1,8.2,7.2
95,1,10,02,J449,355670,3525123481836,2,5.8,3.8
5,3,11,02,J208,350950,3525128241130,4,5.3,1.3
6,3,08,02,J459,351907,3525129000382,1,3.2,2.2
1,1,07,02,J960,350950,3525104398893,3,7.9,4.9
5,3,10,02,J159,350950,3525128223463,5,5.3,0.3
32,1,01,02,J36,350950,3524102886854,2,3.6,1.6
70,3,07,02,J449,353650,3525120498230,11,8.4,2.6
3,1,09,02,J960,351907,3525104835945,5,7.2,2.2
96,3,10,02,J180,350160,3525131761327,9,7.2,1.8
1,1,01,02,J960,350950,3524130839185,6,8.1,2.1
44,3,05,01,J320,350950,3525118410649,1,1.6,0.6
6,1,12,02,J219,350950,3525135794224,1,5.1,4.1
63,3,01,02,J189,352470,3525111767727,7,8.2,1.2
76,1,01,02,J189,354580,3525111495609,11,8.6,2.4
1,3,05,02,J210,350950,3525104335302,6,5.3,0.7
7,1,10,02,J100,350950,3525132976893,4,5.2,1.2
10,3,01,02,J980,350380,3524102886590,5,6.2,1.2
73,1,07,02,J969,350160,3525125926168,7,9.9,2.9
77,1,08,02,J189,350160,3525128569479,6,7.9,1.9
93,3,09,02,J189,351907,3525129002791,8,7.2,0.8
52,1,08,02,J81,350950,3525121238749,48,10.2,37.8
6,1,11,02,J218,351907,3525135162945,4,5.1,1.1
83,3,06,02,J80,350950,3525118440371,8,9.4,1.4
5,3,06,02,J180,352050,3525119142446,8,5.3,2.7
5,1,07,02,J80,350950,3525121203770,8,6.7,1.3
65,1,03,02,J441,350950,3524102907600,2,8.4,6.4
30,3,01,02,J068,353650,3525111772424,1,3.3,2.3
20,1,10,02,J069,355240,3525104918302,1,3.1,2.1
77,1,10,02,J449,350950,3525128196238,15,8.1,6.9
64,3,02,01,J328,351280,3524102895126,1,1.6,0.6
1,1,11,02,J180,351907,3525135162956,8,5.4,2.6
87,3,04,02,J189,352050,3525119120259,5,7.4,2.4
54,1,10,02,J90,350950,3525104463936,4,10.5,6.5
2,3,10,02,J219,355620,3525133622967,5,5.3,0.3
15,1,05,02,J159,350950,3525118405985,5,6.3,1.3
17,1,05,01,J343,354580,3525104695288,1,1.5,0.5
63,1,08,02,J441,351280,3525126843480,2,8.2,6.2
5,3,11,02,J180,355620,3525133624991,5,5.3,0.3
76,1,09,02,J189,352050,3525126521895,22,8.6,13.4
66,3,03,02,J449,355620,3525118468069,7,7.8,0.8
1,1,05,01,J459,350950,3525104344608,2,4.8,2.8
71,1,12,02,J189,354580,3525135173967,8,8.5,0.5
73,1,11,02,J189,352340,3525111590671,4,8.5,4.5
77,1,08,01,J180,350950,3525121192021,10,10.5,0.5
4,3,06,02,J189,353340,3525121421250,7,5.4,1.6
2,1,12,02,J459,350950,3525135798151,2,3.6,1.6
69,3,06,02,J449,353180,3525124268248,6,8.6,2.6
81,3,04,02,J90,350950,3525104333993,2,9.5,7.5
87,3,02,02,J180,350160,3525116079716,4,7.4,3.4
19,3,07,02,J159,351280,3525112458912,6,6.3,0.3
80,1,04,01,J323,350950,3525104317670,1,2.7,1.7
1,1,06,02,J80,350950,3525118450030,2,7.9,5.9
1,1,11,02,J159,350950,3525135786535,5,5.4,0.4
1,3,01,02,J80,350950,3524130878686,30,7.5,22.5
67,1,09,02,J189,350950,3525121269912,4,8.5,4.5
8,1,04,02,J450,350950,3525118374130,3,3.2,0.2
2,3,07,02,J189,350950,3525121211953,10,5.3,4.7
62,3,05,01,J180,350950,3525104546403,1,9.3,8.3
79,3,06,02,J81,352340,3525111557814,9,9.5,0.5
1,3,05,02,J219,353180,3525104721622,3,5.3,2.3
85,3,05,02,J180,350950,3525118418470,8,7.8,0.2
68,3,09,02,J80,350950,3525121269758,3,9.6,6.6
75,1,11,02,J189,355620,3525135136424,6,8.6,2.6
67,1,09,02,J189,353650,3525133186245,3,8.5,5.5
1,1,12,02,J189,350950,3525135823561,13,5.4,7.6
83,3,08,02,J180,350950,3525121248165,22,7.8,14.2
70,3,03,02,J189,353710,3525111699384,6,8.5,2.5
1,3,08,02,J210,353650,3525126440704,3,5.4,2.4
9,1,05,02,J210,355240,3525104716177,14,5.1,8.9
34,3,12,02,J90,350950,3525135792167,11,9.2,1.8
1,3,04,02,J189,350950,3525111690760,3,5.3,2.3
61,1,12,02,J189,352340,3525111592255,2,8.8,6.8
45,3,08,02,J159,353650,3525126442013,4,7.8,3.8
74,1,07,01,J381,354800,3525104811250,2,1.7,0.3
69,1,08,02,J81,352470,3525128320648,6,10.2,4.2
59,3,10,02,J459,353180,3525104463155,11,7.9,3.1
88,3,03,02,J159,352050,3525116049708,6,7.4,1.4
42,3,06,02,J188,353340,3525104361493,6,7.6,1.6
2,3,04,02,J189,352470,3525117280773,2,5.3,3.3
5,1,12,01,J351,350950,3525128246299,1,1.5,0.5
9,1,04,02,J180,352050,3525116063722,3,5.1,2.1
6,1,12,02,J219,352470,3525135933396,6,5.1,0.9
67,1,12,02,J449,350950,3525135800142,6,8.4,2.4
49,1,07,02,J180,350950,3525104395648,8,8.6,0.6
52,3,05,02,J90,354580,3525118975280,4,10.2,6.2
48,3,11,02,J459,350950,3525128243296,2,6.3,4.3
3,3,05,02,J459,352050,3525119118829,4,3.2,0.8
45,3,09,02,J189,351280,3525131645255,2,7.8,5.8
79,1,06,02,J189,352050,3525122781796,8,8.1,0.1
3,1,05,01,J459,350950,3525104346830,1,2.8,1.8
5,3,06,02,J960,355240,3525104746780,5,6.6,1.6
4,3,06,02,J210,352050,3525119144382,11,5.4,5.6
12,3,09,02,J189,351515,3525128474065,5,6.2,1.2
86,1,04,02,J189,352050,3525116071268,3,7.4,4.4
1,3,11,02,J159,350950,3525128249940,8,5.3,2.7
26,3,04,02,J068,350950,3525118369630,2,3.0,1.0
2,3,05,02,J180,354800,3525117006290,1,5.3,4.3
16,3,08,02,J041,350380,3525104414095,4,3.0,1.0
4,1,11,02,J21,355240,3525135270481,6,5.4,0.6
6,1,05,02,J459,352050,3525119138981,3,3.2,0.2
47,3,06,02,J189,353710,3525125211795,1,8.1,7.1
1,3,05,02,J219,350950,3525118424465,6,5.3,0.7
83,3,03,02,J189,355240,3525118890502,2,7.8,5.8
4,1,01,02,J981,350950,3525111614519,21,7.2,13.8
6,1,08,02,J459,350950,3525121248198,1,3.2,2.2
1,3,05,02,J989,353710,3525119542098,4,7.5,3.5
3,1,06,02,J189,350950,3525118459214,3,5.4,2.4
67,1,07,02,J180,350950,3525121209511,8,8.5,0.5
24,3,10,02,J180,353200,3525113709678,1,6.5,5.5
9,3,03,02,J219,350950,3525111681840,4,5.1,1.1
1,1,05,02,J218,353340,3525121419534,4,5.4,1.4
1,1,05,02,J210,355240,3525118897531,2,5.4,3.4
2,1,02,02,J431,350950,3525111646782,2,3.6,1.6
59,3,10,02,J189,350950,3525133191217,1,8.5,7.5
56,1,10,02,J930,352340,3525111585391,1,10.8,9.8
2,1,06,02,J060,352340,3525111556681,3,3.6,0.6
9,3,01,02,J960,350950,3524102870475,11,6.3,4.7
80,3,04,02,J960,352470,3525119541966,6,9.5,3.5
3,3,03,02,J459,350950,3525111659685,3,3.2,0.2
3,3,10,02,J218,351907,3525131909695,2,5.4,3.4
11,1,09,02,J189,355620,3525128557214,5,5.0,0.0
60,1,08,02,J181,352050,3525126520267,3,8.9,5.9
71,3,09,02,J189,352050,3525126519838,17,8.5,8.5
70,3,10,02,J189,350950,3525128197547,21,8.5,12.5
4,3,07,02,J960,350950,3525104403018,4,7.2,3.2
4,3,05,02,J459,350950,3525118411199,1,3.2,2.2
41,1,10,02,J80,350950,3525128227291,3,8.7,5.7
5,1,05,02,J188,350950,3525118414862,18,5.3,12.7
94,1,01,02,J18,350950,3524130872416,22,7.4,14.6
73,1,08,02,J18,350950,3525121257559,12,8.5,3.5
6,1,09,02,J110,350160,3525131756806,2,5.1,3.1
71,1,07,02,J441,350950,3525121192725,2,8.2,6.2
2,3,10,02,J189,354580,3525128653145,3,5.3,2.3
1,1,05,02,J189,350950,3525118406040,1,5.4,4.4
84,1,06,02,J128,352050,3525122779904,7,7.8,0.8
44,1,09,02,J969,350950,3525128163887,8,8.0,0.0
1,3,10,02,J219,350950,3525128215510,4,5.3,1.3
99,1,09,02,J449,351907,3525131904085,3,5.7,2.7
66,3,12,02,J180,350950,3525135820558,13,8.3,4.7
42,1,01,02,J189,355620,3524132712430,8,9.0,1.0
70,3,08,02,J969,350950,3525121257867,21,9.7,11.3
74,1,04,01,J343,353180,3525104688347,2,2.1,0.1
1,3,08,02,J45,353650,3525126441276,4,3.9,0.1
86,3,03,02,J189,355620,3525116077252,9,7.4,1.6
43,3,11,02,J36,350950,3525128232604,3,4.5,1.5
59,3,04,02,J441,351280,3525117219316,4,7.9,3.9
8,3,08,02,J459,354580,3525128642740,2,3.2,1.2
10,1,04,01,J189,352340,3525111543822,5,4.0,1.0
26,1,06,02,J180,350950,3525121179899,1,6.7,5.7
1,1,07,02,J210,350950,3525121189667,5,5.5,0.5
76,3,10,02,J180,350950,3525128194577,14,8.6,5.4
1,3,04,02,J459,351907,3525119448576,2,3.9,1.9
3,1,11,02,J210,350160,3525134329915,3,5.4,2.4
1,3,06,02,J210,350950,3525118460567,6,5.4,0.6
1,1,04,02,J218,353340,3525114060370,1,5.4,4.4
11,3,04,02,J960,353650,3525118898895,5,6.4,1.4
1,3,08,02,J960,350950,3525121236626,4,7.5,3.5
4,1,09,02,J353,352340,3525111578956,1,3.4,2.4
33,3,05,02,J168,353180,3525120886936,2,8.2,6.2
3,1,05,02,J210,350160,3525121524078,5,5.4,0.4
3,3,05,02,J210,350950,3525118408779,8,5.4,2.6
76,1,02,02,J449,350950,3525111640380,52,8.6,43.4
44,3,09,01,J955,352050,3525126530849,5,4.4,0.6
10,1,09,01,J353,352340,3525111575810,1,1.5,0.5
10,3,12,01,J342,350950,3525135802386,1,1.5,0.5
14,3,06,02,J188,353180,3525117345970,14,6.4,7.6
30,3,12,01,J342,355240,3525104982553,2,1.6,0.4
95,3,05,02,J189,355620,3525118471556,7,7.1,0.1
35,3,02,01,J343,353200,3525104601524,1,1.6,0.6
76,3,06,02,J180,352470,3525121332018,12,8.5,3.5
25,1,06,02,J90,355240,3525104746570,18,8.0,10.0
44,1,11,02,J189,355620,3525104495836,10,8.0,2.0
29,3,09,01,J342,350950,3525121265512,1,1.6,0.6
7,3,02,02,J459,351907,3525114718840,3,3.2,0.2
52,3,01,02,J189,350950,3525111600043,4,8.4,4.4
65,1,11,02,J189,350950,3525128224387,39,8.4,30.6
1,1,09,02,J129,353650,3525133185772,3,5.5,2.5
2,3,06,02,J960,351907,3525104695189,29,7.3,21.7
93,1,06,02,J180,353200,3525113708677,3,7.4,4.4
61,1,12,02,J391,351280,3525104509916,8,4.6,3.4
51,1,11,01,J958,352470,3525129519307,2,6.9,4.9
2,1,04,02,J210,350950,3525111697602,13,5.5,7.5
52,1,05,02,J44,350950,3525118434200,7,7.5,0.5
2,1,04,02,J459,350950,3525118377946,3,3.6,0.6
76,3,04,02,J189,353340,3525114060281,10,8.6,1.4
73,3,01,02,J81,352340,3525111532954,18,9.7,8.3
8,3,02,02,J210,353710,3525111646496,10,5.1,4.9
2,3,04,02,J80,350950,3525118376725,7,7.2,0.2
86,3,10,02,J189,353710,3525125774236,5,7.4,2.4
75,1,07,02,J189,352340,3525111563721,1,8.6,7.6
2,1,11,02,J180,352340,3525111588196,3,5.5,2.5
1,3,04,02,J158,350950,3525111689902,4,5.3,1.3
80,1,11,02,J188,350950,3525135785215,15,7.9,7.1
2,3,05,02,J180,350160,3525121520481,7,5.3,1.7
6,1,04,02,J180,354580,3525111508677,3,5.1,2.1
54,1,05,02,J450,350950,3525118431021,11,6.8,4.2
5,3,04,02,J188,350950,3525118396525,29,5.3,23.7
1,3,03,02,J219,350950,3525111682785,10,5.3,4.7
64,3,08,02,J960,350950,3525104427669,10,9.4,0.6
6,3,03,02,J210,355670,3524132030408,4,5.1,1.1
5,1,03,02,J189,354580,3525111506895,2,5.3,3.3
93,1,10,02,J22,350950,3525128190650,3,7.3,4.3
22,3,08,02,J36,350950,3525121261068,2,3.5,1.5
3,3,03,02,J459,350950,3525111655660,6,3.2,2.8
37,3,02,02,J91,354580,3525104625713,1,8.3,7.3
6,1,04,02,J960,350950,3525118395007,2,6.6,4.6
14,1,11,02,J188,355240,3525127916662,2,6.3,4.3
10,1,11,02,J219,350950,3525128244539,1,5.0,4.0
2,1,02,02,J960,350950,3525111647255,8,8.4,0.4
29,3,05,02,J955,350950,3525104348117,11,7.8,3.2
4,3,07,02,J960,350950,3525104395054,3,7.2,4.2
69,1,06,02,J938,351907,3525124269799,2,10.2,8.2
91,1,11,02,J189,355670,3525123491593,12,7.0,5.0
73,3,05,02,J189,352340,3525111551401,11,8.4,2.6
74,3,03,02,J181,350950,3525111665427,3,8.5,5.5
37,1,10,02,J90,353650,3525104468633,2,9.0,7.0
78,1,07,02,J938,351907,3525127044098,3,9.7,6.7
42,3,02,02,J068,352050,3525111470265,9,4.2,4.8
1,1,03,02,J960,350950,3525111622461,8,8.1,0.1
62,1,02,02,J960,350950,3524102900010,10,11.6,1.6
81,1,08,02,J80,350160,3525121255403,6,10.5,4.5
64,3,01,02,J189,350950,3525111613529,3,8.3,5.3
77,3,01,02,J189,353650,3525111776626,1,7.8,6.8
82,1,03,02,J159,350160,3525116087890,3,7.9,4.9
63,1,01,02,J960,353650,3525111775251,15,9.6,5.4
4,3,04,02,J218,351907,3525119447575,4,5.4,1.4
37,3,05,01,J955,355240,3525104340340,3,4.4,1.4
71,3,07,02,J180,350950,3525121198764,29,8.5,20.5
83,3,10,02,J448,352050,3525131793800,7,7.6,0.6
1,1,08,02,J210,350950,3525121218960,20,5.5,14.5
83,3,09,02,J189,355670,3525123477580,22,7.8,14.2
67,1,10,02,J938,350950,3525128188967,16,9.7,6.3
1,3,11,02,J210,354580,3525135171437,3,5.3,2.3
61,3,04,02,J189,353650,3525118890667,26,8.8,17.2
3,1,09,02,J041,355240,3525104835175,3,3.3,0.3
3,1,06,02,J960,350950,3525118465100,12,7.2,4.8
94,1,05,02,J159,350950,3525118437401,6,7.4,1.4
36,1,11,02,J189,352340,3525111588735,1,8.8,7.8
52,1,12,01,J321,350950,3525135818292,1,1.6,0.6
7,3,05,02,J189,351515,3525118713611,3,5.1,2.1
78,3,11,02,J80,350950,3525135785534,5,9.6,4.6
5,1,12,02,J219,350950,3525135808425,2,5.3,3.3
70,1,06,02,J180,352050,3525119143711,7,8.6,1.6
9,1,01,02,J459,350950,3525111609470,5,3.2,1.8
2,3,07,02,J458,350380,3525104390995,2,3.4,1.4
1,1,04,02,J209,350950,3525118380344,3,5.4,2.4
1,1,04,02,J958,350950,3525118392004,4,8.1,4.1
70,3,10,02,J189,352340,3525111584060,7,8.5,1.5
80,3,12,02,J110,352340,3525111595764,1,7.8,6.8
1,3,03,02,J459,350950,3525111664877,7,3.9,3.1
1,1,05,02,J210,353180,3525104717519,1,5.4,4.4
77,3,09,02,J90,350950,3525121265138,18,9.8,8.2
1,1,04,02,J180,352050,3525116068200,2,5.4,3.4
1,1,05,02,J128,353650,3525120495171,2,5.4,3.4
2,3,04,02,J458,350950,3525118371368,6,3.4,2.6
43,3,04,02,J189,350950,3525116097888,7,6.6,0.4
6,3,04,02,J159,352050,3525116058838,6,5.1,0.9
9,3,02,02,J459,355240,3525104625790,3,3.2,0.2
55,1,01,02,J938,352340,3525111735882,5,10.7,5.7
80,3,10,02,J189,350950,3525128213959,6,7.8,1.8
7,3,10,02,J189,352050,3525131802841,4,5.1,1.1
61,3,06,02,J189,350950,3525118460490,19,8.8,10.2
67,1,11,02,J180,350160,3525134327715,7,8.5,1.5
41,3,01,02,J81,351280,3525113373815,10,7.9,2.1
37,3,05,02,J459,350950,3525118426874,3,5.9,2.9
1,1,12,02,J219,350950,3525135798899,1,5.4,4.4
4,3,09,02,J459,350950,3525128179694,2,3.3,1.3
4,1,05,02,J80,350950,3525118417854,4,7.2,3.2
49,1,01,02,J459,350950,3524130867488,4,6.6,2.6
71,3,07,02,J81,350160,3525125927390,3,9.7,6.7
22,3,09,02,J180,353200,3525113709601,1,6.6,5.6
55,1,01,02,J180,350950,3524102886843,3,9.3,6.3
67,1,08,02,J448,350160,3525128571657,18,8.4,9.6
72,1,05,02,J180,353180,3525120887728,5,8.5,3.5
28,1,08,02,J180,355240,3525104803506,4,7.5,3.5
22,3,05,01,J343,351907,3525104730741,2,1.5,0.5
5,1,12,02,J960,350950,3525104517209,15,6.6,8.4
79,3,07,02,J189,352470,3525126432058,10,8.0,2.0
72,1,10,01,J342,350950,3525128166109,1,2.1,1.1
83,1,11,02,J189,352340,3525111588801,5,7.9,2.9
6,1,12,02,J129,350950,3525135821317,4,5.1,1.1
68,3,11,02,J449,352050,3525134276037,6,8.2,2.2
7,3,07,02,J219,355620,3525125779296,4,5.1,1.1
12,3,08,02,J459,350160,3525128570800,3,3.3,0.3
1,1,03,02,J219,353650,3525116094600,1,5.4,4.4
32,1,10,02,J81,350950,3525104472208,24,8.8,15.2
3,1,07,02,J210,354580,3525118987467,3,5.4,2.4
71,3,04,02,J960,353650,3525118891965,1,9.9,8.9
75,3,02,02,J90,352050,3525111471410,14,9.9,4.1
2,1,01,02,J989,355240,3524102867494,5,8.4,3.4
4,3,01,02,J960,353650,3525111771159,2,7.1,5.1
17,1,11,01,J342,351905,3525104877679,1,1.5,0.5
28,1,08,01,J351,350950,3525121229036,1,1.6,0.6
3,3,01,02,J431,350950,3524130858622,3,3.2,0.2
74,1,05,02,J159,350950,3525118409989,3,8.5,5.5
3,1,09,02,J960,350950,3525128171554,2,7.2,5.2
1,3,10,02,J21,350950,3525128223386,10,5.3,4.7
60,1,12,02,J949,350160,3525136711217,4,11.2,7.2
4,1,03,02,J431,350950,3525111676966,2,3.3,1.3
19,1,08,02,J960,352050,3525122807800,30,7.6,22.4
8,3,07,02,J431,350950,3525121188930,3,3.2,0.2
79,3,08,02,J189,350950,3525121257955,19,8.0,11.0
24,3,12,01,J342,350950,3525135802001,1,1.5,0.5
68,3,06,02,J159,352050,3525122787670,7,8.5,1.5
55,1,10,02,J36,351907,3525131910290,8,4.7,3.3
53,1,03,02,J18,350950,3525111669288,13,8.5,4.5
1,1,04,02,J210,353650,3525118897289,3,5.4,2.4
1,1,07,02,J960,350950,3525121201790,13,7.9,5.1
2,3,05,02,J210,350950,3525104347490,4,5.3,1.3
36,1,05,02,J189,354800,3525121457176,22,8.8,13.2
3,1,06,02,J218,350950,3525118462492,3,5.4,2.4
1,1,03,02,J210,353340,3525114059082,2,5.4,3.4
1,1,08,02,J219,350950,3525121245107,10,5.5,4.5
86,1,03,02,J189,350950,3525111665449,14,7.4,6.6
14,1,10,01,J342,350950,3525128184919,1,1.5,0.5
18,1,01,02,J938,350950,3524102866471,1,7.5,6.5
6,3,02,02,J960,350950,3525111627807,1,6.5,5.5
38,1,05,02,J189,350950,3525118405600,6,8.3,2.3
8,1,05,02,J189,350950,3525118430482,6,5.1,0.9
52,1,04,02,J158,350950,3525111692619,2,9.0,7.0
80,3,07,02,J189,350950,3525121209214,10,7.8,2.2
7,1,08,01,J343,350950,3525121249672,1,1.5,0.5
85,3,10,02,J189,353650,3525133191173,4,7.8,3.8
21,1,07,02,J938,350160,3525125928093,3,8.4,5.4
22,3,09,02,J206,350950,3525128157452,2,6.6,4.6
39,3,12,02,J459,352050,3525134290898,9,5.8,3.2
11,1,09,02,J960,350950,3525128153162,10,6.1,3.9
6,1,06,02,J960,350950,3525117360677,15,6.7,8.3
50,1,05,02,J189,355620,3525121145997,7,8.9,1.9
93,3,12,02,J81,352340,3525111593058,6,6.4,0.4
57,3,06,02,J189,350950,3525118442550,2,8.4,6.4
10,3,05,02,J218,350950,3525121411119,3,5.1,2.1
41,3,06,02,J189,351907,3525124267610,4,7.6,3.6
40,3,11,02,J960,353180,3525133166137,4,8.6,4.6
1,3,07,02,J960,355620,3525104397111,5,7.5,2.5
64,3,07,02,J961,352050,3525122789474,30,9.4,20.6
1,3,05,02,J80,350950,3525118415203,5,7.5,2.5
8,1,07,02,J690,350160,3525104758351,15,6.4,8.6
44,1,10,02,J180,350950,3525128188714,6,8.0,2.0
73,3,03,02,J189,354580,3525111500647,19,8.4,10.6
10,3,04,02,J219,351907,3525104694551,1,5.1,4.1
63,3,12,02,J451,350950,3525135793762,10,7.3,2.7
1,3,07,02,J80,350950,3525121186059,1,7.5,6.5
1,3,08,02,J180,355240,3525104832140,6,5.4,0.6
34,1,03,02,J189,350160,3525116084039,2,8.3,6.3
4,1,08,02,J219,350950,3525121261079,8,5.4,2.6
43,3,07,02,J181,350950,3525121209808,4,7.4,3.4
45,1,05,02,J959,350950,3525118400639,3,10.1,7.1
5,1,03,02,J960,350950,3525111680255,4,6.6,2.6
79,1,05,02,J15,350950,3525118406799,16,8.1,7.9
60,1,07,02,J960,350160,3525125932295,18,11.5,6.5
49,3,06,02,J189,351280,3525122823134,10,8.1,1.9
6,1,04,01,J955,350950,3525104320771,4,5.6,1.6
2,3,03,02,J459,352470,3525114723735,1,3.4,2.4
51,1,08,02,J938,350950,3525121247461,25,10.4,14.6
1,3,07,02,J180,351907,3525127043504,2,5.4,3.4
90,1,09,02,J159,350160,3525128574462,9,7.3,1.7
2,3,11,02,J180,351907,3525128241096,4,5.3,1.3
78,3,07,02,J189,355670,3525114269259,5,8.1,3.1
2,3,05,02,J128,353650,3525120495270,3,5.3,2.3
2,1,07,02,J451,350950,3525121186829,4,3.6,0.4
42,1,03,02,J188,350950,3525111655164,8,9.0,1.0
59,3,11,02,J180,350950,3525128249896,7,8.5,1.5
2,1,05,02,J90,354580,3525104720588,11,8.4,2.6
11,1,08,02,J189,352050,3525126510015,3,5.0,2.0
1,1,05,02,J80,350950,3525118412211,7,8.1,1.1
41,3,06,02,J189,350950,3525118465066,15,7.6,7.4
63,1,03,02,J159,350160,3525116084567,2,8.2,6.2
1,1,08,02,J218,352050,3525126514437,4,5.5,1.5
18,1,07,02,J189,350160,3525125925410,2,6.6,4.6
56,1,04,02,J189,350950,3525111630502,30,9.3,20.7
7,1,08,02,J180,354800,3525128429801,2,5.0,3.0
2,1,07,02,J459,350950,3525121192373,3,3.6,0.6
40,3,06,02,J459,350950,3525104377421,1,5.8,4.8
2,1,07,02,J458,350950,3525121200315,2,3.6,1.6
71,3,01,02,J930,350950,3524130873692,3,9.9,6.9
1,1,10,02,J960,350950,3525128209834,1,8.1,7.1
66,1,07,02,J869,351907,3525104801394,18,9.7,8.3
70,3,08,02,J18,350950,3525121257537,8,8.5,0.5
2,1,07,02,J159,354800,3525104384230,2,5.5,3.5
31,1,03,02,J955,350950,3525111682862,3,8.8,5.8
5,3,01,02,J960,350950,3524130810937,16,6.5,9.5
3,3,05,01,J353,352340,3525111549377,1,1.5,0.5
10,3,08,02,J210,350950,3525104425964,25,5.1,19.9
1,1,02,02,J218,354580,3525111502341,4,5.4,1.4
44,3,10,02,J938,352050,3525126531201,3,7.6,4.6
86,3,01,02,J960,355240,3525104600303,12,8.5,3.5
1,3,03,02,J459,350950,3525111664976,5,3.9,1.1
2,3,04,02,J960,350950,3525118390398,4,7.2,3.2
97,3,03,02,J159,354580,3525111504409,8,7.1,0.9
1,1,12,02,J110,352340,3525111595720,1,5.4,4.4
3,3,11,02,J219,350950,3525128237543,4,5.4,1.4
1,3,11,02,J219,351905,3525134391075,7,5.3,1.7
10,3,08,01,J342,350950,3525121228816,1,1.5,0.5
10,1,05,02,J180,352050,3525119141984,2,5.0,3.0
1,1,12,02,J218,350950,3525135799669,2,5.4,3.4
5,1,06,02,J219,355620,3525121150331,3,5.3,2.3
1,1,11,02,J459,350950,3525135786964,4,4.1,0.1
1,3,09,02,J180,355670,3525123478668,2,5.4,3.4
71,1,07,02,J180,350950,3525114268082,2,8.5,6.5
8,1,09,02,J80,350950,3525128166550,3,6.4,3.4
67,1,12,02,J189,350950,3525135827312,7,8.5,1.5
65,1,07,02,J21,350950,3525121209489,1,8.4,7.4
1,3,10,02,J960,350950,3525128213684,10,7.5,2.5
57,1,04,02,J159,350950,3525118368860,30,9.3,20.7
82,1,09,02,J159,352470,3525130107521,1,7.9,6.9
37,3,06,02,J459,354580,3525118978788,23,6.1,16.9
9,1,03,02,J041,350950,3525111679078,1,3.2,2.2
3,3,07,02,J80,351907,3525121217574,6,7.2,1.2
1,1,07,02,J218,350950,3525121204671,2,5.5,3.5
71,1,10,02,J938,352050,3525131792567,2,10.3,8.3
52,1,03,02,J189,355670,3524132031893,18,9.0,9.0
41,1,09,02,J189,352050,3525126522632,11,8.6,2.4
78,1,04,02,J46,355620,3525118470566,4,8.4,4.4
64,1,07,02,J180,351280,3525126841390,3,8.4,5.4
62,3,09,02,J156,350950,3525128163360,5,8.8,3.8
71,1,10,02,J952,350950,3525128191717,30,10.3,19.7
70,1,06,02,J18,350950,3525118461161,12,8.6,3.4
3,1,10,01,J36,350950,3525502088383,18,1.6,16.4
38,1,05,02,J91,355240,3525118400001,4,9.2,5.2
52,1,06,02,J188,350950,3525118463999,4,8.8,4.8
9,1,03,02,J459,355670,3524132030056,4,3.2,0.8
8,1,05,02,J960,350950,3525118408658,2,6.2,4.2
26,1,10,02,J180,353200,3525113709766,2,6.7,4.7
59,1,06,02,J189,350160,3525121527906,6,9.5,3.5
11,3,04,02,J210,350950,3525118392884,1,5.1,4.1
68,3,12,02,J189,352340,3525111591232,4,8.5,4.5
86,1,07,02,J449,353340,3525121422570,1,7.2,6.2
1,3,06,02,J219,350950,3525118460688,10,5.4,4.6
4,3,11,02,J110,355240,3525135270558,8,5.4,2.6
6,3,10,02,J80,350950,3525128212881,4,6.5,2.5
6,1,06,02,J960,351907,3525104748297,6,6.7,0.7
2,1,08,02,J188,350950,3525121246560,2,5.5,3.5
64,3,01,02,J90,352050,3525111462191,13,9.3,3.7
1,3,06,02,J80,350950,3525118439854,4,7.5,3.5
1,1,02,02,J181,350950,3525111624485,1,5.4,4.4
75,1,09,02,J189,350950,3525128163480,10,8.6,1.4
2,1,08,02,J039,353650,3525126442420,1,3.6,2.6
7,3,12,02,J459,352050,3525134295364,5,3.2,1.8
24,3,07,02,J218,352050,3525122804236,10,6.5,3.5
2,3,05,02,J129,354800,3525117008061,1,5.3,4.3
8,3,10,02,J81,350950,3525133620360,4,6.3,2.3
73,1,02,02,J969,350950,3524102899119,5,9.9,4.9
54,3,10,02,J938,355620,3525133622318,1,9.9,8.9
11,1,08,02,J158,353650,3525126438790,5,5.0,0.0
3,1,03,02,J159,352050,3525116052711,4,5.4,1.4
1,1,12,02,J960,350950,3525135806764,9,8.1,0.9
38,1,02,02,J90,354580,3525111497930,30,9.2,20.8
9,1,12,02,J219,350950,3525135805928,6,5.1,0.9
84,3,08,02,J441,352470,3525128320428,13,8.6,4.4
3,1,09,02,J041,350950,3525128182170,9,3.3,5.7
82,3,03,02,J449,353200,3525113708160,1,7.6,6.6
76,3,07,02,J849,350950,3525104399454,20,9.7,10.3
81,3,05,02,J188,350950,3525104355751,2,7.8,5.8
7,3,03,02,J188,350950,3525111687328,32,5.1,26.9
84,3,01,02,J18,350950,3525111617071,7,8.1,1.1
1,1,05,02,J180,350160,3525118637645,6,5.4,0.6
66,3,09,02,J960,353340,3525104870892,8,9.4,1.4
30,3,02,02,J189,355620,3525116074337,7,6.6,0.4
3,3,02,02,J189,355620,3525116075096,4,5.4,1.4
30,1,09,02,J180,350160,3525131760381,6,7.5,1.5
65,1,11,02,J90,352340,3525104503239,20,9.6,10.4
66,1,01,02,J189,352050,3525111459353,16,8.4,7.6
25,1,09,02,J969,350950,3525128167385,10,8.0,2.0
52,1,06,02,J219,350950,3525118450975,10,8.8,1.2
2,1,03,02,J431,350950,3525111685910,2,3.6,1.6
1,1,05,02,J80,350950,3525118422738,5,8.1,3.1
82,3,07,02,J189,350950,3525121209742,13,7.8,5.2
6,3,10,02,J159,350950,3525104462660,6,5.1,0.9
2,3,09,02,J180,350160,3525128576277,4,5.3,1.3
3,3,10,02,J180,350160,3525131761525,5,5.4,0.4
30,3,12,01,J342,350950,3525135785776,1,1.6,0.6
3,1,08,02,J980,350950,3525104428076,14,7.2,6.8
2,3,10,02,J960,350950,3525104457545,4,7.2,3.2
1,1,05,02,J80,350950,3525118416996,8,8.1,0.1
15,3,07,01,J351,352340,3525111561400,1,1.5,0.5
4,3,05,02,J80,350950,3525118410165,3,7.1,4.1
7,3,05,02,J210,354580,3525118977028,2,5.1,3.1
8,1,02,02,J459,350950,3525111636915,1,3.2,2.2
2,3,11,02,J46,350950,3525133627169,4,3.4,0.6
3,3,06,02,J459,350950,3525121182011,3,3.3,0.3
66,1,02,02,J91,350160,3525112456240,9,9.6,0.6
1,1,08,02,J210,352050,3525126514668,4,5.5,1.5
67,3,06,02,J068,350950,3525104375375,1,5.0,4.0
80,3,04,02,J189,353710,3525117221428,6,7.8,1.8
2,3,11,02,J459,350950,3525128231450,4,3.4,0.6
60,1,04,02,J189,353710,3525117221483,3,8.8,5.8
5,1,05,02,J450,350950,3525118401475,2,3.2,1.2
18,3,05,01,J351,352050,3525104715616,1,1.5,0.5
3,1,05,02,J210,355670,3525114259073,3,5.4,2.4
9,3,06,02,J210,355670,3525114264991,6,5.1,0.9
68,1,03,02,J80,350950,3525111658805,6,9.8,3.8
89,3,06,02,J189,350950,3525121175983,3,7.4,4.4
2,3,07,02,J210,351907,3525104757097,3,5.3,2.3
3,3,04,02,J450,350950,3525118373909,4,3.2,0.8
6,3,07,02,J210,355240,3525104756921,4,5.1,1.1
49,1,01,02,J81,353180,3525114362176,3,9.8,6.8
5,1,05,02,J459,350950,3525118408867,2,3.2,1.2
68,3,11,02,J45,350950,3525128233594,6,8.2,2.2
62,1,06,02,J189,353650,3525120498493,3,8.8,5.8
51,3,08,02,J81,350160,3525128567653,3,10.1,7.1
1,3,07,02,J219,351907,3525104795289,9,5.4,3.6
67,1,01,02,J189,353710,3525111698372,3,8.5,5.5
3,3,10,02,J960,350950,3525128199659,1,7.1,6.1
90,3,10,02,J449,355670,3525123481319,5,8.2,3.2
64,1,04,02,J189,350160,3525118628768,9,8.4,0.6
49,3,11,02,J938,355620,3525133625849,5,9.6,4.6
1,3,05,02,J159,355240,3525104351032,3,5.3,2.3
59,1,01,02,J189,351907,3525114202357,2,9.5,7.5
1,3,02,02,J960,350950,3525111648597,13,7.5,5.5
60,3,04,02,J449,351907,3525119449126,7,7.7,0.7
4,1,05,02,J960,350950,3525118404995,2,7.2,5.2
3,1,07,02,J159,350950,3525121199908,10,5.4,4.6
10,3,01,02,J46,355620,3525111816655,3,3.2,0.2
1,3,05,02,J189,350950,3525118415368,2,5.3,3.3
74,3,11,02,J441,351280,3525134933200,3,8.1,5.1
31,3,07,02,J180,353710,3525125212125,11,6.9,4.1
1,1,09,02,J359,353650,3525126443894,3,4.8,1.8
57,1,02,02,J011,351515,3525111246481,4,4.5,0.5
71,1,09,02,J13,355240,3525133185629,2,8.5,6.5
4,3,09,02,J219,350950,3525128160103,12,5.4,6.6
1,1,10,02,J80,350950,3525128211385,2,8.1,6.1
1,1,10,02,J219,350950,3525128210087,3,5.4,2.4
6,3,06,02,J188,350950,3525121176148,14,5.1,8.9
4,3,11,02,J960,350950,3525128247168,4,7.1,3.1
4,1,05,02,J459,352340,3525104342573,3,3.3,0.3
5,3,03,01,J955,350950,3524102913045,2,5.6,3.6
11,3,08,02,J219,355240,3525126441232,3,5.1,2.1
58,3,08,02,J459,355240,3525126438977,6,8.0,2.0
29,1,09,01,J90,350950,3525124587127,4,6.0,2.0
84,3,03,02,J189,355670,3525114247700,8,8.1,0.1
44,1,03,02,J180,351515,3525114508465,11,8.0,3.0
11,1,07,02,J158,353650,3525104395351,9,5.0,4.0
36,1,07,02,J180,351280,3525126841654,1,8.1,7.1
51,1,02,02,J942,350950,3525111622263,6,10.4,4.4
9,3,09,02,J960,353650,3525126442981,6,6.3,0.3
9,1,08,02,J459,350950,3525121251564,4,3.2,0.8
11,1,03,02,J960,350950,3525111675558,4,6.1,2.1
4,3,09,02,J459,350950,3525121271980,3,3.3,0.3
50,1,06,02,J180,350950,3525104718740,3,8.9,5.9
80,1,07,02,J180,350950,3525121208170,3,7.9,4.9
9,3,03,02,J121,353650,3525116094820,5,5.1,0.1
9,3,10,02,J189,352340,3525111579407,4,5.1,1.1
4,1,11,02,J218,350950,3525128243956,6,5.4,0.6
26,1,09,02,J90,350950,3525104434258,5,8.0,3.0
65,1,04,02,J189,350950,3525111694005,2,8.4,6.4
57,1,11,01,J942,351907,3525104495275,11,6.6,4.4
1,1,07,02,J960,355240,3525126437844,1,7.9,6.9
27,1,08,02,J930,352050,3525126507650,3,8.2,5.2
42,1,10,02,J180,352470,3525132977850,7,9.0,2.0
68,1,10,02,J189,353650,3525133194396,23,8.5,14.5
59,1,02,02,J960,350950,3525114721183,8,11.0,3.0
71,1,12,02,J91,350950,3525104981960,2,10.3,8.3
12,1,08,02,J209,350950,3525121246405,3,6.1,3.1
71,1,01,02,J189,350950,3524130872845,6,8.5,2.5
9,1,12,02,J459,350950,3525135808414,2,3.2,1.2
54,3,02,02,J90,352050,3525109455329,4,9.9,5.9
92,1,09,02,J189,350950,3525128155681,6,7.2,1.2
49,3,10,01,J342,350950,3525128169695,1,1.6,0.6
6,1,11,02,J189,350950,3525128231560,14,5.1,8.9
90,3,01,02,J180,350950,3524130870557,3,7.4,4.4
1,3,05,02,J180,350950,3525118414796,4,5.3,1.3
3,1,11,02,J988,355240,3525104489951,2,7.2,5.2
7,3,06,02,J210,355240,3525120500176,4,5.1,1.1
1,1,08,02,J80,350950,3525121227903,2,7.9,5.9
63,1,04,01,J338,350160,3525104326568,2,1.6,0.4
66,1,07,02,J459,351907,3525127045748,25,8.4,16.6
5,1,04,02,J210,350950,3525111697756,5,5.3,0.3
1,1,05,01,J459,355240,3525104347369,1,4.8,3.8
3,3,11,02,J960,350950,3525128250116,9,7.1,1.9
8,1,09,02,J110,352050,3525104441155,39,5.0,34.0
3,1,08,02,J960,350950,3525121231588,3,7.2,4.2
7,1,08,02,J210,351907,3525129000470,3,5.0,2.0
11,1,11,02,J189,352340,3525111587844,7,5.0,2.0
44,3,10,02,J189,352340,3525111580815,5,6.6,1.6
7,3,06,02,J459,351907,3525124268787,5,3.2,1.8
7,1,06,02,J219,353710,3525121331370,4,5.0,1.0
6,1,02,02,J459,354580,3525104604000,3,3.2,0.2
11,1,10,02,J189,350380,3525128220845,5,5.0,0.0
3,3,04,02,J210,350950,3525104692637,1,5.4,4.4
70,3,01,02,J180,350950,3525111605653,6,8.5,2.5
12,1,07,02,J188,350950,3525121204814,2,6.1,4.1
24,1,09,02,J180,350950,3525128178209,1,6.7,5.7
71,1,12,02,J440,350950,3525135794081,8,8.4,0.4
63,3,04,02,J441,350950,3525104331826,1,7.3,6.3
61,3,05,02,J189,353340,3525121419490,17,8.8,8.2
57,1,05,02,J180,350950,3525118402597,57,9.3,47.7
71,1,06,02,J189,353650,3525120502959,3,8.5,5.5
2,1,03,02,J219,350950,3525111687780,8,5.5,2.5
88,3,06,02,J44,350950,3525121175741,1,7.6,6.6
87,1,01,02,J159,350950,3525111616411,8,7.4,0.6
2,1,06,02,J80,350950,3525121177479,1,8.4,7.4
1,3,08,02,J960,353650,3525126440143,2,7.5,5.5
4,1,05,02,J80,350950,3525118410540,4,7.2,3.2
8,1,08,02,J459,352050,3525126517990,1,3.2,2.2
85,3,01,02,J189,352050,3524131563073,18,7.8,10.2
65,1,04,02,J90,355670,3525104325050,2,9.6,7.6
63,1,11,02,J189,355620,3525133624848,6,8.2,2.2
11,1,11,02,J219,353710,3525134390899,1,5.0,4.0
62,1,05,02,J189,353340,3525121419765,14,8.7,5.3
5,1,04,02,J181,350160,3525118628834,30,5.3,24.7
9,3,09,02,J46,355620,3525128558248,3,3.2,0.2
8,1,02,02,J180,355620,3525116074711,5,5.1,0.1
18,1,01,02,J189,355620,3524132018880,1,6.6,5.6
2,3,03,02,J459,350950,3525111676064,4,3.4,0.6
6,1,03,02,J219,350950,3525111681795,1,5.1,4.1
1,1,05,02,J218,352050,3525119121139,9,5.4,3.6
2,1,01,02,J218,350950,3525111603552,7,5.5,1.5
12,1,06,02,J431,350950,3525118452482,1,3.2,2.2
2,1,09,02,J128,350950,3525104449856,7,5.5,1.5
1,1,03,02,J068,352050,3525116057166,7,3.0,4.0
63,3,11,02,J449,352050,3525134269987,1,7.3,6.3
44,3,10,02,J189,352340,3525111580386,7,6.6,0.4
13,1,07,02,J219,350950,3525121202416,1,6.1,5.1
48,1,10,02,J189,355240,3525128187372,6,8.6,2.6
7,1,10,02,J459,350950,3525128197217,4,3.2,0.8
36,3,06,01,J343,355240,3525104761717,2,1.6,0.4
15,1,09,01,J352,351280,3525104887128,2,1.5,0.5
6,1,09,02,J960,355240,3525133189435,6,6.7,0.7
5,3,11,02,J458,350950,3525128249951,4,3.2,0.8
3,1,06,02,J960,351907,3525104719543,12,7.2,4.8
75,3,01,02,J80,350950,3524130863154,4,9.9,5.9
3,1,08,02,J219,350950,3525121263741,3,5.4,2.4
66,1,09,02,J189,355620,3525128557533,4,8.4,4.4
18,1,06,02,J219,350950,3525104368764,3,6.6,3.6
2,1,12,02,J459,355670,3525123493397,1,3.6,2.6
3,1,10,02,J181,350950,3525128188406,3,5.4,2.4
76,1,09,02,J180,355240,3525104869055,16,8.6,7.4
43,1,08,02,J938,350950,3525121232259,7,8.0,1.0
6,1,10,02,J459,350950,3525128186800,4,3.2,0.8
40,1,10,02,J189,355620,3525133623407,6,8.1,2.1
15,3,09,02,J218,352470,3525130107642,2,6.4,4.4
7,1,05,02,J21,353650,3525120496667,8,5.2,2.8
81,3,11,02,J441,350950,3525128229315,6,7.6,1.6
85,1,04,02,J159,352050,3525116057034,9,7.7,1.3
72,3,06,02,J189,354580,3525118979811,5,8.5,3.5
53,1,09,02,J440,350380,3525128172819,8,6.3,1.7
64,1,06,02,J384,352340,3525112141090,10,4.6,5.4
21,3,07,02,J938,350950,3525104798578,49,10.6,38.4
47,3,01,02,J189,351907,3525114199486,7,8.0,1.0
81,3,11,02,J189,352470,3525134390261,32,7.8,24.2
7,1,05,02,J218,350950,3525118408340,9,5.2,3.8
63,3,08,02,J459,350160,3525125933340,2,7.7,5.7
92,3,02,02,J180,352050,3525111457659,22,7.1,14.9
73,3,09,02,J189,352340,3525111574292,4,8.5,4.5
44,3,01,01,J342,351907,3525104595067,1,1.6,0.6
1,1,04,02,J988,352470,3525119541636,6,8.1,2.1
68,1,12,02,J984,354580,3525135175595,1,9.8,8.8
2,3,07,02,J80,350950,3525121214989,3,7.3,4.3
83,3,02,02,J189,350950,3525111643669,5,7.8,2.8
39,1,05,01,J342,350950,3525118403070,1,1.6,0.6
58,1,11,02,J330,353180,3525135788427,57,4.6,52.4
6,3,06,02,J458,350950,3525118465121,3,3.2,0.2
87,3,07,02,J18,350950,3525121202009,9,7.4,1.6
67,3,10,02,J449,353650,3525133192471,1,7.9,6.9
1,1,04,02,J189,355620,3525118472260,4,5.4,1.4
3,1,05,02,J21,355240,3525120496106,1,5.4,4.4
74,1,11,02,J969,352050,3525134271868,8,9.9,1.9
68,3,10,02,J189,353200,3525104476124,2,8.5,6.5
74,1,10,02,J930,350950,3525128200946,4,9.9,5.9
8,1,02,02,J189,354580,3525111500779,3,5.1,2.1
67,3,07,02,J930,350950,3525121211172,5,9.5,4.5
4,3,08,02,J960,355670,3525121251685,1,7.2,6.2
1,3,02,02,J459,355240,3525104603988,3,3.9,0.9
47,1,10,02,J180,355240,3525104468611,5,8.6,3.6
8,3,03,02,J219,350950,3525111658002,4,5.1,1.1
13,1,09,02,J188,353180,3525122125954,7,6.1,0.9
78,1,06,02,J449,350160,3525121522065,5,8.1,3.1
39,3,09,02,J159,353650,3525126443179,1,7.1,6.1
8,1,02,02,J459,354580,3525104623800,2,3.2,1.2
8,1,10,02,J459,350950,3525128191838,6,3.2,2.8
93,3,10,02,J189,350950,3525128187295,6,7.1,1.1
5,1,07,02,J431,350950,3525121219323,8,3.2,4.8
78,3,08,02,J441,355240,3525104830115,19,8.0,11.0
55,1,07,02,J960,350950,3525121212756,14,10.9,3.1
73,3,07,02,J81,352050,3525122800210,19,9.7,9.3
90,1,08,02,J159,352050,3525126506528,6,7.3,1.3
35,1,11,02,J159,350950,3525104508464,8,8.3,0.3
5,3,10,02,J459,350160,3525131761877,2,3.2,1.2
4,3,05,02,J219,350950,3525118403433,7,5.4,1.6
33,3,04,02,J189,350950,3525111690265,6,8.2,2.2
6,1,08,02,J459,350950,3525121261222,1,3.2,2.2
6,1,03,02,J459,350950,3525111655010,4,3.2,0.8
2,3,03,02,J218,354580,3525111504190,4,5.3,1.3
7,1,05,02,J459,353650,3525118900325,5,3.2,1.8
2,1,02,02,J459,353710,3525114722327,2,3.6,1.6
92,1,08,02,J189,350950,3525121257944,9,7.2,1.8
1,1,07,02,J960,350950,3525121228410,10,7.9,2.1
1,3,05,02,J459,350950,3525118401520,1,3.9,2.9
40,1,08,02,J180,353200,3525113709370,1,8.0,7.0
96,3,08,02,J189,351280,3525126842391,4,7.1,3.1
47,1,06,02,J159,355670,3525114262120,8,8.7,0.7
10,1,11,02,J960,350950,3525128230404,2,6.0,4.0
36,1,10,02,J36,352340,3525111581442,3,4.1,1.1
10,1,07,02,J458,350950,3525121200326,2,3.1,1.1
8,1,04,01,J353,352340,3525111544933,1,1.5,0.5
6,1,09,02,J188,354580,3525122124700,8,5.1,2.9
17,3,07,02,J219,350950,3525121220742,9,6.5,2.5
3,1,12,02,J459,355670,3525123494629,3,3.3,0.3
3,1,01,02,J218,350950,3525111603288,2,5.4,3.4
7,1,01,02,J80,350950,3524130859623,4,6.3,2.3
1,3,05,02,J45,353650,3525118899380,2,3.9,1.9
28,3,06,02,J218,350950,3525118462943,4,6.6,2.6
1,1,08,02,J960,350950,3525104407979,6,7.9,1.9
2,3,07,02,J159,353650,3525121193352,3,5.3,2.3
1,1,04,02,J180,350950,3525111693092,2,5.4,3.4
6,1,05,02,J210,353650,3525118897267,8,5.1,2.9
9,1,12,02,J189,350950,3525135815410,3,5.1,2.1
77,3,04,01,J189,353650,3525102282119,3,10.2,7.2
95,3,07,02,J189,350160,3525125926730,25,7.2,17.8
7,1,02,02,J431,350950,3525111649477,10,3.2,6.8
50,3,09,02,J459,351280,3525133189743,1,6.2,5.2
1,1,07,02,J960,350950,3525121189326,8,7.9,0.1
1,3,03,02,J219,350950,3525111670058,4,5.3,1.3
10,3,04,02,J431,350950,3525118368520,2,3.2,1.2
76,3,06,02,J189,354580,3525118983749,2,8.5,6.5
45,1,03,02,J189,351907,3525117323838,32,8.6,23.4
4,3,09,02,J219,351907,3525104837298,5,5.4,0.4
50,3,07,02,J180,353650,3525126436920,3,8.4,5.4
4,1,06,02,J960,350950,3525118447829,3,7.2,4.2
1,1,07,02,J210,350950,3525121198654,14,5.5,8.5
1,3,11,02,J158,353650,3525104508740,6,5.3,0.7
68,3,08,02,J189,352340,3525111567857,24,8.5,15.5
88,3,09,02,J189,353650,3525133186036,4,7.4,3.4
1,3,02,02,J219,350950,3525111630744,4,5.3,1.3
3,1,05,02,J219,350950,3525118402212,2,5.4,3.4
18,1,08,01,J342,350950,3525121227397,1,1.5,0.5
67,1,03,02,J189,354580,3525111499041,33,8.5,24.5
67,1,09,02,J189,351280,3525131646069,3,8.5,5.5
73,3,12,02,J91,353200,3525111594895,1,9.7,8.7
39,3,11,02,J189,350950,3525135785094,31,6.8,24.2
15,3,09,01,J342,352050,3525104898843,2,1.5,0.5
85,1,02,02,J189,355620,3525111817546,5,7.7,2.7
9,1,03,02,J459,350950,3525111670146,4,3.2,0.8
96,1,06,02,J159,355670,3525114262637,7,6.6,0.4
4,1,08,02,J960,350160,3525118632057,1,7.2,6.2
80,3,01,02,J449,353650,3525111775141,2,7.6,5.6
74,3,06,02,J189,353650,3525120498560,4,8.4,4.4
8,3,05,02,J219,350950,3525118437302,2,5.1,3.1
46,3,09,01,J342,353340,3525104836825,1,1.6,0.6
82,3,05,02,J180,353200,3525113708534,3,7.8,4.8
2,3,07,02,J459,350950,3525121218971,3,3.4,0.4
64,1,03,02,J449,352470,3525117280146,3,8.4,5.4
3,1,10,02,J159,353180,3525128210098,9,5.4,3.6
69,1,04,02,J159,352050,3525116055824,13,8.5,4.5
1,1,02,02,J210,350950,3525111639775,2,5.4,3.4
2,3,01,02,J218,350950,3525111601011,3,5.3,2.3
5,1,06,02,J960,350950,3525118444573,42,6.7,35.3
41,1,11,02,J189,350950,3525128229293,2,8.3,6.3
2,3,09,02,J219,350950,3525128163227,6,5.3,0.7
5,1,11,02,J189,350950,3525128249214,2,5.3,3.3
21,3,05,02,J960,351907,3525104717607,3,7.0,4.0
1,1,02,02,J960,350950,3524102894686,4,8.1,4.1
15,1,05,01,J342,350950,3525118420978,1,1.5,0.5
60,1,11,02,J960,355620,3525133624980,28,11.2,16.8
63,1,05,01,J938,355240,3525104358446,5,7.0,2.0
4,3,03,02,J210,350160,3525116082466,2,5.4,3.4
49,3,01,02,J90,355240,3524102883213,41,9.6,31.4
2,1,01,02,J960,350950,3524130869325,32,8.4,23.6
4,3,12,02,J969,352050,3525136903321,2,7.1,5.1
1,3,03,02,J189,354580,3525111504926,3,5.3,2.3
1,3,12,02,J189,350950,3525135819513,4,5.3,1.3
67,1,03,02,J189,352340,3525111542590,7,8.5,1.5
3,3,12,02,J189,352050,3525134285420,4,5.4,1.4
84,1,03,02,J91,350160,3525116085887,13,10.0,3.0
7,3,06,02,J960,355240,3525104378500,4,6.3,2.3
8,3,09,01,J353,350950,3525121258296,1,1.5,0.5
78,3,02,02,J189,350950,3525111618523,6,8.1,2.1
1,3,11,02,J068,350950,3525135789065,2,3.4,1.4
81,1,04,02,J189,354580,3525111511526,6,7.9,1.9
7,3,07,02,J960,352050,3525122788870,22,6.3,15.7
8,1,11,02,J180,351907,3525104936408,5,5.1,0.1
21,1,04,02,J218,350950,3525118382104,5,7.2,2.2
6,3,07,01,J353,352340,3525111562291,1,1.5,0.5
64,1,08,02,J189,353180,3525121226902,13,8.4,4.6
79,1,01,02,J180,350950,3524130845829,35,8.1,26.9
28,3,06,01,J343,352340,3525104760683,2,1.6,0.4
67,3,10,02,J159,352050,3525131778070,8,8.4,0.4
1,3,07,02,J219,350950,3525121188512,10,5.4,4.6
41,1,07,02,J189,350950,3525121209346,6,8.6,2.6
5,1,10,02,J158,355240,3525104919248,5,5.3,0.3
30,1,01,01,J342,350380,3525104301059,2,1.6,0.4
94,1,02,02,J189,350160,3525112455469,14,7.4,6.6
5,1,03,02,J90,351907,3525104659824,15,6.6,8.4
73,3,08,02,J91,350160,3525128572911,5,9.7,4.7
4,1,11,02,J391,350950,3525135788647,6,3.3,2.7
80,1,08,02,J441,352050,3525126511225,4,7.8,3.8
2,3,07,02,J210,353650,3525126437701,3,5.3,2.3
50,3,10,02,J068,352050,3525131803204,1,5.2,4.2
95,3,12,02,J159,350160,3525136713329,6,7.1,1.1
7,1,07,02,J180,355240,3525104800151,2,5.0,3.0
22,3,07,02,J189,350160,3525125929578,1,6.6,5.6
3,3,09,02,J459,350950,3525128169740,2,3.3,1.3
63,3,12,02,J188,350950,3525135800208,6,8.2,2.2
64,3,12,02,J189,350950,3525130498990,3,8.3,5.3
2,1,06,02,J218,351907,3525124267995,1,5.5,4.5
10,1,11,02,J219,350950,3525128251711,1,5.0,4.0
71,3,05,02,J189,350950,3525118418910,6,8.5,2.5
94,1,05,02,J189,350950,3525118418866,22,7.4,14.6
1,3,08,02,J210,351280,3525126440715,2,5.4,3.4
61,1,01,02,J386,354580,3525111493200,3,4.6,1.6
64,1,07,02,J189,350950,3525121190030,4,8.4,4.4
4,1,02,01,J353,352340,3525111535286,1,1.6,0.6
16,3,08,02,J129,351515,3525128459260,9,6.6,2.4
9,3,08,02,J180,350950,3525121261673,2,5.1,3.1
2,1,05,02,J068,354800,3525104350328,1,3.6,2.6
20,3,12,02,J180,350950,3525135806302,8,6.4,1.6
1,1,05,02,J210,355240,3525120494544,3,5.4,2.4
2,3,03,02,J980,352470,3525117280377,4,7.2,3.2
12,3,02,02,J459,354580,3525111501637,2,3.3,1.3
0,3,06,02,J210,350950,3525118444584,17,6.1,10.9
3,1,09,02,J459,355240,3525104837408,4,3.3,0.7
69,1,06,02,J960,350950,3525121178986,3,10.2,7.2
51,1,11,02,J189,350160,3525134328177,5,8.9,3.9
9,1,05,02,J219,350950,3525118423827,3,5.1,2.1
64,1,04,02,J189,350950,3525118393907,15,8.4,6.6
1,3,02,02,J180,350160,3525112456668,3,5.3,2.3
87,1,12,02,J189,350950,3525135820602,16,7.4,8.6
2,1,04,02,J960,350950,3525118373117,6,8.4,2.4
44,1,11,02,J91,352340,3525104495462,3,8.6,5.6
68,1,05,02,J159,352050,3525119134702,6,8.5,2.5
4,1,06,02,J180,350950,3525118460677,17,5.4,11.6
3,1,08,02,J21,351907,3525113560837,5,5.4,0.4
6,3,05,02,J219,350950,3525118420406,21,5.1,15.9
1,1,09,02,J80,350950,3525121271067,8,7.9,0.1
41,1,07,01,J351,350380,3525104813604,2,1.7,0.3
5,3,02,02,J459,353650,3525116091882,2,3.2,1.2
5,3,08,02,J96,353650,3525126438944,3,6.6,3.6
86,3,07,02,J81,350950,3525121211580,8,8.5,0.5
61,1,05,02,J449,353650,3525120495116,1,7.5,6.5
2,1,07,02,J219,352470,3525126433851,4,5.5,1.5
49,1,07,02,J168,352050,3525122801046,23,8.6,14.4
2,1,08,02,J459,350950,3525121239519,2,3.6,1.6
25,1,08,02,J069,350950,3525121250960,3,2.9,0.1
1,3,09,02,J159,350950,3525128170025,3,5.4,2.4
7,3,03,02,J219,350950,3525111679980,6,5.1,0.9
1,3,05,02,J219,350950,3525118411320,8,5.3,2.7
3,1,10,02,J189,352340,3525111584401,2,5.4,3.4
84,1,04,02,J189,352050,3525116067143,7,8.0,1.0
89,3,08,02,J441,350160,3525128571899,9,8.2,0.8
79,1,06,01,J955,351907,3525118459137,2,8.8,6.8
11,3,11,02,J068,353650,3525104488136,1,3.4,2.4
94,1,01,02,J180,350950,3524130863297,6,7.4,1.4
24,3,06,02,J91,355240,3525104752103,14,7.9,6.1
25,1,09,01,J342,351907,3525104835000,1,1.5,0.5
7,3,07,02,J45,353650,3525126435589,3,3.2,0.2
7,3,08,02,J210,350950,3525121237561,5,5.1,0.1
90,3,11,02,J449,352340,3525111589538,2,8.2,6.2
3,1,05,02,J459,353650,3525120496458,2,3.3,1.3
6,3,06,02,J450,350950,3525118451790,21,3.2,17.8
88,1,01,02,J188,350950,3524130866872,3,7.4,4.4
23,1,10,02,J90,350950,3525128196832,4,7.9,3.9
3,3,11,02,J189,350950,3525135786667,1,5.4,4.4
11,1,06,02,J210,350950,3525118445486,3,5.0,2.0
3,1,09,02,J459,351907,3525129003352,1,3.3,2.3
2,3,02,02,J459,351907,3525114721414,1,3.4,2.4
47,3,11,01,J180,351515,3525122316991,3,8.1,5.1
5,1,09,02,J431,350950,3525128153008,1,3.2,2.2
7,3,03,02,J960,352050,3525116057012,4,6.2,2.2
59,1,05,02,J441,353340,3525121419358,6,8.8,2.8
73,1,12,02,J159,350950,3525104980991,1,8.5,7.5
2,3,07,02,J984,350950,3525121223811,3,7.3,4.3
22,3,06,02,J118,350950,3525118456959,1,6.6,5.6
40,1,05,02,J180,352340,3525111553645,4,8.1,4.1
2,3,02,02,J450,350950,3525111644274,5,3.4,1.6
2,1,07,02,J218,350950,3525121199061,2,5.5,3.5
39,1,01,02,J960,353650,3525111770829,8,10.1,2.1
3,3,11,02,J451,350950,3525135787701,2,3.2,1.2
36,1,06,01,J343,350950,3525104752774,1,1.6,0.6
70,3,01,02,J189,355620,3525111814455,2,8.5,6.5
2,1,06,02,J159,351907,3525124268875,2,5.5,3.5
7,3,09,02,J189,351280,3525104435809,2,5.1,3.1
72,1,11,01,J189,350160,3525104496936,26,9.1,16.9
1,3,01,02,J960,353650,3525111770620,4,7.5,3.5
1,3,03,02,J189,352340,3525111540896,5,5.3,0.3
56,3,02,02,J449,350950,3525111639270,1,7.5,6.5
9,3,05,02,J180,354580,3525104720225,4,5.1,1.1
55,1,12,02,J189,350950,3525135812165,4,9.3,5.3
75,1,06,02,J449,352050,3525122782456,6,8.1,2.1
79,1,09,02,J189,355620,3525128559480,7,8.1,1.1
73,3,06,02,J189,350950,3525104363760,4,8.5,4.5
21,1,04,02,J189,354580,3525111509007,16,7.2,8.8
34,3,01,02,J189,353180,3524103378873,15,7.3,7.7
60,3,05,02,J189,355620,3525118471611,5,8.9,3.9
5,3,04,02,J159,350950,3525111692817,10,5.3,4.7
1,3,06,02,J210,350950,3525118463890,12,5.4,6.6
85,3,07,02,J180,350160,3525125929545,5,7.8,2.8
4,1,04,02,J960,350950,3525118395029,4,7.2,3.2
1,3,08,02,J210,352050,3525126519850,4,5.4,1.4
6,1,02,02,J459,351907,3525104628232,2,3.2,1.2
30,3,11,02,J159,352470,3525134301898,3,6.6,3.6
4,1,07,02,J459,350950,3525121199633,2,3.3,1.3
1,1,03,02,J188,355240,3525100243577,4,5.4,1.4
1,1,03,02,J459,350950,3525111682037,4,4.1,0.1
7,3,03,02,J459,352050,3525116056616,2,3.2,1.2
21,3,05,02,J069,350950,3525118434981,2,2.3,0.3
3,1,11,02,J459,354800,3525128241404,4,3.3,0.7
2,3,08,02,J80,350950,3525121266524,4,7.3,3.3
90,1,11,02,J180,350160,3525134326769,7,7.5,0.5
3,1,06,02,J450,350950,3525118458610,2,3.3,1.3
70,3,05,02,J189,355620,3525121147120,5,8.5,3.5
7,1,09,02,J159,350950,3525121269417,5,5.0,0.0
1,3,08,02,J180,350950,3525121228420,3,5.4,2.4
73,3,02,02,J18,350950,3525111640314,3,8.4,5.4
40,3,06,02,J459,351907,3525124268369,5,5.8,0.8
59,3,05,02,J80,350950,3525118403785,4,10.6,6.6
54,3,04,02,J18,350950,3525118380982,2,8.1,6.1
68,3,03,02,J449,350950,3525111670069,8,8.2,0.2
6,1,09,02,J069,354580,3525104866921,1,3.2,2.2
68,1,06,02,J449,353200,3525113708666,2,8.4,6.4
70,3,05,02,J960,355240,3525104724251,16,9.8,6.2
30,3,03,01,J328,352340,3525102041626,2,1.6,0.4
51,3,02,02,J942,351907,3525114718664,8,10.1,2.1
69,3,07,02,J18,350950,3525121203516,7,8.5,1.5
7,3,11,02,J188,350950,3525135785006,5,5.1,0.1
64,1,12,02,J44,351907,3525135807589,4,8.4,4.4
4,1,04,02,J960,351907,3525118374173,3,7.2,4.2
4,3,07,02,J960,350950,3525104387244,5,7.2,2.2
67,3,01,02,J80,350950,3524122924707,30,9.4,20.6
1,3,07,02,J219,350950,3525121219103,8,5.4,2.6
4,1,05,02,J219,350950,3525118419383,3,5.4,2.4
68,1,01,02,J189,352050,3524127273030,20,8.5,11.5
10,1,01,01,J350,350950,3524130858039,1,1.5,0.5
60,3,04,02,J189,353710,3525117221417,1,8.9,7.9
4,1,05,02,J218,350950,3525118422397,5,5.4,0.4
30,3,03,02,J180,350950,3525111685029,1,6.6,5.6
60,3,10,02,J189,353710,3525125774291,3,8.9,5.9
55,3,06,01,J90,350950,3525104364309,5,6.5,1.5
1,3,06,02,J210,350950,3525118452548,2,5.4,3.4
52,1,08,01,J949,352470,3525104421234,7,6.8,0.2
3,1,11,02,J159,352050,3525104496309,7,5.4,1.6
2,1,06,02,J189,350950,3525118442736,35,5.5,29.5
1,1,05,02,J80,350950,3525118409945,7,8.1,1.1
7,3,02,01,J350,350950,3525111633142,1,1.5,0.5
84,1,07,02,J441,354580,3525118986741,4,8.0,4.0
2,1,07,02,J189,351907,3525127043449,3,5.5,2.5
1,1,03,02,J304,355670,3524132028164,2,4.8,2.8
83,1,07,02,J189,350950,3525121209588,7,7.9,0.9
80,3,06,02,J960,350950,3525118455078,4,9.4,5.4
76,1,01,02,J459,355240,3525111775383,4,8.6,4.6
76,1,11,02,J90,352050,3525131798056,9,10.0,1.0
2,1,09,02,J188,350950,3525128170443,16,5.5,10.5
23,3,05,02,J45,353180,3525120887090,4,3.5,0.5
2,1,05,02,J159,355670,3525114260492,6,5.5,0.5
1,1,06,02,J210,350950,3525104370183,3,5.5,2.5
85,3,08,02,J938,350950,3525121231181,4,9.8,5.8
1,1,05,02,J180,352340,3525111552160,1,5.4,4.4
6,3,07,02,J459,350950,3525121184728,2,3.2,1.2
63,3,01,02,J189,355620,3524131561830,10,8.2,1.8
1,3,04,02,J210,355240,3525104687885,3,5.3,2.3
75,3,04,02,J189,350950,3525118392543,1,8.6,7.6
30,1,08,02,J960,354800,3525104429990,7,9.3,2.3
53,1,11,02,J449,350950,3525133626509,3,6.3,3.3
2,3,05,02,J21,350950,3525118411276,6,5.3,0.7
72,3,01,02,J181,350950,3524130863231,4,8.4,4.4
27,3,09,01,J351,351905,3525104893629,2,1.6,0.4
3,1,03,02,J189,350950,3525111670322,5,5.4,0.4
1,1,09,02,J459,350950,3525128180838,2,4.1,2.1
75,1,07,02,J449,352050,3525122795909,7,8.1,1.1
2,3,05,02,J210,350950,3525118402840,3,5.3,2.3
6,3,05,02,J459,350950,3525118404940,5,3.2,1.8
1,1,04,02,J219,350950,3525118381972,3,5.4,2.4
50,3,03,02,J960,352340,3525111541281,10,10.1,0.1
66,1,12,02,J18,350950,3525135818072,7,8.4,1.4
5,3,06,02,J189,350950,3525118464604,1,5.3,4.3
67,1,01,02,J189,350950,3525111603849,8,8.5,0.5
8,3,03,02,J459,355240,3525104632588,2,3.2,1.2
1,1,05,02,J960,350950,3525120494270,5,8.1,3.1
15,1,09,01,J353,350160,3525104891561,2,1.5,0.5
1,1,08,02,J189,350950,3525121200601,13,5.5,7.5
9,1,02,02,J128,350160,3525116082257,2,5.1,3.1
19,1,06,02,J180,352050,3525119142127,5,6.6,1.6
22,1,04,02,J189,351907,3525102552972,13,6.7,6.3
1,3,12,02,J100,354580,3525135174407,2,5.3,3.3
52,3,03,02,J459,352050,3525104314149,6,7.7,1.7
61,1,11,02,J128,353650,3525135270283,10,8.8,1.2
3,3,04,02,J189,350950,3525111693070,1,5.4,4.4
41,3,11,02,J938,354800,3525134972194,3,7.9,4.9
2,1,03,02,J218,350950,3525111653437,7,5.5,1.5
11,1,07,01,J449,355240,3525104390324,1,2.7,1.7
10,1,07,02,J450,354580,3525118990305,1,3.1,2.1
75,1,03,02,J449,350950,3525111674161,2,8.6,6.6
71,1,05,02,J159,351907,3525120887520,1,8.5,7.5
14,1,03,02,J110,352050,3525116051567,8,6.3,1.7
28,3,12,02,J189,351907,3525135167268,12,6.6,5.4
5,1,09,02,J218,350950,3525128162700,1,5.3,4.3
10,3,02,02,J459,350950,3525111638433,1,3.2,2.2
65,3,05,02,J441,350950,3525118408086,5,7.6,2.6
61,1,09,02,J449,350950,3525126444081,3,7.5,4.5
4,1,05,02,J960,352340,3525117353296,8,7.2,0.8
28,1,05,02,J159,351907,3525118424355,2,7.5,5.5
17,3,11,01,J342,350950,3525128227819,1,1.5,0.5
5,1,07,02,J219,350950,3525121212437,8,5.3,2.7
6,1,05,02,J938,350950,3525111669783,23,6.6,16.4
7,3,02,02,J960,355240,3525116093103,4,6.2,2.2
17,1,05,02,J039,353180,3525118415907,4,3.1,0.9
22,3,12,01,J343,350160,3525104942480,1,1.5,0.5
6,1,03,01,J353,352340,3525500017182,2,1.5,0.5
4,3,10,02,J110,353340,3525130497450,2,5.4,3.4
1,1,05,02,J188,350950,3525118420714,4,5.4,1.4
36,3,08,02,J36,350950,3525121247175,3,4.1,1.1
10,1,09,01,J352,350950,3525121258527,1,1.5,0.5
64,1,12,02,J984,352050,3525134291987,2,9.7,7.7
19,1,02,01,J352,351907,3525104628969,1,1.5,0.5
25,1,02,02,J180,353200,3525113707995,1,6.7,5.7
41,3,12,02,J180,353200,3525133184970,1,7.0,6.0
2,1,05,01,J459,350380,3525104347512,1,4.1,3.1
3,3,01,02,J219,350160,3525104598950,6,5.4,0.6
69,3,11,02,J449,355620,3525133622747,18,8.3,9.7
64,3,03,02,J449,352470,3525117280410,16,7.6,8.4
38,1,05,02,J189,350950,3525118405622,16,8.3,7.7
86,1,07,02,J189,355670,3525114269314,7,7.4,0.4
9,1,08,02,J219,352470,3525126434115,4,5.0,1.0
90,3,04,02,J152,350950,3525118923425,6,7.4,1.4
67,3,09,02,J459,353650,3525126443102,2,7.9,5.9
40,3,06,01,J342,352050,3525104772068,2,1.6,0.4
79,1,03,02,J189,352050,3525111479538,10,8.1,1.9
24,1,07,02,J36,351907,3525127043284,7,3.5,3.5
53,3,03,02,J441,353650,3525118890810,2,6.1,4.1
5,1,03,02,J219,350950,3525111658651,5,5.3,0.3
4,3,05,02,J180,355240,3525118419185,9,5.4,3.6
11,3,06,02,J36,350950,3525121181175,2,3.6,1.6
5,1,02,02,J180,355620,3525116074788,3,5.3,2.3
2,3,05,02,J189,353710,3525121330599,4,5.3,1.3
73,3,01,02,J449,355670,3524132020519,2,8.1,6.1
6,1,05,02,J210,354580,3525118982352,4,5.1,1.1
9,3,12,02,J189,350950,3525135140175,5,5.1,0.1
16,3,06,02,J189,352050,3525119142150,21,6.6,14.4
10,1,06,02,J459,351907,3525124269073,3,3.1,0.1
73,3,01,02,J22,350950,3524130873890,4,8.4,4.4
9,1,09,02,J200,350950,3525128169156,2,5.0,3.0
14,1,12,01,J342,351907,3525104966317,1,1.5,0.5
95,1,08,02,J180,350160,3525128570733,7,6.7,0.3
71,1,09,02,J189,354580,3525128645490,10,8.5,1.5
4,1,09,02,J218,350950,3525128181740,12,5.4,6.6
1,1,11,02,J189,350950,3525128236949,6,5.4,0.6
6,3,07,02,J960,352470,3525104401027,7,6.6,0.4
1,3,04,02,J159,350160,3525118629560,10,5.3,4.7
10,1,06,02,J210,350950,3525121182242,7,5.0,2.0
68,3,10,02,J189,352340,3525111583940,1,8.5,7.5
6,1,09,02,J80,353650,3525121268284,8,6.7,1.3
79,3,05,02,J189,350160,3525118635049,20,8.0,12.0
37,1,11,02,J189,352050,3525131804645,10,8.3,1.7
6,3,07,02,J180,351907,3525104798985,2,5.1,3.1
31,1,06,01,J342,351907,3525104753093,1,1.6,0.6
2,1,03,02,J041,351280,3524102907655,2,3.6,1.6
6,1,10,02,J180,355240,3525104919105,4,5.1,1.1
10,1,06,02,J180,350950,3525118454242,5,5.0,0.0
81,3,06,02,J441,355240,3525104753269,2,7.6,5.6
7,3,03,02,J218,351907,3525117325917,2,5.1,3.1
74,1,10,02,J22,350950,3525128180850,12,8.5,3.5
31,1,03,02,J180,350950,3525111663018,5,7.9,2.9
3,1,03,02,J960,351905,3524102911054,5,7.2,2.2
60,1,05,02,J960,351907,3525121409843,50,11.2,38.8
7,3,10,02,J219,350950,3525128192025,8,5.1,2.9
7,1,09,02,J219,350950,3525121270100,3,5.0,2.0
57,3,08,02,J449,354580,3525118992131,17,7.7,9.3
61,1,07,02,J189,352340,3525111561873,4,8.8,4.8
43,1,04,02,J068,355240,3525102282317,1,3.2,2.2
75,3,08,02,J18,350950,3525121230895,7,8.5,1.5
56,1,01,02,J189,351907,3525114199904,5,9.3,4.3
81,1,06,02,J189,353650,3525120498779,6,7.9,1.9
57,3,03,01,J342,351907,3525104656667,1,1.6,0.6
4,1,04,02,J960,353650,3525118893703,2,7.2,5.2
2,1,05,02,J989,352470,3525119542714,2,8.4,6.4
37,3,03,02,J180,350950,3525111684105,17,6.8,10.2
7,1,05,02,J960,355240,3525104721578,37,6.3,30.7
59,3,05,02,J180,353180,3525120886727,6,8.5,2.5
63,3,10,02,J189,352470,3525132977278,8,8.2,0.2
71,3,09,02,J961,353710,3525125773830,1,9.7,8.7
67,3,11,02,J90,352050,3525131801554,12,9.4,2.6
97,3,08,02,J189,350160,3525128575067,32,7.1,24.9
73,1,12,02,J984,355670,3525123494552,9,9.9,0.9
1,1,10,02,J210,353340,3525130497163,3,5.4,2.4
7,1,05,02,J459,355240,3525104723085,1,3.2,2.2
67,1,07,02,J188,350950,3525121211799,29,8.5,20.5
7,3,01,02,J159,350950,3525111606929,3,5.1,2.1
1,1,06,02,J210,350950,3525118458752,9,5.5,3.5
1,1,06,02,J218,350950,3525118414136,3,5.5,2.5
36,3,11,02,J958,354580,3525135171460,4,9.9,5.9
49,1,12,02,J91,350380,3525129891767,6,9.8,3.8
68,1,11,02,J441,350950,3525135785490,3,8.4,5.4
85,3,05,02,J189,355620,3525121146404,5,7.8,2.8
3,3,07,02,J219,355240,3525104794706,2,5.4,3.4
5,3,09,02,J459,350950,3525128179562,5,3.2,1.8
60,1,01,02,J180,350950,3524102884126,36,8.8,27.2
1,1,04,02,J189,354580,3525118975158,2,5.4,3.4
91,1,02,02,J189,350950,3525111632636,11,7.0,4.0
1,1,05,02,J210,350160,3525112458714,1,5.4,4.4
36,3,04,01,J343,354580,3525104686983,1,1.6,0.6
1,3,09,02,J219,350950,3525128167759,2,5.4,3.4
35,1,01,02,J36,350950,3524130868038,1,4.1,3.1
14,1,03,02,J960,350950,3525104661430,9,7.4,1.6
42,1,01,02,J189,352340,3525111528323,1,9.0,8.0
71,3,01,02,J441,352050,3525111458517,8,8.1,0.1
5,3,04,02,J219,350950,3525118396701,2,5.3,3.3
1,1,06,02,J219,350950,3525118453571,2,5.5,3.5
1,1,11,02,J180,350950,3525104489148,2,5.4,3.4
32,3,09,02,J328,355240,3525104869715,1,3.5,2.5
11,3,09,02,J219,353650,3525133188115,4,5.1,1.1
6,3,08,02,J96,355240,3525126440264,3,6.6,3.6
11,3,08,02,J989,352050,3525126508739,5,6.4,1.4
75,3,11,02,J189,355620,3525134349638,5,8.6,3.6
10,3,11,02,J80,350950,3525128225498,5,6.2,1.2
1,3,08,02,J21,350950,3525121251520,35,5.4,29.6
50,3,06,02,J188,352050,3525119145053,5,8.4,3.4
80,1,05,02,J441,351907,3525104352836,1,8.1,7.1
24,1,12,02,J189,350160,3525136711030,1,6.7,5.7
59,3,04,02,J960,350950,3525111693807,24,10.6,13.4
2,3,04,02,J189,354580,3525118973607,2,5.3,3.3
43,1,05,02,J189,352050,3525119140170,6,8.0,2.0
54,1,08,02,J189,350950,3525121232974,2,9.1,7.1
66,1,03,02,J90,355620,3525118468840,5,9.6,4.6
8,1,04,02,J218,354800,3525117005520,6,5.1,0.9
58,1,03,02,J189,351280,3525117218975,5,9.2,4.2
59,3,04,02,J90,350950,3525104540749,38,10.6,27.4
62,3,09,02,J189,354800,3525121266910,3,8.8,5.8
6,1,01,02,J180,350160,3525112450233,5,5.1,0.1
1,3,07,01,J210,350160,3525125927840,7,6.2,0.8
74,1,07,02,J189,353710,3525125212917,6,8.5,2.5
7,1,09,02,J158,350950,3525104440033,14,5.0,9.0
57,3,07,02,J158,350950,3525121190162,8,8.4,0.4
5,1,06,02,J218,351907,3525118462074,3,5.3,2.3
21,1,12,02,J998,350950,3525104518122,6,8.9,2.9
27,3,01,02,J128,352050,3525111457593,8,7.1,0.9
6,3,12,02,J459,351907,3525135168489,3,3.2,0.2
33,1,01,02,J91,350950,3524130851813,29,9.6,19.4
5,1,08,02,J219,350950,3525121263092,2,5.3,3.3
1,3,04,02,J80,350950,3525111691959,4,7.5,3.5
65,3,11,02,J168,353180,3525133166093,8,8.3,0.3
83,3,01,02,J189,355240,3525111777319,2,7.8,5.8
2,3,11,02,J459,350950,3525128233539,6,3.4,2.6
3,3,01,02,J459,350950,3525111616940,11,3.2,7.8
83,1,03,02,J91,351907,3525104661001,19,9.8,9.2
9,3,05,02,J450,350950,3525118438105,4,3.2,0.8
58,1,03,01,J323,350160,3525104630872,1,1.6,0.6
74,3,02,02,J960,355240,3525104604032,7,9.7,2.7
9,3,02,02,J459,351907,3525114719753,5,3.2,1.8
69,1,09,02,J449,350950,3525128156462,53,8.3,44.7
13,1,02,02,J960,350160,3525104624679,6,6.7,0.7
69,3,10,02,J189,352050,3525131795890,3,8.5,5.5
50,1,02,01,J841,350160,3525100352620,13,6.9,6.1
19,1,05,01,J343,353180,3525104730830,2,1.5,0.5
10,1,10,02,J459,354580,3525128657622,4,3.1,0.9
7,1,09,02,J459,350950,3525121269934,4,3.2,0.8
65,1,01,02,J441,350950,3524130867345,1,8.4,7.4
6,1,03,02,J960,350950,3525111668089,58,6.6,51.4
82,1,02,02,J129,350160,3525112454150,5,7.9,2.9
4,1,12,02,J459,355240,3525104965998,1,3.3,2.3
3,1,06,02,J459,351515,3525118722543,2,3.3,1.3
6,1,05,02,J210,354580,3525118975631,2,5.1,3.1
2,3,07,02,J218,350950,3525121224746,2,5.3,3.3
73,1,08,02,J91,350950,3525121230389,15,9.9,5.1
64,1,03,02,J159,352050,3525116045869,25,8.4,16.6
18,3,06,02,J210,352050,3525122779926,9,6.3,2.7
93,3,05,02,J189,355620,3525121147493,9,7.1,1.9
1,1,07,02,J459,350950,3525121208664,4,4.1,0.1
48,3,06,02,J110,350380,3525111558529,5,8.1,3.1
47,1,01,02,J91,352050,3524131567792,22,10.5,11.5
54,3,11,02,J189,352470,3525134389843,10,8.1,1.9
11,1,03,02,J350,350950,3525111678154,2,3.3,1.3
59,1,12,02,J158,350160,3525104941897,15,9.5,5.5
41,3,10,02,J129,352050,3525131791423,3,7.0,4.0
5,1,04,02,J459,352050,3525119122866,2,3.2,1.2
51,3,09,02,J960,354800,3525104449867,14,10.1,3.9
81,3,02,02,J189,354580,3525111501186,4,7.8,3.8
59,3,01,02,J449,355670,3524132019760,16,7.9,8.1
9,3,11,02,J069,350950,3525128237378,2,3.4,1.4
5,3,06,02,J459,354580,3525118981626,4,3.2,0.8
1,3,04,02,J960,355240,3525104690437,6,7.5,1.5
71,1,06,02,J441,350950,3525118453637,6,8.2,2.2
37,1,06,02,J939,350950,3525118461546,2,8.5,6.5
35,3,01,02,J189,350160,3525112451311,1,7.3,6.3
3,1,12,02,J180,351905,3525104964326,1,5.4,4.4
65,1,04,02,J80,350950,3525118387868,2,9.6,7.6
1,1,06,02,J068,350950,3525118465539,1,3.0,2.0
2,3,05,02,J210,350160,3525121523770,1,5.3,4.3
4,1,05,02,J218,351907,3525121412230,6,5.4,0.6
67,3,01,02,J441,350950,3525111613540,7,7.9,0.9
9,3,03,02,J459,350950,3525111668067,3,3.2,0.2
88,3,12,02,J180,353200,3525133184936,3,7.4,4.4
6,1,11,02,J459,355240,3525135787558,2,3.2,1.2
66,1,05,02,J960,355240,3525104716804,3,9.6,6.6
2,1,05,02,J960,350950,3525104343783,4,8.4,4.4
59,1,12,02,J81,350950,3525135821405,2,11.0,9.0
81,1,11,02,J110,352340,3525111587910,4,7.9,3.9
5,1,08,02,J030,352050,3525126521280,3,3.2,0.2
59,1,08,02,J960,350950,3525104423324,6,12.1,6.1
77,3,08,02,J189,352050,3525126510708,3,7.8,4.8
1,1,10,02,J459,354580,3525128654267,4,4.1,0.1
58,1,02,02,J159,353340,3525114056937,12,9.2,2.8
8,3,03,02,J219,351907,3525117324938,3,5.1,2.1
72,3,01,02,J449,355670,3524132020981,3,8.1,5.1
10,3,12,02,J219,350950,3525135794389,10,5.1,4.9
8,1,05,02,J960,351907,3525118416237,4,6.2,2.2
94,1,01,02,J189,353710,3525111698141,6,7.4,1.4
1,1,07,02,J110,353650,3525104386749,2,5.5,3.5
1,3,04,02,J180,352340,3525111548300,1,5.3,4.3
1,3,05,02,J960,350950,3525118414851,2,7.5,5.5
6,3,10,02,J80,350950,3525128211154,23,6.5,16.5
36,1,07,02,J180,355240,3525104758439,5,8.1,3.1
12,1,06,01,J353,350950,3525118462723,1,1.5,0.5
67,1,08,02,J189,352050,3525126509520,3,8.5,5.5
2,1,02,02,J158,350950,3524102890693,6,5.5,0.5
5,1,02,01,J969,355670,3524102889637,14,5.6,8.4
96,3,07,02,J189,350950,3525121189909,5,7.1,2.1
54,3,02,02,J960,353180,3525114363375,1,9.9,8.9
1,1,12,02,J189,350950,3525135808249,5,5.4,0.4
86,3,05,02,J189,350950,3525118433232,1,7.4,6.4
8,1,08,02,J960,353180,3525121229883,5,6.4,1.4
99,3,04,02,J189,350950,3525118369399,8,6.9,1.1
47,1,01,02,J96,350950,3524130862142,9,10.5,1.5
7,3,03,02,J960,351907,3525104659791,9,6.2,2.8
11,1,06,02,J180,351907,3525104756350,7,5.0,2.0
1,1,07,02,J960,350950,3525104392800,4,7.9,3.9
1,3,05,02,J960,355240,3525104351109,6,7.5,1.5
73,3,07,02,J159,350950,3525121202548,3,8.5,5.5
83,3,11,02,J449,352050,3525134278886,5,7.6,2.6
63,3,02,02,J189,353650,3525116089253,13,8.2,4.8
85,3,05,02,J189,353650,3525120496766,8,7.8,0.2
48,1,01,02,J459,350950,3525111609129,4,6.6,2.6
1,1,01,02,J189,350950,3525111612462,4,5.4,1.4
67,3,03,01,J381,355240,3525104671330,2,1.6,0.4
31,1,11,02,J869,350950,3525128235211,14,8.8,5.2
6,1,12,02,J188,350950,3525135809240,5,5.1,0.1
1,3,07,02,J960,351907,3525104797951,6,7.5,1.5
58,3,01,01,J81,350160,3524102881321,20,7.2,12.8
16,3,08,02,J36,351907,3525104425557,1,3.5,2.5
64,1,02,02,J959,355670,3524132027207,16,9.7,6.3
2,3,06,02,J459,350950,3525118443572,4,3.4,0.6
6,3,08,02,J359,353650,3525126441848,1,3.5,2.5
84,3,12,02,J81,352340,3525111593950,10,9.7,0.3
64,3,07,02,J681,350950,3525121224438,4,9.4,5.4
13,3,02,02,J189,351907,3525114721447,3,6.2,3.2
6,3,11,02,J04,352050,3525104486640,12,3.3,8.7
19,1,06,01,J36,350950,3525501372910,31,1.5,29.5
2,3,10,02,J180,350160,3525131766520,4,5.3,1.3
39,1,07,02,J188,350950,3525121197840,4,8.4,4.4
36,1,01,02,J90,352050,3524131575130,9,10.1,1.1
44,1,12,02,J959,350950,3525135826201,10,8.6,1.4
2,3,05,02,J210,350160,3525121523022,5,5.3,0.3
68,3,01,02,J441,352050,3524131575096,5,8.2,3.2
5,1,12,02,J960,353650,3525104507463,7,6.6,0.4
2,3,03,02,J189,352340,3525111540874,2,5.3,3.3
7,3,06,02,J219,350950,3525118464472,5,5.1,0.1
53,1,04,02,J180,350950,3525111663315,7,8.5,1.5
10,3,04,02,J960,350950,3525111688483,2,6.2,4.2
2,1,12,02,J459,350950,3525135794433,1,3.6,2.6
8,3,09,02,J960,353650,3525104442343,2,6.5,4.5
7,1,02,02,J431,350950,3525111643570,2,3.2,1.2
88,3,02,02,J189,352470,3525114722349,8,7.4,0.6
5,1,10,02,J219,354800,3525132978257,7,5.3,1.7
59,1,06,02,J449,352050,3525119143568,9,9.1,0.1
84,3,05,02,J969,350160,3525121523616,11,9.7,1.3
30,1,12,01,J342,350950,3525104516615,2,1.6,0.4
66,3,08,02,J189,350950,3525121257218,34,8.3,25.7
6,1,08,01,J386,350950,3525104427911,9,1.5,7.5
1,3,06,02,J210,352050,3525122781060,7,5.4,1.6
38,1,11,02,J189,351907,3525135166070,12,8.3,3.7
56,1,01,02,J938,350950,3524102869804,12,10.8,1.2
87,3,02,02,J180,350950,3525111642790,7,7.4,0.4
48,3,04,02,J180,352470,3525117281500,7,8.0,1.0
53,3,12,02,J459,355240,3525104518276,1,6.1,5.1
4,1,06,02,J459,352050,3525119147616,2,3.3,1.3
11,1,11,02,J80,350950,3525128233870,7,6.1,0.9
5,3,11,02,J208,350950,3525128233033,1,5.3,4.3
79,3,01,02,J189,353650,3525111777869,14,8.0,6.0
4,1,03,02,J181,350950,3525111657970,2,5.4,3.4
43,3,01,02,J960,350950,3525111608030,4,7.6,3.6
63,1,07,02,J180,353200,3525113709051,2,8.3,6.3
2,1,10,02,J218,354580,3525128657666,3,5.5,2.5
64,1,06,02,J36,355670,3525114264090,3,4.6,1.6
75,1,04,02,J189,353650,3525118896068,5,8.6,3.6
9,3,03,02,J459,353650,3525118891173,2,3.2,1.2
37,1,03,02,J158,350950,3524102907952,1,8.3,7.3
7,3,02,02,J219,350950,3524130866190,10,5.1,4.9
71,1,06,02,J168,351907,3525120888377,2,8.5,6.5
48,1,01,01,J955,352470,3524102852952,10,6.5,3.5
11,3,04,02,J180,350950,3525118368343,8,5.1,2.9
46,1,09,02,J938,350950,3525121269208,2,9.4,7.4
6,3,07,02,J219,350950,3525121210303,6,5.1,0.9
33,3,04,02,J448,352050,3525116053470,30,7.5,22.5
24,3,07,02,J039,350950,3525121217266,2,2.9,0.9
84,1,12,02,J189,355670,3525123491890,5,8.0,3.0
78,3,11,02,J189,350160,3525134327451,5,8.1,3.1
60,3,09,02,J44,350950,3525128178649,1,7.7,6.7
70,3,06,02,J969,353180,3525118463614,5,9.7,4.7
15,1,01,02,J36,350950,3524130858666,1,3.3,2.3
6,3,04,02,J188,352050,3525104685927,3,5.1,2.1
62,3,09,02,J960,351907,3525131903667,34,11.4,22.6
7,1,09,02,J960,351907,3525104870408,29,6.4,22.6
3,1,06,02,J431,350950,3525121182110,2,3.3,1.3
7,1,09,02,J960,350950,3525128167760,6,6.4,0.4
82,3,09,02,J931,352050,3525126519398,2,9.4,7.4
8,1,07,02,J459,355240,3525104792704,2,3.2,1.2
8,3,04,02,J36,350950,3525118373953,1,3.4,2.4
78,1,02,01,J180,352340,3525111535770,5,9.6,4.6
5,1,03,02,J431,350950,3525111682587,4,3.2,0.8
27,1,10,01,J342,352340,3525104909766,2,1.6,0.4
14,3,06,02,J390,351280,3525122823739,3,3.5,0.5
46,3,04,01,J019,353710,3525104317185,5,4.7,0.3
70,1,05,02,J189,350950,3525118434772,4,8.5,4.5
4,1,10,02,J80,350950,3525128186569,2,7.2,5.2
5,3,07,02,J068,350950,3525121199875,1,3.3,2.3
1,3,04,02,J189,350950,3525118383765,6,5.3,0.7
1,3,02,02,J961,350950,3524102901638,4,7.5,3.5
3,3,03,02,J219,350950,3525111676196,4,5.4,1.4
2,1,04,02,J210,354580,3525118977875,2,5.5,3.5
3,1,08,02,J960,352470,3525104398080,4,7.2,3.2
9,1,05,02,J180,351907,3525104717057,10,5.1,4.9
75,3,07,02,J18,350950,3525121203329,4,8.5,4.5
12,1,09,02,J90,350950,3525104449185,11,6.7,4.3
72,3,11,02,J180,353200,3525133184672,1,8.4,7.4
77,1,06,02,J100,354580,3525118989469,3,7.9,4.9
42,1,02,02,J960,355620,3525111817920,17,8.7,8.3
30,3,02,02,J180,350950,3525111646750,11,6.6,4.4
8,3,05,02,J210,353650,3525118897290,6,5.1,0.9
67,1,11,02,J189,352050,3525134278402,12,8.5,3.5
37,1,04,02,J189,350950,3525118377638,4,8.3,4.3
8,3,02,02,J459,350950,3525111631701,3,3.2,0.2
53,1,07,02,J441,351280,3525126842061,3,6.3,3.3
4,1,12,02,J068,350950,3525135795973,1,3.4,2.4
3,3,10,02,J960,353650,3525104472990,2,7.1,5.1
11,3,05,02,J180,350950,3525118405809,15,5.1,9.9
7,3,02,02,J960,353650,3525116092938,3,6.2,3.2
85,3,01,02,J44,351907,3525111603981,8,7.7,0.3
2,1,10,01,J441,353650,3525104469711,14,4.1,9.9
11,1,07,02,J189,352050,3525122806095,3,5.0,2.0
2,1,08,02,J459,355670,3525123475104,2,3.6,1.6
38,1,08,02,J948,352340,3525111570299,1,8.5,7.5
1,1,11,02,J21,355240,3525135267225,9,5.4,3.6
3,1,09,02,J80,350950,3525128155373,5,7.2,2.2
6,1,06,02,J189,350160,3525117653816,17,5.1,11.9
72,3,08,02,J189,350160,3525128573373,2,8.5,6.5
63,1,07,02,J189,352340,3525111566141,5,8.3,3.3
51,1,08,02,J91,355240,3525121238078,7,10.4,3.4
28,3,01,02,J189,353650,3525111775735,1,6.6,5.6
73,1,07,02,J189,352050,3525126506682,22,8.5,13.5
18,3,01,01,J353,351907,3525104615791,2,1.5,0.5
33,1,09,02,J22,350950,3525128155846,26,8.4,17.6
3,3,12,02,J219,355620,3525135140318,4,5.4,1.4
74,1,02,02,J180,350160,3525116080222,37,8.5,28.5
1,3,06,02,J218,351515,3525118720354,7,5.4,1.6
1,3,06,02,J189,354580,3525118975169,8,5.4,2.6
60,3,12,02,J91,353180,3525135806522,7,10.9,3.9
6,1,02,02,J450,350950,3525111638422,1,3.2,2.2
90,3,11,02,J189,353340,3525130497515,8,7.4,0.6
73,1,06,02,J189,350950,3525121174840,3,8.5,5.5
8,1,08,02,J450,350950,3525121261728,2,3.2,1.2
67,3,09,02,J960,350950,3525104434896,11,9.5,1.5
59,3,09,02,J960,353650,3525133187610,6,10.5,4.5
39,1,03,02,J181,350950,3525111658123,14,8.3,5.7
22,1,03,02,J938,350160,3525111502540,9,7.9,1.1
24,1,02,02,J348,355240,3525116091926,1,3.5,2.5
70,3,08,02,J18,350950,3525121258330,3,8.5,5.5
30,1,05,01,J323,352050,3525104722018,1,1.6,0.6
59,3,07,02,J189,350160,3525125927235,5,8.2,3.2
47,1,11,02,J189,353710,3525134931351,4,8.6,4.6
52,3,06,02,J159,350160,3525125925024,3,8.2,5.2
49,1,11,02,J459,352340,3525111589153,1,6.6,5.6
6,3,04,02,J180,351907,3525104694298,2,5.1,3.1
4,1,10,02,J159,350950,3525128220053,9,5.4,3.6
2,3,02,01,J441,351907,3524102905048,1,3.2,2.2
69,3,09,02,J180,350950,3525128155538,11,8.5,2.5
73,1,03,02,J441,355240,3525104309540,2,8.6,6.6
3,3,10,02,J039,351907,3525104915740,4,3.3,0.7
15,1,05,01,J342,353180,3525104695794,1,1.5,0.5
4,3,08,02,J041,350950,3525104418066,4,3.3,0.7
45,1,08,02,J91,350950,3525121228651,5,9.4,4.4
20,3,02,01,J342,350160,3525104629453,1,1.5,0.5
91,1,03,02,J440,350950,3525111672600,1,7.2,6.2
11,1,07,02,J988,351907,3525104390930,6,6.1,0.1
7,3,05,02,J459,350950,3525118408383,2,3.2,1.2
5,1,08,02,J960,350950,3525121239101,14,6.7,7.3
65,3,06,02,J158,350950,3525118449721,2,8.3,6.3
78,3,03,02,J180,353340,3525104656447,8,8.1,0.1
10,1,01,02,J969,355240,3524127801590,2,6.0,4.0
26,1,04,02,J159,350160,3525118629703,14,6.7,7.3
79,1,03,02,J984,355620,3525118468400,15,9.9,5.1
56,3,05,02,J189,352050,3525119135483,14,8.1,5.9
88,3,03,02,J960,351907,3525117326192,4,8.5,4.5
73,3,07,02,J180,353200,3525113709095,3,8.5,5.5
86,3,01,02,J189,352340,3524124073756,37,7.4,29.6
72,1,04,01,J329,350950,3525118380069,1,2.1,1.1
59,1,01,02,J180,351280,3525113373606,6,9.5,3.5
69,3,03,02,J440,350950,3524102893454,15,8.3,6.7
2,1,03,02,J960,355670,3524102910317,10,8.4,1.6
64,3,12,02,J44,350950,3525135807655,1,7.6,6.6
83,1,12,02,J189,355670,3525123494937,1,7.9,6.9
2,1,04,01,J36,350950,3525118395580,1,2.0,1.0
2,1,10,02,J80,350950,3525128209878,26,8.4,17.6
22,3,12,02,J180,350950,3525135796809,4,6.5,2.5
6,1,12,01,J353,350950,3525135818160,1,1.5,0.5
72,3,06,02,J068,350950,3525104369545,1,5.1,4.1
34,1,01,02,J180,350950,3524130865717,21,8.3,12.7
7,3,06,02,J960,352470,3525104366619,6,6.3,0.3
7,3,01,02,J189,350160,3525100506532,3,5.1,2.1
13,1,08,02,J180,351907,3525129000305,3,6.1,3.1
2,1,03,02,J180,351907,3525104653202,4,5.5,1.5
7,1,05,02,J459,354580,3525118978250,2,3.2,1.2
43,1,02,02,J180,350160,3525116079859,2,8.0,6.0
88,3,03,02,J18,350950,3525111656210,7,7.4,0.4
2,1,04,02,J210,350950,3525118374723,2,5.5,3.5
3,1,12,02,J459,350950,3525135806490,3,3.3,0.3
78,3,12,02,J189,350950,3525135808690,20,8.1,11.9
1,1,11,02,J21,355240,3525135267214,6,5.4,0.6
6,3,06,02,J150,350950,3525118454275,3,5.1,2.1
3,3,05,02,J180,355240,3525104715968,9,5.4,3.6
59,1,12,02,J219,350950,3525135804960,1,9.5,8.5
5,3,12,02,J210,350950,3525135798470,12,5.3,6.7
2,3,02,02,J459,350950,3525111632042,3,3.4,0.4
86,3,06,02,J158,350160,3525121525365,7,7.4,0.4
75,1,06,02,J81,350950,3525118453802,6,10.2,4.2
77,1,05,02,J180,350160,3525118635720,2,7.9,5.9
2,3,11,02,J459,353650,3525133194561,6,3.4,2.6
9,1,04,02,J200,350950,3525118374734,2,5.1,3.1
3,1,04,02,J210,352340,3525111548530,9,5.4,3.6
55,3,10,02,J448,350160,3525131763868,7,6.4,0.6
68,1,08,02,J128,353650,3525126442200,2,8.5,6.5
28,3,04,02,J180,350950,3525118396151,7,6.6,0.4
72,1,12,02,J189,350160,3525136712438,4,8.5,4.5
21,1,09,02,J358,353650,3525133185827,4,3.9,0.1
9,3,07,02,J219,355240,3525104795344,3,5.1,2.1
68,1,05,02,J189,350950,3525118434816,3,8.5,5.5
88,3,08,02,J128,355240,3525126438438,2,7.4,5.4
9,3,03,02,J219,350950,3525111669850,17,5.1,11.9
21,3,09,02,J459,350950,3525128181421,5,4.5,0.5
11,3,05,02,J189,352470,3525119542164,6,5.1,0.9
32,1,09,02,J188,350160,3525131760744,4,7.8,3.8
47,1,12,02,J158,350950,3525135793333,12,8.6,3.4
6,1,12,02,J219,355620,3525135139669,5,5.1,0.1
20,1,08,02,J938,350950,3525104406220,4,7.8,3.8
11,1,10,02,J459,350950,3525104477576,10,3.1,6.9
4,1,05,02,J219,350950,3525118420330,5,5.4,0.4
88,1,03,02,J18,350950,3525111683313,19,7.4,11.6
2,3,03,02,J459,350950,3525111659883,3,3.4,0.4
72,3,05,02,J189,350160,3525118637326,4,8.4,4.4
71,1,06,02,J441,350950,3525118459720,1,8.2,7.2
69,1,04,02,J189,350950,3525118375328,11,8.5,2.5
21,1,05,02,J189,350160,3525118634114,7,7.2,0.2
4,1,09,02,J960,355240,3525104838200,3,7.2,4.2
70,3,10,02,J189,355240,3525131907352,12,8.5,3.5
64,3,07,02,J961,352050,3525122807020,2,9.4,7.4
8,1,12,02,J988,352050,3525134289974,3,6.2,3.2
75,1,12,02,J188,352050,3525134285915,10,8.6,1.4
6,1,07,02,J218,354580,3525118990030,5,5.1,0.1
6,3,07,02,J988,350950,3525104393789,6,6.6,0.6
52,3,01,01,J342,355620,3525104595090,1,1.6,0.6
4,3,01,02,J459,350950,3524130858810,4,3.2,0.8
1,3,06,02,J939,350950,3525118458026,21,7.5,13.5
75,3,01,02,J180,350950,3524130870590,3,8.6,5.6
2,3,10,02,J459,350950,3525128198394,2,3.4,1.4
2,3,02,02,J40,352050,3525111483817,7,3.4,3.6
8,1,11,02,J960,350950,3525128228446,4,6.2,2.2
59,3,06,02,J930,355240,3525118440195,2,10.5,8.5
3,1,08,02,J210,350950,3525121232215,7,5.4,1.6
77,1,03,02,J18,350950,3525111657210,8,7.9,0.1
1,1,09,02,J960,355240,3525104871970,4,7.9,3.9
71,3,07,02,J189,352340,3525111556010,7,8.5,1.5
2,1,01,02,J218,351907,3525111606291,1,5.5,4.5
4,3,04,02,J210,355240,3525104692439,3,5.4,2.4
77,1,03,02,J81,353340,3525114058422,2,9.7,7.7
78,3,03,02,J180,355240,3525104653125,10,8.1,1.9
1,1,07,02,J159,350950,3525104386045,4,5.5,1.5
82,3,06,02,J449,350950,3525118447444,19,7.6,11.4
88,3,08,02,J181,350160,3525128569314,3,7.4,4.4
5,3,11,02,J960,353650,3525135268380,7,6.5,0.5
71,3,03,02,J441,352340,3525111538795,12,8.1,3.9
2,1,08,02,J458,350950,3525104414832,1,3.6,2.6
10,1,08,02,J159,353340,3525121423329,1,5.0,4.0
37,1,01,02,J90,354580,3525111494454,7,9.0,2.0
37,3,01,01,J323,353650,3525104592020,1,1.6,0.6
15,1,01,02,J36,352050,3525111466570,1,3.3,2.3
80,1,09,02,J189,353650,3525133189204,2,7.9,5.9
60,3,09,02,J989,352050,3525126530288,18,11.2,6.8
1,1,08,02,J189,350950,3525121218950,24,5.5,18.5
77,3,02,02,J980,350950,3525111629105,3,9.4,6.4
9,1,05,02,J450,350950,3525118437390,4,3.2,0.8
13,3,01,02,J90,351907,3524102879660,5,6.6,1.6
41,1,04,02,J189,350950,3525111693257,8,8.3,0.3
1,1,05,02,J210,350950,3525118437566,6,5.4,0.6
4,1,10,02,J969,350380,3525104465168,2,7.2,5.2
26,1,11,02,J189,355620,3525133625740,2,6.7,4.7
67,3,05,02,J189,350950,3525118418998,9,8.4,0.6
10,1,04,02,J960,355240,3525104692362,23,6.0,17.0
12,3,05,02,J80,350950,3525118423112,4,6.6,2.6
29,1,04,02,J36,352470,3525119541053,1,3.4,2.4
9,3,01,02,J359,351515,3525111232500,2,3.5,1.5
37,3,07,02,J459,354580,3525118984640,28,6.1,21.9
90,1,11,02,J18,350950,3525128231691,6,7.5,1.5
8,3,04,02,J218,350950,3525111693015,2,5.1,3.1
23,1,06,01,J431,350950,3525118446014,2,2.7,0.7
54,1,01,02,J189,355620,3525111814301,11,9.1,1.9
54,3,03,02,J441,353180,3525104313038,5,6.4,1.4
1,1,04,02,J188,350950,3525118368497,8,5.4,2.6
6,3,07,02,J80,355670,3525121187159,1,6.6,5.6
4,1,06,02,J459,350950,3525104374880,1,3.3,2.3
34,1,03,02,J189,352050,3525116058673,5,8.3,3.3
68,3,10,02,J189,350950,3525121267954,19,8.5,10.5
72,1,01,02,J440,350950,3525111600538,2,8.4,6.4
2,3,10,02,J80,350950,3525128211891,3,7.2,4.2
1,3,11,02,J069,355240,3525135270536,7,3.4,3.6
90,3,02,02,J189,353650,3525116093928,6,7.4,1.4
59,1,05,01,J955,355620,3525104340835,2,7.5,5.5
9,1,05,02,J960,350950,3525118411144,4,6.2,2.2
78,3,07,02,J189,350950,3525121202757,5,8.1,3.1
8,3,09,02,J180,352050,3525126530057,2,5.1,3.1
4,3,03,02,J46,350950,3525116076097,3,3.2,0.2
3,1,07,02,J960,350950,3525121201888,13,7.2,5.8
79,3,02,02,J189,354580,3525111502132,3,8.0,5.0
8,1,12,02,J189,350950,3525135816191,3,5.1,2.1
2,1,11,02,J159,350160,3525134330025,4,5.5,1.5
60,1,01,02,J80,350950,3524130870161,8,11.2,3.2
72,3,10,01,J984,353650,3525104461901,2,7.3,5.3
50,3,11,02,J188,350950,3525128238160,31,8.4,22.6
68,1,02,02,J189,350950,3525111632504,5,8.5,3.5
72,1,09,02,J189,353710,3525125772476,5,8.5,3.5
3,1,05,02,J218,350950,3525118405699,2,5.4,3.4
85,1,01,02,J180,352050,3524131570432,4,7.7,3.7
27,1,09,01,J955,354580,3525104432179,7,5.6,1.4
76,3,05,02,J189,355670,3525114256224,11,8.6,2.4
64,1,06,02,J189,350950,3525121175587,8,8.4,0.4
51,1,01,02,J80,353650,3525111772545,2,10.4,8.4
85,1,07,02,J189,350950,3525121224097,14,7.5,6.5
79,3,06,02,J841,350950,3525118463449,11,9.5,1.5
68,3,06,02,J441,350950,3525118454297,2,8.2,6.2
47,3,03,02,J189,352340,3525111538080,3,8.0,5.0
6,1,10,02,J80,350950,3525128213695,15,6.6,8.4
63,1,01,02,J189,352050,3525111461740,9,8.2,0.8
9,1,08,02,J180,354580,3525128642222,2,5.0,3.0
81,1,11,02,J189,353710,3525134931550,16,7.9,8.1
70,1,07,02,J189,353340,3525121422009,2,8.6,6.6
72,3,08,02,J440,351907,3525128999227,5,8.0,3.0
58,3,03,02,J440,350950,3525111655791,8,7.9,0.1
3,3,07,02,J960,350950,3525118436048,17,7.2,9.8
3,3,12,02,J210,355240,3525104967703,4,5.4,1.4
2,1,04,02,J180,352050,3525119121612,4,5.5,1.5
4,1,11,02,J969,350950,3525128246739,12,7.2,4.8
10,1,08,02,J46,355620,3525128556631,2,3.1,1.1
85,1,08,02,J329,351907,3525128998358,2,4.4,2.4
6,3,01,01,J353,352340,3524124073888,1,1.5,0.5
71,1,07,02,J960,352050,3525122786790,30,10.2,19.8
47,3,08,02,J180,350950,3525121262487,2,8.1,6.1
71,1,03,02,J189,352050,3525116052106,6,8.5,2.5
8,1,07,02,J218,350950,3525121219752,5,5.0,0.0
57,3,01,02,J158,350950,3525111598602,2,8.3,6.3
3,1,06,02,J068,350950,3525118465396,1,3.3,2.3
7,3,05,02,J40,350950,3525118400144,3,3.2,0.2
28,1,06,02,J180,351280,3525122823630,3,7.5,4.5
75,1,12,02,J960,351907,3525135169402,36,10.2,25.8
60,1,02,02,J961,350380,3524102899757,16,11.2,4.8
1,3,03,02,J218,352050,3525116060631,4,5.3,1.3
10,3,01,02,J189,353650,3525111774712,3,5.1,2.1
2,3,04,02,J218,350950,3525118368024,2,5.3,3.3
79,3,06,02,J189,350950,3525118442010,14,8.0,6.0
29,3,09,02,J068,354580,3525128650692,3,3.1,0.1
8,3,06,02,J450,350950,3525118454319,1,3.2,2.2
48,1,09,02,J189,350950,3525128180640,4,8.6,4.6
85,3,06,02,J189,353340,3525121420557,7,7.8,0.8
4,1,06,02,J80,350950,3525118463097,5,7.2,2.2
83,3,07,02,J189,355240,3525104383383,6,7.8,1.8
68,1,10,02,J848,352050,3525131777057,7,9.8,2.8
2,1,09,02,J189,352050,3525131777442,4,5.5,1.5
61,3,07,02,J189,350950,3525121215803,3,8.8,5.8
78,1,06,02,J158,350160,3525125925167,2,8.1,6.1
1,3,06,02,J180,355240,3525104754479,4,5.4,1.4
80,1,04,02,J441,355240,3525104324126,14,8.1,5.9
60,1,12,02,J449,352340,3525111596292,7,8.1,1.1
3,1,11,02,J219,350950,3525135786612,4,5.4,1.4
76,1,01,02,J188,350950,3524130875551,25,8.6,16.4
9,1,07,02,J960,350950,3525121217717,5,6.2,1.2
73,1,02,02,J189,350950,3525111635925,8,8.5,0.5
3,3,12,02,J80,350950,3525135817918,2,7.1,5.1
4,1,08,02,J459,350950,3525121258153,2,3.3,1.3
6,3,12,02,J218,354580,3525137360272,4,5.1,1.1
42,1,03,02,J91,354580,3525111505784,9,8.7,0.3
66,3,01,02,J189,350950,3524130878400,27,8.3,18.7
3,3,12,02,J459,350950,3525135798921,4,3.2,0.8
1,1,01,02,J80,350950,3524130876684,41,8.1,32.9
79,1,10,02,J189,350950,3525128193906,5,8.1,3.1
3,3,06,02,J210,350950,3525118453912,7,5.4,1.6
14,1,12,02,J219,355240,3525104964337,5,6.3,1.3
5,3,04,02,J219,355240,3525104692703,3,5.3,2.3
69,3,10,02,J189,354580,3525128648206,26,8.5,17.5
4,3,06,02,J21,350950,3525118436015,2,5.4,3.4
35,1,03,02,J948,351907,3524102912825,6,9.3,3.3
23,3,04,02,J219,350160,3525104691010,2,6.5,4.5
69,3,08,02,J18,350950,3525121235636,7,8.5,1.5
62,1,05,02,J189,355620,3525121149627,4,8.7,4.7
61,1,05,01,J180,353710,3525115454014,31,10.0,21.0
13,1,07,01,J350,350950,3525121622650,1,1.5,0.5
1,3,04,02,J189,355620,3525118470434,3,5.3,2.3
6,3,09,02,J431,350950,3525128181685,5,3.2,1.8
2,3,10,02,J960,350950,3525121273058,36,7.2,28.8
41,3,06,02,J189,350950,3525121174993,12,7.6,4.4
4,3,05,02,J210,353650,3525118900303,4,5.4,1.4
65,1,04,02,J81,354580,3525111507324,30,9.6,20.4
4,1,07,02,J960,353710,3525104399510,3,7.2,4.2
60,1,11,02,J159,355240,3525104506693,4,8.8,4.8
51,3,01,02,J189,353650,3525111776109,1,8.4,7.4
2,3,11,02,J459,350950,3525128250160,4,3.4,0.6
36,1,10,02,J938,355670,3525123488777,14,10.1,3.9
33,3,03,01,J351,352340,3525111541831,1,1.6,0.6
8,3,03,02,J218,352050,3525116047442,5,5.1,0.1
59,1,12,02,J189,350950,3525135827257,7,9.5,2.5
78,1,04,02,J159,351907,3525119448158,10,8.1,1.9
1,3,03,02,J159,353710,3525104310717,4,5.3,1.3
4,1,06,02,J459,350950,3525104367268,1,3.3,2.3
66,1,02,02,J189,355620,3525111818349,2,8.4,6.4
1,1,09,02,J459,352340,3525104435688,6,4.1,1.9
2,3,12,02,J960,350950,3525135815366,12,7.2,4.8
1,1,06,02,J219,350950,3525121179756,15,5.5,9.5
66,1,08,02,J159,351907,3525126440044,13,8.4,4.6
83,1,09,02,J159,351907,3525131903910,14,7.9,6.1
51,3,07,02,J960,350950,3525104405614,18,10.1,7.9
18,3,03,02,J188,353650,3525100237550,14,6.3,7.7
64,1,01,02,J189,354580,3524131995252,7,8.4,1.4
3,1,10,02,J80,350950,3525128217150,2,7.2,5.2
1,1,09,02,J960,351907,3525104450384,7,7.9,0.9
80,3,05,02,J159,355670,3525114258413,5,7.8,2.8
88,1,12,02,J159,355670,3525123491802,8,7.4,0.6
9,3,12,02,J690,350950,3525135822131,17,6.3,10.7
65,1,08,02,J189,352470,3525130106476,15,8.4,6.6
3,3,10,02,J188,350950,3525128187185,4,5.4,1.4
82,3,02,02,J81,350950,3525111621350,2,9.5,7.5
18,3,03,01,J180,350950,3524102909426,11,7.7,3.3
5,1,05,02,J210,350950,3525104340197,4,5.3,1.3
29,1,06,01,J343,350380,3525104765501,2,1.6,0.4
10,3,10,02,J390,352470,3525104471603,9,3.5,5.5
10,3,04,02,J040,350950,3525111695831,8,3.4,4.6
3,3,04,02,J210,350160,3525118629351,3,5.4,2.4
1,1,06,02,J121,354580,3525118984310,4,5.5,1.5
44,1,10,02,J189,350950,3525128196656,2,8.0,6.0
2,1,11,02,J041,353340,3525104935870,4,3.6,0.4
2,1,06,02,J960,350950,3525121175213,49,8.4,40.6
87,1,09,02,J180,350950,3525128163469,2,7.3,5.3
1,1,03,02,J218,350950,3525111684963,5,5.4,0.4
36,1,11,02,J930,350950,3525128252382,6,10.1,4.1
3,1,05,02,J459,353340,3525121420095,3,3.3,0.3
2,1,08,02,J960,354580,3525104832546,10,8.4,1.6
3,1,05,02,J210,352050,3525119137529,5,5.4,0.4
10,1,06,02,J041,353180,3525119695504,1,3.2,2.2
6,1,02,02,J459,350950,3525111632108,3,3.2,0.2
78,1,01,02,J440,350950,3525111607039,2,8.4,6.4
77,1,03,02,J449,350950,3525111659762,2,8.1,6.1
3,3,10,02,J180,354580,3525128653156,3,5.4,2.4
3,3,04,02,J068,350950,3525118368410,1,3.3,2.3
82,1,07,02,J180,353200,3525113709128,8,7.9,0.1
83,3,03,02,J158,354580,3525111505091,5,7.8,2.8
3,1,01,02,J189,350950,3524130864881,4,5.4,1.4
15,1,07,02,J960,350950,3525121208708,8,7.5,0.5
56,1,11,02,J81,352340,3525111586502,9,10.8,1.8
9,1,08,02,J189,350950,3525121235977,5,5.0,0.0
1,1,06,02,J960,353340,3525104750288,9,7.9,1.1
55,1,06,02,J189,351280,3525122822903,5,9.5,4.5
86,3,05,02,J159,355670,3525114260272,12,7.4,4.6
3,3,05,02,J450,350950,3525118408944,1,3.2,2.2
6,1,06,02,J189,352340,3525111559200,3,5.1,2.1
83,3,01,02,J449,352050,3525111461080,4,7.6,3.6
56,1,01,02,J91,350950,3524130874836,24,10.8,13.2
66,1,08,02,J44,350950,3525121243028,1,8.4,7.4
53,3,05,02,J969,352050,3525119137595,9,9.7,0.7
9,1,02,02,J459,355670,3524132027823,6,3.2,2.8
72,1,04,02,J448,350160,3525118633267,2,8.4,6.4
20,1,02,02,J03,353650,3525116091937,1,3.1,2.1
1,3,05,02,J80,350950,3525118421330,4,7.5,3.5
6,1,08,02,J218,350950,3525121261244,2,5.1,3.1
67,3,09,02,J80,350950,3525128174887,14,9.5,4.5
74,3,12,02,J449,350950,3525135794202,4,8.1,4.1
5,3,06,02,J984,352050,3525122789760,7,6.6,0.4
58,3,09,01,J323,353650,3525104836341,1,1.6,0.6
2,3,12,02,J218,351907,3525136920789,8,5.3,2.7
1,3,03,02,J189,350950,3525111657298,7,5.3,1.7
80,1,03,02,J189,352470,3525114724241,7,7.9,0.9
60,3,09,02,J91,350950,3525121272706,1,11.2,10.2
8,1,09,02,J960,353650,3525133187400,2,6.4,4.4
21,1,05,01,J351,351905,3525104726462,2,1.5,0.5
10,1,06,02,J18,350950,3525118454825,2,5.0,3.0
3,1,07,02,J431,350950,3525121189150,4,3.3,0.7
62,1,10,02,J189,354580,3525128654091,3,8.7,5.7
63,3,09,02,J189,351280,3525133189369,9,8.3,0.7
55,3,10,01,J998,350950,3525104474639,2,6.5,4.5
66,1,03,02,J189,355620,3525116076801,6,8.4,2.4
77,1,07,02,J189,352470,3525126432586,6,7.9,1.9
1,1,09,02,J159,350950,3525121266711,4,5.5,1.5
3,3,04,02,J068,352050,3525116066439,6,3.3,2.7
87,1,07,02,J449,355670,3525114268247,6,7.2,1.2
2,1,04,02,J189,350950,3525118395777,2,5.5,3.5
84,1,06,02,J18,350950,3525118460974,16,7.8,8.2
61,1,05,01,J342,350950,3525118428436,1,1.6,0.6
12,3,01,02,J189,351907,3525114200245,2,6.2,4.2
27,3,08,02,J189,351907,3525128997368,6,7.0,1.0
8,1,04,02,J219,351907,3525104686312,2,5.1,3.1
8,1,01,02,J459,350950,3525114085416,2,3.2,1.2
83,3,09,02,J441,350950,3525104430947,7,7.6,0.6
62,3,02,02,J960,350950,3525111624584,4,11.3,7.3
5,1,02,02,J180,355620,3525116074733,2,5.3,3.3
75,3,04,02,J960,355620,3525118470676,6,9.9,3.9
23,3,01,01,J342,352340,3525111531931,1,1.5,0.5
6,1,12,02,J219,350950,3525135815509,2,5.1,3.1
4,1,12,02,J218,350950,3525136920173,7,5.4,1.6
15,3,06,01,J342,352340,3525104761607,2,1.5,0.5
40,3,08,01,J323,351907,3525104833680,1,1.6,0.6
68,3,02,02,J459,353650,3525116090199,1,8.2,7.2
76,3,08,02,J449,350950,3525121258197,3,7.9,4.9
8,1,08,02,J158,355240,3525104828872,3,5.0,2.0
2,1,03,02,J80,350950,3525111680717,3,8.4,5.4
26,3,12,02,J219,350950,3525135795071,7,6.6,0.4
78,3,03,02,J189,353340,3525114058213,14,8.1,5.9
1,1,05,02,J210,350950,3525104354475,1,5.4,4.4
6,3,10,02,J459,352050,3525131801356,6,3.2,2.8
10,3,05,02,J159,350950,3525118425510,7,5.1,1.9
4,1,06,02,J180,354580,3525118984497,4,5.4,1.4
29,1,05,02,J180,353180,3525104716166,7,7.5,0.5
68,1,04,02,J80,350950,3525118396437,3,9.8,6.8
2,3,05,02,J210,353340,3525114060787,6,5.3,0.7
78,1,01,02,J441,351907,3524102882223,21,8.4,12.6
4,3,08,02,J180,350950,3525121262950,5,5.4,0.4
80,3,12,02,J189,350950,3525135809965,18,7.8,10.2
1,1,06,02,J219,353650,3525120497558,3,5.5,2.5
9,3,10,02,J459,350950,3525128186932,1,3.2,2.2
5,3,06,02,J431,350950,3525118452152,4,3.2,0.8
8,1,05,02,J189,350950,3525118432033,4,5.1,1.1
5,3,07,02,J431,350950,3525121188435,3,3.2,0.2
73,1,02,02,J960,350160,3525111626290,5,9.9,4.9
1,3,01,02,J80,350950,3524130860965,30,7.5,22.5
3,3,05,02,J431,350950,3525118420868,5,3.2,1.8
64,3,11,01,J342,350950,3525502088966,1,1.6,0.6
10,3,05,02,J219,350950,3525118420582,6,5.1,0.9
6,1,04,02,J36,350950,3525118470820,3,3.3,0.3
38,1,01,02,J180,350950,3524102873984,2,8.3,6.3
3,3,05,02,J219,350950,3525118420626,8,5.4,2.6
6,3,07,02,J459,352050,3525122797141,4,3.2,0.8
76,1,05,02,J210,350950,3525118408416,5,8.6,3.6
30,3,06,02,J00,352340,3525111557913,1,3.2,2.2
67,3,10,02,J189,351280,3525131647862,1,8.4,7.4
71,3,12,02,J189,350950,3525135796072,8,8.5,0.5
6,1,08,01,J353,350950,3525121233788,1,1.5,0.5
78,3,06,02,J189,350950,3525118442131,5,8.1,3.1
20,1,05,02,J459,352050,3525119136210,4,3.3,0.7
1,3,08,02,J181,351907,3525129000140,8,5.4,2.6
13,1,09,02,J459,350950,3525128167660,4,3.2,0.8
75,3,12,02,J960,350950,3525128226037,1,9.9,8.9
68,3,02,02,J200,350950,3525111631624,15,8.5,6.5
2,3,08,02,J450,350950,3525121262927,2,3.4,1.4
3,1,08,02,J21,351907,3525126441310,4,5.4,1.4
11,1,04,02,J960,353650,3525118894121,3,6.1,3.1
10,3,04,02,J960,350950,3525111689781,2,6.2,4.2
1,1,05,02,J21,353650,3525120495820,2,5.4,3.4
3,3,06,02,J219,350950,3525118443649,6,5.4,0.6
1,1,11,02,J960,350950,3525128244616,7,8.1,1.1
1,1,03,02,J069,350950,3525111679144,3,3.0,0.0
86,1,03,02,J189,354580,3525111507380,5,7.4,2.4
53,1,03,02,J180,350160,3525116088681,17,8.5,8.5
21,1,01,02,J45,350950,3524130869700,4,4.5,0.5
7,1,05,02,J188,350950,3525118420263,11,5.2,5.8
66,3,02,02,J18,353180,3525114363243,3,8.3,5.3
5,1,07,01,J998,350950,3525104386640,5,5.8,0.8
65,1,08,02,J180,355240,3525104803627,22,8.4,13.6
84,3,05,02,J159,350950,3525118418932,2,8.1,6.1
4,1,11,02,J960,350950,3525128243582,13,7.2,5.8
86,1,02,02,J189,353650,3525116090364,2,7.4,5.4
66,1,11,02,J189,353650,3525135268116,10,8.4,1.6
5,3,08,02,J188,351907,3525129002010,3,5.3,2.3
1,1,06,02,J159,351907,3525120497932,4,5.5,1.5
31,1,03,02,J939,350950,3525111684127,3,8.8,5.8
81,3,06,02,J96,350950,3525118461140,13,9.4,3.6
2,3,05,02,J960,350160,3525104723558,6,7.2,1.2
74,3,09,02,J180,352340,3525111576558,2,8.4,6.4
10,1,03,02,J189,354580,3525111506268,2,5.0,3.0
14,3,05,01,J353,352340,3525104731885,2,1.5,0.5
73,3,10,02,J80,350950,3525128200616,6,9.7,3.7
1,3,03,02,J219,353710,3525114724208,5,5.3,0.3
4,1,11,02,J219,350950,3525128233935,6,5.4,0.6
86,1,05,02,J449,352050,3525119130544,7,7.7,0.7
25,3,02,02,J219,350950,3525111626180,6,6.5,0.5
17,3,04,02,J36,351280,3525117219272,2,3.3,1.3
72,3,01,02,J181,350160,3525112452323,4,8.4,4.4
1,3,09,02,J969,351280,3525104438174,15,7.5,7.5
7,3,04,02,J189,355670,3525114252484,7,5.1,1.9
5,3,08,02,J157,354580,3525128643839,3,5.3,2.3
9,1,06,02,J960,355240,3525120503179,5,6.2,1.2
4,1,06,02,J219,350950,3525118458598,1,5.4,4.4
9,1,02,02,J96,350950,3525116090320,3,6.2,3.2
72,3,06,02,J189,350950,3525118442164,10,8.5,1.5
57,1,04,02,J449,352050,3525119121997,3,8.3,5.3
1,1,09,02,J189,350950,3525128156000,4,5.5,1.5
6,1,08,02,J189,352470,3525128320868,1,5.1,4.1
49,1,06,02,J189,353710,3525117222715,6,8.6,2.6
3,1,11,02,J459,350950,3525128251942,4,3.3,0.7
2,3,04,02,J189,354580,3525118975191,2,5.3,3.3
14,1,03,02,J984,351907,3525111670454,17,7.4,9.6
58,3,04,02,J91,351907,3525119449137,11,10.8,0.2
41,3,07,02,J189,350950,3525121210270,8,7.6,0.4
3,3,07,02,J218,351907,3525127044439,3,5.4,2.4
75,1,12,02,J188,350950,3525135815531,13,8.6,4.4
90,1,11,02,J960,353650,3525133194748,10,8.1,1.9
89,1,06,02,J189,352470,3525121332216,6,7.3,1.3
62,1,08,02,J852,353650,3525126441364,1,11.6,10.6
67,3,06,01,J955,352050,3525119147320,2,7.0,5.0
2,1,08,02,J960,355240,3525104826826,20,8.4,11.6
39,1,10,02,J960,350950,3525104463749,12,10.1,1.9
7,1,06,02,J159,350950,3525104365563,1,5.0,4.0
59,1,01,02,J041,350950,3525111614410,3,5.4,2.4
3,3,11,02,J960,353650,3525104490116,2,7.1,5.1
11,1,12,02,J80,350950,3525135788450,10,6.1,3.9
42,3,11,02,J459,353650,3525135268699,2,6.0,4.0
4,1,08,02,J188,355670,3525122118970,2,5.4,3.4
81,1,11,02,J180,353200,3525133184903,3,7.9,4.9
69,3,05,02,J439,350160,3525118634994,12,8.3,3.7
82,1,11,02,J180,350160,3525134327430,14,7.9,6.1
8,1,04,02,J159,350950,3525118371940,9,5.1,3.9
10,3,07,02,J219,350950,3525121204495,6,5.1,0.9
10,3,07,02,J159,350950,3525121198907,3,5.1,2.1
82,1,06,02,J180,350950,3525118464880,8,7.9,0.1
2,3,11,02,J189,350950,3525128227247,5,5.3,0.3
47,3,08,02,J189,350950,3525121233073,28,8.1,19.9
77,1,07,02,J189,351515,3525120654022,22,7.9,14.1
42,1,05,02,J90,352050,3525119138728,8,8.7,0.7
41,1,06,02,J189,350950,3525121176027,6,8.6,2.6
27,3,01,02,J931,353180,3525114362319,2,8.3,6.3
38,1,03,02,J189,354800,3525111700044,7,8.3,1.3
1,3,04,02,J218,353340,3525114060303,5,5.3,0.3
88,1,05,02,J449,352340,3525111554184,1,7.2,6.2
4,3,05,02,J219,350950,3525118414763,7,5.4,1.6
1,1,12,02,J219,350950,3525135825046,7,5.4,1.6
5,3,02,02,J189,355670,3524132024853,3,5.3,2.3
51,3,03,01,J323,350160,3525104657437,1,1.7,0.7
77,1,07,02,J180,353650,3525126437349,1,7.9,6.9
34,1,01,02,J938,350950,3525111611901,6,9.4,3.4
6,1,05,02,J210,353340,3525104715748,4,5.1,1.1
74,3,01,02,J180,350950,3524130878796,15,8.5,6.5
50,1,01,02,J180,350950,3524102866394,15,8.9,6.1
7,1,10,02,J20,353710,3525132977245,2,5.2,3.2
24,1,02,01,J348,350950,3525111631613,1,1.5,0.5
73,1,03,02,J189,355620,3525116078066,6,8.5,2.5
65,1,05,02,J81,355240,3525104717673,4,9.6,5.6
1,1,04,02,J960,350950,3525118372886,7,8.1,1.1
1,3,06,02,J219,353340,3525121420216,6,5.4,0.6
76,3,04,02,J189,354580,3525111511328,7,8.6,1.6
6,3,05,02,J459,353650,3525120496447,5,3.2,1.8
78,3,10,02,J960,350950,3525104465883,9,9.6,0.6
3,3,06,02,J219,350950,3525118454693,9,5.4,3.6
89,3,11,02,J189,352470,3525134390900,5,7.4,2.4
66,3,09,02,J960,352050,3525126533401,11,9.4,1.6
1,3,01,02,J960,350950,3525111603761,8,7.5,0.5
6,3,07,02,J459,352470,3525104396517,12,3.2,8.8
61,1,08,02,J960,355670,3525123474609,8,11.6,3.6
43,1,07,02,J189,352050,3525122800892,6,8.2,2.2
8,3,11,01,J042,350950,3525104486860,1,2.8,1.8
40,3,11,02,J938,353180,3525104493834,3,8.6,5.6
85,1,06,02,J129,355240,3525120499220,2,7.5,5.5
9,3,08,02,J459,350950,3525121259473,5,3.2,1.8
48,3,11,02,J159,352050,3525131799772,13,8.0,5.0
10,3,05,02,J960,355240,3525120496876,5,6.2,1.2
2,3,08,02,J189,355620,3525128554112,2,5.3,3.3
1,3,11,02,J189,355240,3525104509311,11,5.3,5.7
66,1,07,02,J449,353180,3525126070697,7,8.4,1.4
42,3,01,02,J18,350950,3525111613309,1,7.1,6.1
80,3,03,02,J189,351280,3525117218216,8,7.8,0.2
14,3,03,02,J960,355240,3525104661298,5,7.8,2.8
38,1,11,02,J930,352340,3525111589527,9,9.2,0.2
56,3,10,02,J449,352050,3525131803347,3,7.5,4.5
1,1,09,02,J960,355240,3525104871981,4,7.9,3.9
23,3,07,02,J449,353200,3525113709183,1,3.5,2.5
60,3,05,02,J189,352050,3525119135043,9,8.9,0.1
2,1,02,01,J353,352340,3525111536551,1,2.0,1.0
79,3,08,02,J960,350950,3525104424083,11,9.5,1.5
2,1,01,02,J960,350950,3525111608293,4,8.4,4.4
8,3,02,02,J459,350950,3524130865068,6,3.2,2.8
55,1,02,02,J189,352050,3525111469583,9,9.3,0.3
1,1,07,02,J960,355240,3525126437240,3,7.9,4.9
5,3,01,02,J218,350950,3525111603024,6,5.3,0.7
1,1,07,02,J210,352340,3525112333281,4,5.5,1.5
67,1,06,02,J189,355240,3525120498636,33,8.5,24.5
10,3,05,02,J960,350950,3525118415291,12,6.2,5.8
78,1,04,02,J159,350950,3525118368761,6,8.1,2.1
86,1,07,02,J938,352050,3525122785492,13,8.9,4.1
99,3,06,02,J189,353710,3525125211443,12,7.0,5.0
35,3,01,02,J180,350950,3524130872328,2,7.3,5.3
53,3,04,02,J180,353200,3525113708281,6,7.9,1.9
2,3,07,02,J110,350950,3525104392480,2,5.3,3.3
5,1,06,02,J200,350950,3525118451712,1,5.3,4.3
60,1,08,01,J849,354580,3525104422059,2,7.7,5.7
1,1,05,02,J218,354580,3525118705878,4,5.4,1.4
67,1,07,02,J180,350950,3525121217410,23,8.5,14.5
66,3,12,02,J189,351515,3525134108089,8,8.3,0.3
1,3,09,02,J159,350950,3525121269593,4,5.4,1.4
62,1,11,01,J330,352050,3525104486354,3,1.6,1.4
90,3,12,02,J189,351280,3525134934926,1,7.4,6.4
1,3,04,02,J210,353340,3525114059412,1,5.3,4.3
6,1,11,02,J219,355240,3525104921822,3,5.1,2.1
8,1,02,02,J459,352470,3525114722602,2,3.2,1.2
50,3,05,02,J159,350950,3525118412563,1,8.4,7.4
63,1,10,02,J189,353650,3525133190690,1,8.2,7.2
2,1,08,02,J459,350950,3525121251730,3,3.6,0.6
1,3,06,02,J960,350950,3525118450645,1,7.5,6.5
5,1,11,02,J459,352340,3525111586865,2,3.2,1.2
86,1,07,02,J189,350950,3525121212020,6,7.4,1.4
1,1,10,02,J159,351907,3525104460823,6,5.4,0.6
63,1,02,02,J189,350160,3525112455700,3,8.2,5.2
41,3,01,01,J90,354580,3525104600920,1,4.4,3.4
74,3,07,02,J18,350950,3525121214967,41,8.4,32.6
76,1,11,02,J90,352050,3525134277071,14,10.0,4.0
61,1,05,02,J189,354580,3525111512912,21,8.8,12.2
5,3,04,02,J189,350950,3525118383622,4,5.3,1.3
49,1,04,01,J342,351907,3525104713361,2,1.6,0.4
76,1,05,02,J960,350950,3525118400595,1,10.0,9.0
6,3,11,02,J459,355240,3525135270437,2,3.2,1.2
1,3,10,02,J159,350950,3525128218315,4,5.3,1.3
71,3,12,02,J189,350160,3525136714231,2,8.5,6.5
9,3,11,02,J998,350950,3525128235024,11,6.3,4.7
91,3,12,02,J180,352340,3525111596391,3,7.0,4.0
31,3,03,02,J459,352340,3525111539158,8,5.2,2.8
58,1,12,02,J189,354580,3525135174704,5,9.2,4.2
88,3,08,02,J81,350950,3525121262300,26,8.5,17.5
2,1,07,02,J960,351907,3525104798556,8,8.4,0.4
37,1,05,02,J938,350950,3525118384766,6,9.0,3.0
62,3,08,02,J189,352050,3525122804082,22,8.8,13.2
76,1,02,02,J189,350950,3525111638719,12,8.6,3.4
6,1,07,02,J960,350950,3525121200502,4,6.7,2.7
11,1,06,01,J353,352340,3525111559651,1,1.5,0.5
4,3,02,02,J459,351905,3525114723075,5,3.2,1.8
7,1,12,02,J938,350950,3525104517297,9,6.3,2.7
4,3,10,02,J80,350950,3525128210505,5,7.1,2.1
7,3,03,02,J189,353340,3525114058312,4,5.1,1.1
63,3,09,02,J189,350950,3525128158838,7,8.3,1.3
6,1,09,02,J459,350950,3525121266293,2,3.2,1.2
65,1,03,02,J189,350950,3525111682840,3,8.4,5.4
42,3,06,02,J189,350950,3525118462261,12,7.6,4.4
7,3,09,02,J188,350950,3525128181652,11,5.1,5.9
69,1,09,01,J342,352340,3525104886754,2,1.0,1.0
88,3,11,02,J960,353340,3525130498516,11,8.5,2.5
66,1,04,02,J441,353340,3525114060237,16,8.4,7.6
49,1,12,02,J449,352050,3525134290392,6,6.6,0.6
4,3,09,02,J219,353650,3525133188203,8,5.4,2.6
3,3,11,01,J351,352050,3525104502601,2,1.5,0.5
2,3,04,02,J36,350950,3525118378310,2,3.9,1.9
81,3,09,02,J449,353650,3525133189919,1,7.6,6.6
76,3,09,02,J189,350950,3525128155516,5,8.5,3.5
70,1,05,02,J159,350950,3525118401739,1,8.5,7.5
7,1,11,01,J352,352340,3525111586535,1,1.5,0.5
7,3,05,02,J960,350950,3525104342364,3,6.2,3.2
2,1,11,02,J068,350160,3525104508079,2,3.6,1.6
79,1,08,02,J189,352050,3525126519420,4,8.1,4.1
69,1,01,02,J189,355620,3525111815907,12,8.5,3.5
31,1,02,02,J180,350950,3525111626718,5,7.9,2.9
60,3,03,02,J449,352050,3525116054548,15,7.7,7.3
68,1,06,02,J189,355620,3525121150595,6,8.5,2.5
78,1,12,02,J189,353710,3525137025509,4,8.1,4.1
5,3,03,01,J351,352340,3525111542051,1,1.5,0.5
1,1,06,02,J80,350950,3525118443451,11,7.9,3.1
8,3,05,02,J459,355240,3525104715980,1,3.2,2.2
73,1,09,02,J189,355620,3525128557137,7,8.5,1.5
6,3,05,02,J80,350950,3525118419889,33,6.5,26.5
34,3,11,01,J91,352470,3525104499972,1,5.8,4.8
9,1,02,02,J431,350950,3525111645407,1,3.2,2.2
85,1,09,02,J180,353180,3525126073150,3,7.5,4.5
37,3,03,02,J180,350950,3525111663007,5,6.8,1.8
67,1,11,01,J343,352050,3525104920282,1,1.7,0.7
13,1,09,01,J353,352340,3525111578439,1,1.5,0.5
2,3,06,02,J960,350950,3525118452526,4,7.3,3.3
10,3,06,02,J218,350950,3525117246410,3,5.1,2.1
5,1,09,02,J459,350160,3525128574616,1,3.2,2.2
1,1,03,02,J218,352050,3525111479230,4,5.4,1.4
24,1,06,01,J323,355240,3525104754787,1,1.5,0.5
78,3,01,02,J449,350950,3525111613694,2,8.1,6.1
1,1,02,02,J219,355670,3524132026008,5,5.4,0.4
29,1,06,01,J342,350160,3525104361867,1,1.6,0.6
9,1,05,02,J219,350950,3525118408482,3,5.1,2.1
7,3,01,02,J189,354580,3525111497028,2,5.1,3.1
5,1,05,02,J189,350950,3525118408834,4,5.3,1.3
2,3,06,02,J431,350950,3525118465660,1,3.4,2.4
1,1,11,02,J180,350160,3525134326747,2,5.4,3.4
68,1,03,02,J441,351280,3525117218953,16,8.4,7.6
71,3,08,02,J81,350950,3525121233470,20,9.7,10.3
74,1,05,02,J158,353650,3525104343410,25,8.5,16.5
32,3,05,02,J159,350950,3525118403367,49,7.7,41.3
10,3,06,02,J431,350950,3525118460831,2,3.2,1.2
2,3,12,02,J218,350950,3525135801979,8,5.3,2.7
2,1,04,02,J91,350160,3525104692978,15,8.4,6.6
72,3,04,02,J189,350950,3525111696524,3,8.4,5.4
2,1,06,02,J218,350950,3525121471894,9,5.5,3.5
2,1,04,01,J350,350950,3525501364748,2,2.0,0.0
69,3,08,02,J449,355620,3525128556642,4,8.6,4.6
79,3,02,02,J180,350950,3525111633153,10,8.0,2.0
1,3,05,02,J159,355670,3525114255256,3,5.3,2.3
55,3,05,02,J180,350160,3525118633971,2,8.1,6.1
41,3,10,02,J36,353650,3525133192097,4,4.5,0.5
1,1,06,02,J960,350950,3525118451019,2,7.9,5.9
8,1,11,02,J80,350950,3525128224794,3,6.2,3.2
55,1,11,02,J90,350950,3525128231064,1,10.7,9.7
76,3,09,02,J189,350950,3525128170487,21,8.5,12.5
90,1,08,02,J189,351280,3525126843370,4,7.3,3.3
30,3,08,01,J342,351907,3525104803363,1,1.6,0.6
2,1,12,02,J459,350950,3525135794587,4,3.6,0.4
50,3,05,02,J189,351280,3525122821704,11,8.4,2.6
19,1,07,02,J80,350950,3525121184420,3,7.6,4.6
71,3,06,02,J180,350160,3525121526135,1,8.5,7.5
85,3,09,02,J189,353650,3525133186982,1,7.8,6.8
65,3,04,02,J189,355620,3525118472073,11,8.3,2.7
2,3,03,02,J219,350950,3525111658772,1,5.3,4.3
4,1,11,01,J353,350950,3525128224607,1,1.6,0.6
0,3,10,02,J449,350950,3525128184127,6,4.5,1.5
73,1,08,02,J180,355240,3525104803770,18,8.5,9.5
46,1,11,02,J189,350950,3525135785809,2,8.2,6.2
3,1,06,02,J210,350160,3525121527510,6,5.4,0.6
2,3,02,02,J189,355620,3525111818272,2,5.3,3.3
60,3,05,02,J068,350950,3525104354410,1,5.4,4.4
43,1,11,01,J47,355240,3525124590658,2,5.7,3.7
79,3,07,02,J189,350160,3525125926740,9,8.0,1.0
27,1,07,02,J348,350950,3525104390137,4,3.4,0.6
5,3,05,02,J960,350950,3525104335808,7,6.5,0.5
3,1,07,02,J210,351907,3525104382294,18,5.4,12.6
53,1,10,02,J930,350950,3525128224420,4,9.9,5.9
9,1,04,02,J210,351280,3525118895155,2,5.1,3.1
5,1,08,02,J210,350160,3525125934176,3,5.3,2.3
74,1,04,02,J960,350950,3525118370785,3,9.9,6.9
74,1,06,02,J180,355240,3525104376376,6,8.5,2.5
5,1,05,02,J210,354580,3525118982077,2,5.3,3.3
81,3,03,02,J159,350950,3525111674106,7,7.8,0.8
73,3,11,02,J189,353650,3525135268655,6,8.4,2.4
1,3,09,02,J189,350950,3525128167748,4,5.4,1.4
83,1,06,02,J189,352050,3525122783700,1,7.9,6.9
7,1,05,02,J180,350950,3525118406337,20,5.2,14.8
4,3,08,02,J450,350950,3525121237484,3,3.3,0.3
87,3,07,02,J189,352050,3525122805589,7,7.4,0.4
80,3,11,02,J189,352470,3525134391120,6,7.8,1.8
62,3,08,02,J441,353180,3525126072468,2,7.6,5.6
9,3,07,02,J219,350950,3525121203670,3,5.1,2.1
86,3,10,02,J189,351907,3525131907627,10,7.4,2.6
5,3,06,02,J459,350950,3525118448654,2,3.2,1.2
9,1,08,02,J80,350950,3525121254325,14,6.2,7.8
7,1,09,02,J459,350950,3525128153294,10,3.2,6.8
76,1,09,02,J938,350950,3525128181663,15,10.0,5.0
1,1,03,02,J218,350950,3525111665746,6,5.4,0.6
4,3,11,02,J960,351280,3525135270569,5,7.1,2.1
68,3,08,02,J449,350950,3525121239728,15,8.2,6.8
7,1,12,02,J219,350950,3525135794720,5,5.2,0.2
1,3,12,02,J068,350950,3525104515768,2,3.4,1.4
6,3,03,02,J189,350950,3525111685711,5,5.1,0.1
20,3,08,02,J110,350950,3525121236780,5,6.5,1.5
78,3,03,02,J938,355620,3525116074392,15,9.6,5.4
1,1,11,02,J450,350950,3525135787657,5,4.1,0.9
48,3,03,02,J15,353650,3525116096458,5,8.0,3.0
7,3,05,02,J210,350950,3525118408845,4,5.1,1.1
6,1,11,02,J459,353180,3525104937849,3,3.2,0.2
3,3,09,02,J180,355240,3525104836957,13,5.4,7.6
7,3,08,02,J459,350950,3525121228266,4,3.2,0.8
10,3,09,02,J209,353180,3525128160257,19,5.1,13.9
4,3,08,02,J189,351907,3525128997929,4,5.4,1.4
72,1,11,02,J128,352470,3525134391097,4,8.5,4.5
28,3,06,02,J180,355240,3525104753115,2,6.6,4.6
3,1,06,02,J189,350950,3525118444793,3,5.4,2.4
1,3,05,02,J219,350950,3525118409054,2,5.3,3.3
6,3,08,02,J21,353650,3525126442607,7,5.1,1.9
65,1,02,02,J459,355240,3525116093477,3,8.4,5.4
14,1,04,02,J210,355240,3525118898500,5,6.3,1.3
55,3,08,02,J189,350950,3525121249826,13,8.2,4.8
26,1,10,01,J342,352340,3525111580573,1,1.5,0.5
4,1,03,02,J459,350950,3525111682180,2,3.3,1.3
1,3,05,02,J219,355240,3525120495006,2,5.3,3.3
54,3,08,02,J189,351280,3525126844063,8,8.2,0.2
50,1,11,01,J969,354580,3525135172273,4,6.9,2.9
71,3,08,02,J930,350950,3525121255348,3,9.7,6.7
71,1,01,02,J18,350950,3524130869644,9,8.5,0.5
42,3,08,02,J180,350950,3525121262322,2,7.6,5.6
75,3,08,02,J189,353650,3525126438823,5,8.5,3.5
6,3,04,02,J22,350950,3525118384414,4,5.1,1.1
2,3,07,02,J960,350950,3525121194573,10,7.3,2.7
74,1,03,02,J189,350950,3525111659784,9,8.5,0.5
84,3,04,02,J189,353710,3525117221681,3,8.1,5.1
34,3,02,02,J459,350950,3525111645440,2,6.6,4.6
67,1,06,02,J188,350950,3525118459962,6,8.5,2.5
44,1,03,02,J459,353650,3525116096887,3,6.7,3.7
80,3,04,02,J189,353650,3525118895804,2,7.8,5.8
72,1,05,02,J181,353340,3525121419523,9,8.5,0.5
5,3,12,02,J188,350950,3525135794422,16,5.3,10.7
6,1,07,02,J158,354580,3525118991119,3,5.1,2.1
1,3,05,02,J180,350950,3525118405017,3,5.3,2.3
67,1,03,02,J189,350950,3525111673710,4,8.5,4.5
3,3,05,02,J210,354580,3525118975642,4,5.4,1.4
79,1,04,02,J441,350950,3525104692384,18,8.4,9.6
55,3,08,02,J449,351907,3525128998160,5,6.4,1.4
4,3,03,02,J219,352050,3525117274855,2,5.4,3.4
2,1,12,02,J960,350950,3525135815245,2,8.4,6.4
59,1,06,02,J80,350950,3525118443737,14,12.1,1.9
48,1,03,02,J189,355620,3525116075877,3,8.6,5.6
74,3,10,02,J448,354580,3525134323667,3,8.1,5.1
66,3,09,01,J958,353710,3525104455576,2,6.8,4.8
1,1,10,02,J219,350950,3525128186855,3,5.4,2.4
4,3,06,02,J80,350950,3525118452119,6,7.2,1.2
2,3,08,02,J451,350950,3525121256591,6,3.4,2.6
2,3,08,02,J210,353340,3525130494875,5,5.3,0.3
8,3,07,02,J189,355620,3525125776865,5,5.1,0.1
3,3,06,02,J159,350950,3525118465209,5,5.4,0.4
1,3,05,02,J159,350950,3525118404313,6,5.3,0.7
19,3,04,01,J342,352050,3525104687324,1,1.5,0.5
53,1,04,02,J18,353180,3525120886155,8,8.5,0.5
85,1,10,02,J189,350950,3525128202915,3,7.7,4.7
28,1,10,01,J36,350950,3525128198658,4,1.6,2.4
9,1,05,02,J459,351907,3525124265828,4,3.2,0.8
10,1,08,02,J180,350950,3525121248462,4,5.0,1.0
20,1,11,02,J90,350950,3525135785996,11,7.7,3.3
3,3,07,02,J180,355240,3525104395461,5,5.4,0.4
2,3,06,02,J189,354580,3525118982748,3,5.3,2.3
2,3,05,02,J189,350950,3525118405688,3,5.3,2.3
2,3,11,02,J459,350950,3525128241063,2,3.4,1.4
2,1,04,02,J189,350950,3525111697943,20,5.5,14.5
2,1,11,02,J219,353650,3525135268171,5,5.5,0.5
5,3,06,02,J459,351907,3525124269546,4,3.2,0.8
68,3,04,01,J323,354580,3525104325336,2,1.4,0.6
5,1,04,02,J210,350950,3525118391840,3,5.3,2.3
7,1,03,02,J431,350950,3525111685953,4,3.2,0.8
1,1,07,02,J159,355670,3525114268896,7,5.5,1.5
90,3,12,02,J158,350950,3525104981410,6,7.4,1.4
6,1,05,02,J219,350950,3525118411375,3,5.1,2.1
78,3,02,02,J80,355620,3525116074645,2,9.6,7.6
24,3,08,01,J381,350950,3525104409849,1,1.5,0.5
89,3,01,02,J440,350950,3524130872889,30,8.2,21.8
1,3,10,02,J180,350950,3525133623869,3,5.3,2.3
38,1,07,02,J81,352340,3525111566284,1,8.5,7.5
5,3,09,02,J180,351907,3525104869320,8,5.3,2.7
81,1,04,02,J441,350950,3525111690287,1,8.1,7.1
1,1,05,02,J068,350950,3525118419251,2,3.0,1.0
5,1,04,02,J210,353340,3525114059797,1,5.3,4.3
40,3,08,02,J91,353180,3525126072281,6,8.1,2.1
69,3,06,02,J189,350950,3525118450854,1,8.5,7.5
55,1,01,02,J81,350950,3524130860811,1,10.7,9.7
58,1,12,02,J158,350950,3525135791133,8,9.2,1.2
2,3,03,02,J189,350950,3525111666725,5,5.3,0.3
5,1,10,02,J180,350160,3525131766662,8,5.3,2.7
3,3,08,02,J218,350950,3525121228387,11,5.4,5.6
4,1,09,02,J80,350950,3525121271936,3,7.2,4.2
68,3,11,02,J441,354580,3525104491777,32,8.2,23.8
1,1,06,02,J960,350950,3525118454870,18,7.9,10.1
2,1,09,02,J219,353650,3525126443124,3,5.5,2.5
3,1,04,02,J210,350950,3525118391157,4,5.4,1.4
87,3,07,02,J81,352470,3525124149360,6,8.5,2.5
23,3,06,02,J189,350950,3525118447092,4,6.5,2.5
73,3,06,02,J441,350950,3525118440503,2,7.9,5.9
4,3,11,02,J960,355240,3525104492272,2,7.1,5.1
83,1,04,02,J189,352470,3525117280751,8,7.9,0.1
66,1,06,02,J159,350950,3525118460633,3,8.4,5.4
1,1,05,02,J218,351907,3525121409568,7,5.4,1.6
2,3,11,02,J219,355240,3525104938498,6,5.3,0.7
5,1,08,02,J180,355240,3525104833305,8,5.3,2.7
79,1,07,02,J159,350950,3525121202780,7,8.1,1.1
4,3,09,02,J219,350950,3525123477238,3,5.4,2.4
89,1,06,02,J189,350950,3525118455188,4,7.3,3.3
73,3,04,02,J938,355620,3525116077879,11,9.7,1.3
28,1,05,01,J351,352340,3525104738309,2,1.6,0.4
3,1,10,02,J459,350950,3525104459690,4,3.3,0.7
56,1,03,02,J189,352050,3525116045385,5,9.3,4.3
36,1,06,02,J953,352050,3525111481232,6,9.0,3.0
80,3,07,02,J449,355670,3525114267631,6,7.6,1.6
74,1,09,02,J960,350950,3525104431365,17,9.9,7.1
4,3,12,02,J180,350160,3525136713923,1,5.4,4.4
2,3,08,02,J189,350950,3525121235306,4,5.3,1.3
2,3,05,02,J188,350950,3525118423805,15,5.3,9.7
80,1,05,02,J449,353650,3525120494830,15,8.1,6.9
21,3,05,02,J188,350950,3525117352746,2,5.6,3.6
90,3,05,02,J128,350950,3525120494500,2,7.4,5.4
11,1,04,02,J960,355240,3525118893000,2,6.1,4.1
9,3,09,02,J80,350950,3525128155956,4,6.3,2.3
85,1,06,02,J189,351515,3525120632682,7,7.5,0.5
3,1,07,02,J459,351907,3525104793386,4,3.3,0.7
94,3,03,02,J168,353180,3525114363727,3,7.0,4.0
7,1,02,02,J159,352050,3525111483135,7,5.2,1.8
9,3,09,02,J960,350950,3525104446358,3,6.3,3.3
71,3,10,02,J189,352340,3525111584291,3,8.5,5.5
1,1,05,02,J210,352050,3525119139510,3,5.4,2.4
24,1,11,02,J180,350950,3525135786580,8,6.7,1.3
2,3,02,02,J180,350950,3525111646870,7,5.3,1.7
38,3,06,02,J180,350160,3525121521867,5,7.1,2.1
11,1,07,02,J219,350950,3525118449193,30,5.0,25.0
3,1,10,02,J189,355620,3525133622230,2,5.4,3.4
9,3,08,02,J459,351907,3525129000206,2,3.2,1.2
56,1,07,01,J90,355620,3525104393570,21,7.4,13.6
4,1,06,02,J960,351907,3525104754688,15,7.2,7.8
6,1,02,02,J459,350380,3524102888988,5,3.2,1.8
65,1,08,02,J189,353710,3525125772454,7,8.4,1.4
23,1,01,02,J391,350950,3524102878626,3,3.5,0.5
26,1,09,02,J931,352050,3525126528902,4,8.0,4.0
1,3,09,02,J189,350950,3525128153228,8,5.4,2.6
5,1,04,02,J218,350950,3525118390706,1,5.3,4.3
4,1,12,02,J930,350950,3525135795665,3,7.2,4.2
10,3,05,02,J218,351907,3525121409436,5,5.1,0.1
52,3,08,02,J189,352470,3525130106355,7,8.2,1.2
42,1,04,02,J189,352470,3525119541757,7,9.0,2.0
66,3,10,02,J459,350950,3525121270176,19,7.8,11.2
27,3,09,02,J459,352050,3525126532235,1,5.0,4.0
1,1,09,02,J128,350160,3525131757840,1,5.5,4.5
49,3,08,02,J039,352050,3525126514767,1,4.2,3.2
5,1,08,02,J960,354580,3525104426723,14,6.7,7.3
3,3,11,02,J219,350950,3525128233891,3,5.4,2.4
70,3,05,02,J189,355620,3525121147273,7,8.5,1.5
4,3,05,02,J219,350950,3525118414720,3,5.4,2.4
6,1,08,02,J960,353650,3525126442673,3,6.7,3.7
23,1,09,02,J219,350950,3525128157353,2,6.7,4.7
71,3,10,02,J852,351280,3525104474793,5,9.9,4.9
19,1,10,02,J210,350950,3525128192950,12,6.6,5.4
75,1,11,02,J938,350950,3525104507397,14,10.2,3.8
6,1,07,02,J960,351907,3525104794849,29,6.7,22.3
94,1,06,02,J440,350950,3525121175807,15,6.5,8.5
67,1,01,02,J158,350950,3525111613420,3,8.5,5.5
1,1,10,01,J459,352340,3525104472846,1,4.8,3.8
60,3,12,02,J18,350950,3525135793487,2,8.9,6.9
61,1,03,02,J180,353710,3525111699660,5,8.8,3.8
2,3,07,02,J459,350950,3525104400807,3,3.4,0.4
65,1,06,02,J189,354580,3525118976841,13,8.4,4.6
30,3,09,01,J350,352050,3525104886798,2,1.6,0.4
1,1,09,02,J180,354580,3525104867724,2,5.5,3.5
91,3,09,02,J188,350950,3525121269439,7,7.2,0.2
6,3,10,02,J960,355240,3525133193296,3,6.5,3.5
54,1,06,02,J93,350950,3525118450788,1,10.6,9.6
20,3,12,02,J36,351907,3525135791474,2,3.2,1.2
11,1,08,02,J36,350950,3525104415129,7,3.4,3.6
22,1,12,02,J36,350950,3525135800384,2,3.5,1.5
94,1,03,02,J189,352470,3525117279607,3,7.4,4.4
3,3,02,02,J219,350950,3524102901253,7,5.4,1.6
1,1,11,02,J219,354580,3525104936420,3,5.4,2.4
2,1,05,02,J219,355240,3525118900028,3,5.5,2.5
36,3,01,02,J189,352470,3525111768134,12,8.2,3.8
2,3,04,02,J189,355620,3525118469642,4,5.3,1.3
65,1,01,02,J159,352050,3524131576460,7,8.4,1.4
11,1,06,02,J219,350950,3525118459049,6,5.0,1.0
60,3,11,02,J80,350950,3525128233517,2,10.9,8.9
22,3,01,01,J342,355240,3525104597707,1,1.5,0.5
75,3,06,02,J449,353340,3525121420909,7,7.9,0.9
64,3,07,02,J189,354580,3525118985014,18,8.3,9.7
1,1,10,02,J218,354580,3525128657677,3,5.4,2.4
84,3,06,02,J449,350160,3525121525970,10,8.6,1.4
80,1,06,02,J189,354580,3525118984629,6,7.9,1.9
51,1,11,02,J704,350950,3525104500830,8,10.4,2.4
6,3,07,02,J218,351907,3525127043119,4,5.1,1.1
1,1,05,02,J219,350950,3525118405150,2,5.4,3.4
70,1,09,01,J381,355240,3525104445808,1,1.0,0.0
3,1,10,02,J189,355620,3525128560129,7,5.4,1.6
4,3,12,02,J218,351907,3525136920162,4,5.4,1.4
34,3,01,02,J180,355670,3524102991112,3,7.3,4.3
1,3,04,02,J069,355240,3525118898752,2,3.4,1.4
89,3,07,02,J110,352340,3525111564051,1,7.4,6.4
6,1,02,02,J459,351907,3525104627506,3,3.2,0.2
9,3,03,02,J189,352050,3525111485258,5,5.1,0.1
41,1,01,02,J181,350950,3524130869590,11,8.3,2.7
9,3,12,02,J459,355240,3525104964359,4,3.2,0.8
6,3,09,02,J960,350380,3525104446820,4,6.6,2.6
58,3,09,02,J188,350950,3525128164350,10,8.4,1.6
60,1,09,02,J849,355240,3525104837353,7,11.5,4.5
10,3,08,02,J390,350950,3525121260870,5,3.6,1.4
87,3,11,02,J690,352470,3525134391691,3,8.5,5.5
85,3,05,02,J189,355620,3525118470764,18,7.8,10.2
1,1,11,02,J80,350950,3525128245551,5,8.1,3.1
41,3,07,01,J351,355670,3525104806510,2,1.7,0.3
2,1,09,02,J218,354580,3525128649845,1,5.5,4.5
71,3,07,02,J168,353180,3525126070961,5,8.5,3.5
11,3,09,02,J068,352050,3525131781644,1,3.4,2.4
69,3,01,02,J189,355620,3525111814939,8,8.5,0.5
62,3,03,02,J459,350950,3525111686437,4,7.2,3.2
87,1,03,02,J159,354580,3525111504442,4,7.4,3.4
2,3,03,02,J100,352050,3525116057870,4,5.3,1.3
1,1,12,02,J969,352050,3525136898790,1,8.1,7.1
8,1,03,02,J219,350950,3525111657947,4,5.1,1.1
44,1,11,02,J181,353340,3525130497702,9,8.0,1.0
5,3,07,02,J459,350950,3525121189645,2,3.2,1.2
6,1,07,02,J80,350950,3525121208620,2,6.7,4.7
2,1,01,02,J189,351905,3524130864683,16,5.5,10.5
25,3,10,02,J350,350950,3525128224134,2,3.4,1.4
1,1,07,02,J219,350950,3525121188160,4,5.5,1.5
33,1,01,02,J129,352340,3525111531293,8,8.5,0.5
7,1,12,02,J219,352470,3525135933253,1,5.2,4.2
68,1,04,02,J449,353650,3525118897168,2,8.4,6.4
8,1,05,02,J189,352050,3525119125814,3,5.1,2.1
76,1,04,01,J330,351280,3525104324050,3,2.1,0.9
8,1,06,02,J459,350950,3525118455166,2,3.2,1.2
79,3,08,02,J189,350950,3525121250299,2,8.0,6.0
6,3,12,02,J218,352340,3525111593290,2,5.1,3.1
27,3,05,02,J959,350950,3525104346214,2,8.3,6.3
1,1,06,02,J069,351907,3525104749298,6,3.0,3.0
12,3,08,02,J219,352470,3525128320307,3,6.2,3.2
3,1,06,02,J041,355240,3525104373770,2,3.3,1.3
1,3,09,02,J459,350950,3525128166450,4,3.9,0.1
4,3,08,02,J159,350950,3525121248770,4,5.4,1.4
77,3,01,02,J81,350950,3525111614739,4,9.4,5.4
7,1,04,02,J459,350950,3525104332255,1,3.2,2.2
3,1,01,02,J80,350950,3524130871866,15,7.2,7.8
79,1,07,02,J189,351907,3525127043207,4,8.1,4.1
47,3,05,02,J180,350950,3525118398659,6,8.0,2.0
68,3,09,02,J860,353200,3525113709623,12,9.6,2.4
2,1,11,02,J960,353650,3525135270635,2,8.4,6.4
91,1,07,02,J189,352340,3525111562016,7,7.2,0.2
56,1,08,02,J159,350950,3525104406285,9,9.5,0.5
66,3,11,02,J189,355670,3525123489404,5,8.3,3.3
28,1,10,02,J90,352340,3525111584720,6,8.2,2.2
2,3,05,02,J189,354800,3525119542637,7,5.3,1.7
1,1,07,02,J210,351907,3525127045484,7,5.5,1.5
92,1,11,02,J189,353650,3525135271581,1,7.0,6.0
4,3,09,02,J219,353710,3525130108588,5,5.4,0.4
2,1,04,02,J189,354580,3525118975147,2,5.5,3.5
15,1,05,02,J399,350950,3525104348910,3,3.3,0.3
70,3,07,02,J960,354580,3525118991890,6,9.7,3.7
42,3,06,02,J189,350950,3525104375837,2,7.6,5.6
2,1,06,02,J180,350950,3525119147946,6,5.5,0.5
71,1,01,02,J449,350950,3525111613221,6,8.4,2.4
9,1,04,02,J210,350950,3525118367914,5,5.1,0.1
80,3,05,02,J91,350160,3525121521009,27,9.5,17.5
53,1,11,01,J959,350380,3525104494703,7,6.5,0.5
1,1,12,02,J80,350950,3525135790880,4,8.1,4.1
5,1,07,02,J210,352050,3525122793600,5,5.3,0.3
70,1,02,02,J441,352050,3525111473851,18,9.2,8.8
62,1,09,02,J189,353650,3525133189765,7,8.8,1.8
13,1,12,02,J159,350950,3525135808326,14,6.1,7.9
74,3,06,02,J159,355670,3525114263429,11,8.4,2.6
77,1,03,02,J189,353340,3525114058279,7,7.9,0.9
64,1,03,02,J36,350950,3525111672885,2,4.6,2.6
68,3,06,01,J342,355240,3525118109194,1,1.4,0.4
22,3,06,02,J210,350380,3525104544093,15,6.6,8.4
73,3,01,02,J969,354580,3525111498469,7,9.7,2.7
1,1,09,02,J050,350950,3525121267338,4,3.0,1.0
7,1,05,02,J210,352470,3525121329830,2,5.2,3.2
20,1,06,02,J218,350950,3525118457190,7,6.6,0.4
89,1,08,02,J178,350160,3525125933538,28,7.3,20.7
2,1,07,02,J960,350950,3525121199842,10,8.4,1.6
79,3,08,02,J189,355620,3525125781309,9,8.0,1.0
9,3,05,02,J960,350950,3525118422991,11,6.3,4.7
47,1,02,02,J189,352340,3525111534197,5,8.6,3.6
62,1,05,02,J180,350160,3525118636490,9,8.7,0.3
83,3,02,02,J189,354580,3525111499173,3,7.8,4.8
32,3,07,02,J189,354800,3525121464227,13,7.4,5.6
39,3,08,02,J960,353340,3525121423516,3,8.1,5.1
1,3,06,02,J210,353180,3525104754050,9,5.4,3.6
14,1,08,02,J219,355240,3525104832227,5,6.3,1.3
12,1,04,02,J459,351907,3525119451007,4,3.2,0.8
69,1,04,02,J189,353710,3525117221208,4,8.5,4.5
76,3,05,02,J159,350950,3525114259238,1,8.6,7.6
8,3,10,02,J459,353180,3525104918632,3,3.2,0.2
3,1,06,02,J80,350950,3525118452966,18,7.2,10.8
70,1,02,02,J90,354580,3525111502495,4,10.2,6.2
76,1,04,02,J180,350950,3525111697690,5,8.6,3.6
7,1,05,02,J159,350950,3525118408570,5,5.2,0.2
7,1,08,01,J352,352340,3525111572466,1,1.5,0.5
10,1,06,02,J451,350950,3525118464747,2,3.1,1.1
40,1,09,01,J342,352340,3525104901252,2,1.6,0.4
87,3,05,02,J449,352470,3525119542439,11,7.4,3.6
5,3,06,02,J210,353650,3525120496975,4,5.3,1.3
65,3,12,02,J44,350950,3525135793971,2,7.6,5.6
62,3,10,02,J180,350950,3525128190419,3,8.8,5.8
45,3,07,02,J189,355620,3525125776326,10,7.8,2.2
68,3,06,02,J189,352340,3525111555328,6,8.5,2.5
52,1,10,02,J390,350160,3525104467280,1,4.4,3.4
56,1,07,02,J189,350160,3525125928368,3,9.5,6.5
91,3,11,02,J189,350950,3525128230426,5,7.0,2.0
96,3,12,02,J159,355670,3525123494508,8,7.2,0.8
1,1,08,02,J80,350950,3525121227870,4,7.9,3.9
77,3,01,02,J45,350950,3525111603992,5,7.2,2.2
1,3,09,02,J960,350950,3525104446391,3,7.5,4.5
41,3,02,02,J93,353650,3525116090331,25,7.9,17.1
91,1,07,02,J189,352050,3525122801520,8,7.2,0.8
31,3,07,02,J159,350950,3525121190074,3,6.9,3.9
13,1,01,02,J459,353650,3524102866416,12,3.2,8.8
1,1,09,02,J180,352050,3525126534325,4,5.5,1.5
77,3,08,02,J189,350160,3525128573230,1,7.8,6.8
70,1,02,02,J930,350950,3525111617764,7,10.2,3.2
1,3,04,02,J960,355620,3525118472205,2,7.5,5.5
74,1,06,02,J158,353340,3525121421305,6,8.5,2.5
53,1,04,02,J189,353710,3525117221197,6,8.5,2.5
80,3,12,02,J449,352050,3525134286454,9,7.6,1.4
3,3,05,02,J431,350950,3525118423893,2,3.2,1.2
63,3,07,02,J441,350950,3525121212657,4,7.7,3.7
71,1,02,01,J958,355240,3525104625944,1,7.6,6.6
75,3,11,02,J181,353340,3525130498758,14,8.6,5.4
6,3,05,02,J159,350950,3525118404401,16,5.1,10.9
1,3,07,02,J960,353710,3525104399993,10,7.5,2.5
1,1,09,02,J459,350950,3525121272244,3,4.1,1.1
83,1,10,02,J960,350160,3525134324426,4,9.8,5.8
73,3,09,02,J441,350950,3525128178825,2,7.9,5.9
3,1,07,02,J180,354580,3525118991120,2,5.4,3.4
1,3,06,02,J209,350950,3525118443066,4,5.4,1.4
82,3,04,02,J80,350950,3525111696843,9,9.5,0.5
21,1,08,02,J159,350160,3525128570250,6,7.0,1.0
24,3,03,01,J342,351280,3525104659472,1,1.5,0.5
68,1,01,02,J189,353180,3525114199640,8,8.5,0.5
96,3,09,02,J159,355670,3525123475797,3,7.1,4.1
9,1,03,02,J180,350950,3525111670180,4,5.1,1.1
3,3,04,02,J180,350950,3525118396646,5,5.4,0.4
64,3,12,02,J44,350950,3525135827455,3,7.6,4.6
80,1,07,02,J189,355620,3525125777602,3,7.9,4.9
7,1,12,02,J80,350950,3525135800318,16,6.3,9.7
66,1,03,02,J91,350950,3525111654229,24,9.6,14.4
24,3,11,01,J323,352470,3525104874050,1,1.5,0.5
3,3,05,02,J210,354580,3525118977061,5,5.4,0.4
77,1,06,02,J189,353340,3525121420502,2,7.9,5.9
55,1,11,02,J955,355240,3525104501677,2,10.7,8.7
78,3,12,02,J189,352340,3525111591375,6,8.1,2.1
71,1,12,02,J90,350950,3525104981970,3,10.3,7.3
8,1,05,02,J219,350950,3525118407668,1,5.1,4.1
1,1,02,02,J068,350950,3525111624518,1,3.0,2.0
51,3,01,02,J189,350950,3524130865662,5,8.4,3.4
2,1,04,02,J188,350950,3525118372017,7,5.5,1.5
94,1,10,02,J448,354580,3525128650626,3,6.5,3.5
67,3,10,02,J91,350160,3525134324404,8,9.4,1.4
66,1,03,02,J960,350950,3525111663360,12,9.6,2.4
91,1,07,02,J91,350950,3525121199358,2,7.1,5.1
3,1,05,02,J210,355670,3525114257214,4,5.4,1.4
58,1,01,02,J171,350950,3525111608502,5,9.2,4.2
3,1,03,02,J431,350950,3525111682906,1,3.3,2.3
56,3,08,02,J90,352050,3525126512391,3,9.8,6.8
4,3,11,02,J960,350950,3525128226939,14,7.1,6.9
46,1,06,02,J189,353180,3525120888630,2,8.2,6.2
6,3,07,02,J960,350950,3525121217728,7,6.6,0.4
2,3,05,02,J210,350160,3525118636017,6,5.3,0.7
2,1,10,02,J984,355620,3525133623583,4,8.4,4.4
5,1,08,02,J955,351907,3525104427218,13,6.7,6.3
5,3,02,02,J36,353650,3525116091519,2,3.4,1.4
61,3,07,02,J81,354580,3525118982616,12,11.3,0.7
69,1,05,02,J440,350950,3525118438556,8,8.8,0.8
52,1,10,02,J80,350950,3525128217116,3,10.4,7.4
1,1,04,02,J218,353340,3525114059698,6,5.4,0.6
76,1,12,02,J441,350950,3525135799537,9,8.6,0.4
2,3,05,02,J219,350950,3525118416853,2,5.3,3.3
91,3,01,02,J449,352050,3524131575790,12,7.5,4.5
9,1,03,02,J219,355670,3524132028549,3,5.1,2.1
71,1,03,02,J189,355620,3525116076471,7,8.5,1.5
14,1,07,02,J450,350950,3525121197609,2,3.3,1.3
1,3,07,02,J189,355620,3525125779571,3,5.4,2.4
7,1,05,02,J22,355240,3525118897190,11,5.2,5.8
20,3,04,02,J210,353650,3525118897212,5,6.4,1.4
5,3,07,02,J210,350950,3525121215858,10,5.3,4.7
76,1,10,02,J988,350160,3525134324525,12,10.0,2.0
1,1,02,02,J960,350950,3525111629138,5,8.1,3.1
69,3,09,02,J189,350950,3525128155648,5,8.5,3.5
10,3,11,02,J069,355240,3525135268600,5,3.4,1.6
85,3,09,02,J189,352050,3525131780236,6,7.8,1.8
63,1,04,02,J440,350950,3525118392830,4,7.8,3.8
56,1,08,02,J189,352050,3525126513007,4,9.5,5.5
6,1,04,02,J960,350950,3525118390410,8,6.6,1.4
3,3,04,02,J218,350950,3525118390442,8,5.4,2.6
89,3,07,02,J189,350950,3525121223976,5,7.4,2.4
88,3,03,02,J180,350950,3524102913122,8,7.4,0.6
1,3,07,02,J40,350950,3525121212129,11,3.9,7.1
68,1,11,02,J189,350950,3525135785567,3,8.5,5.5
1,1,03,02,J960,350950,3525111682720,1,8.1,7.1
86,1,12,02,J180,350950,3525135815223,3,7.4,4.4
10,1,04,02,J219,350950,3525118378837,9,5.0,4.0
6,1,07,02,J218,351907,3525127043405,3,5.1,2.1
1,3,08,02,J219,350950,3525121234448,8,5.4,2.6
46,3,06,02,J110,352340,3525111557803,15,7.9,7.1
77,3,11,02,J189,355620,3525133624628,9,7.8,1.2
3,1,04,02,J180,355240,3525104695079,5,5.4,0.4
17,3,02,02,J188,350950,3524130879731,5,6.5,1.5
3,1,03,02,J189,350950,3524132031618,4,5.4,1.4
90,3,06,02,J90,354580,3525104755546,16,8.5,7.5
27,1,07,01,J343,352050,3525104800184,1,1.6,0.6
3,3,05,02,J218,350950,3525118417700,8,5.4,2.6
5,3,06,02,J459,350950,3525118447818,4,3.2,0.8
1,3,05,02,J219,350950,3525104335203,1,5.3,4.3
2,1,07,02,J180,355240,3525104794728,3,5.5,2.5
1,3,03,02,J960,350950,3525111664888,8,7.5,0.5
2,3,11,02,J969,350950,3525128243494,2,7.2,5.2
28,3,05,02,J969,350950,3525118398516,6,7.8,1.8
3,3,06,02,J91,350950,3525121177171,14,7.2,6.8
8,1,05,02,J189,353650,3525120494940,4,5.1,1.1
77,1,03,02,J189,350160,3525116087900,5,7.9,2.9
58,1,03,02,J189,351280,3525117218106,5,9.2,4.2
7,1,05,02,J210,353650,3525118899456,6,5.2,0.8
6,1,04,02,J210,350950,3525118396052,21,5.1,15.9
45,1,10,02,J960,352050,3525131795911,9,10.1,1.1
71,1,02,02,J960,353180,3525114362891,1,10.3,9.3
4,3,03,02,J459,355240,3525104655920,3,3.2,0.2
1,3,08,02,J960,350950,3525121242984,1,7.5,6.5
69,3,09,02,J80,350950,3525128159256,5,9.7,4.7
1,1,10,02,J189,355620,3525133620910,5,5.4,0.4
78,3,12,02,J189,351280,3525134934190,3,8.1,5.1
1,3,08,02,J80,350950,3525121262157,30,7.5,22.5
6,3,01,02,J188,350950,3524130842496,1,5.1,4.1
5,3,05,02,J459,351907,3525104719026,3,3.2,0.2
5,1,07,02,J960,350950,3525121202229,4,6.7,2.7
68,1,05,02,J18,350950,3525118415632,11,8.5,2.5
2,1,12,02,J961,351907,3525135820701,7,8.4,1.4
3,3,11,02,J159,355670,3525123487908,3,5.4,2.4
64,3,02,01,J869,351280,3524102890760,13,6.8,6.2
5,1,07,02,J219,350950,3525121219532,6,5.3,0.7
5,3,12,02,J180,350950,3525135808469,24,5.3,18.7
7,1,01,02,J189,350950,3524130869083,5,5.2,0.2
52,1,01,02,J189,353650,3525111770433,5,9.0,4.0
56,3,06,02,J91,350950,3525118450568,7,9.8,2.8
1,1,06,02,J960,350950,3525118450337,3,7.9,4.9
67,1,06,02,J90,352050,3525122789815,17,9.8,7.2
2,1,07,02,J960,353710,3525104404525,7,8.4,1.4
33,1,11,02,J159,353650,3525135272274,11,8.5,2.5
56,1,12,01,J342,353180,3525104941336,1,1.6,0.6
73,1,06,02,J159,352470,3525121331259,8,8.5,0.5
4,3,04,02,J210,355240,3525104692550,5,5.4,0.4
2,1,10,02,J188,352470,3525128187075,14,5.5,8.5
4,1,05,02,J960,350950,3525118436840,34,7.2,26.8
6,1,08,02,J80,350950,3525121242665,3,6.7,3.7
70,1,01,02,J180,350950,3525111613397,6,8.5,2.5
6,1,11,02,J219,350950,3525123486621,5,5.1,0.1
10,3,03,02,J459,350950,3525111657716,2,3.2,1.2
75,1,05,02,J960,353200,3525104342750,10,10.2,0.2
13,1,01,02,J459,353340,3525114056156,2,3.2,1.2
78,3,11,02,J189,352340,3525111587690,1,8.1,7.1
7,1,09,02,J180,350950,3525104432949,10,5.0,5.0
93,3,07,02,J189,352340,3525111564931,4,7.2,3.2
36,3,04,02,J180,353200,3525113708370,3,8.2,5.2
43,1,04,02,J988,355670,3525114249899,7,8.7,1.7
61,3,09,01,J960,354580,3525122291207,15,7.6,7.4
1,1,08,02,J00,353650,3525126438900,1,3.0,2.0
43,1,03,02,J942,355240,3525106614656,23,8.7,14.3
66,1,10,02,J439,351515,3525128482942,6,8.4,2.4
1,3,11,02,J960,350950,3525128245166,1,7.5,6.5
69,3,07,02,J459,350950,3525121199952,9,8.6,0.4
40,3,08,02,J960,353180,3525126072260,2,8.1,6.1
9,3,12,02,J938,355620,3525104512644,3,6.3,3.3
23,1,11,02,J159,350950,3525104507090,2,6.7,4.7
12,1,07,02,J960,355240,3525104799612,8,6.7,1.3
63,1,05,02,J44,350950,3525118406777,3,7.8,4.8
1,1,10,02,J989,354580,3525128653387,3,8.1,5.1
10,3,12,02,J91,352050,3525136899075,2,6.2,4.2
26,1,05,01,J342,350950,3525118410352,1,1.5,0.5
15,3,07,02,J210,350950,3525121225307,1,6.4,5.4
33,3,10,02,J158,350950,3525128215213,19,8.2,10.8
75,1,04,02,J189,350950,3524102915190,11,8.6,2.4
40,3,02,02,J189,354580,3525111502121,5,6.6,1.6
4,3,06,02,J189,355620,3525125774874,4,5.4,1.4
61,1,02,02,J18,350950,3525111630766,19,8.8,10.2
11,3,12,02,J339,350950,3525135815190,7,3.5,3.5
38,3,07,02,J189,351907,3525127042756,11,7.1,3.9
8,3,02,02,J188,350950,3525111631833,2,5.1,3.1
2,3,04,02,J180,350950,3525118392510,4,5.3,1.3
10,1,06,02,J189,355240,3525121178062,22,5.0,17.0
75,1,07,02,J128,352050,3525122782423,29,8.6,20.4
5,1,10,02,J459,350950,3525128204279,3,3.2,0.2
9,3,07,02,J459,350950,3525104392502,1,3.2,2.2
9,3,05,02,J210,351907,3525104719191,2,5.1,3.1
32,1,06,01,J348,354580,3525118099393,1,1.6,0.6
46,3,02,01,J330,352050,3524102899361,2,1.6,0.4
4,1,09,02,J459,350950,3525128172050,6,3.3,2.7
3,1,12,02,J459,350950,3525135805268,2,3.3,1.3
68,1,06,02,J449,350950,3525121177260,8,8.4,0.4
7,3,08,02,J459,351907,3525129000547,3,3.2,0.2
6,1,10,02,J459,352470,3525104459382,3,3.2,0.2
77,1,10,02,J930,350950,3525128219800,6,9.7,3.7
9,3,11,02,J459,350950,3525128244770,4,3.2,0.8
4,3,07,02,J91,351905,3525104800426,27,7.2,19.8
82,1,10,02,J180,350950,3525128215290,19,7.9,11.1
55,3,08,02,J459,350950,3525104424226,5,6.4,1.4
34,1,05,02,J159,352050,3525119125594,2,8.3,6.3
53,1,05,02,J189,350950,3525120614807,6,8.5,2.5
69,1,07,02,J189,350950,3525121224086,7,8.6,1.6
9,1,08,02,J960,350950,3525126441298,2,6.2,4.2
1,3,02,02,J041,350950,3524102889362,1,3.4,2.4
68,1,06,02,J441,350950,3525104369391,1,8.4,7.4
51,1,01,02,J960,353650,3525111778100,12,10.4,1.6
71,3,09,02,J18,350950,3525128154295,13,8.5,4.5
1,3,04,02,J210,353650,3525118896849,2,5.3,3.3
66,1,05,02,J180,352050,3525119141511,5,8.4,3.4
79,1,08,02,J189,355620,3525125780055,11,8.1,2.9
1,1,02,02,J960,350950,3525111640237,4,8.1,4.1
66,1,08,02,J989,355240,3525126443520,3,9.7,6.7
2,3,12,02,J459,353340,3525136997360,3,3.4,0.4
9,1,09,02,J100,353710,3525104444422,10,5.0,5.0
1,3,04,02,J80,350950,3525118386141,5,7.5,2.5
74,1,12,02,J80,350950,3525135810075,2,9.9,7.9
88,1,06,02,J159,352050,3525119137518,18,7.3,10.7
92,3,08,02,J189,350950,3525121243215,11,7.2,3.8
86,3,03,02,J189,355670,3525114247040,2,7.4,5.4
80,1,03,02,J189,353710,3525111699880,4,7.9,3.9
59,1,10,01,J938,350950,3525128223573,1,7.5,6.5
1,1,08,02,J80,350950,3525121254369,4,7.9,3.9
2,3,02,02,J189,355620,3525116074414,4,5.3,1.3
68,3,01,02,J449,350950,3525111613265,3,8.2,5.2
54,1,07,02,J069,351907,3525104401962,9,4.3,4.7
8,1,02,02,J960,350950,3525104627495,3,6.2,3.2
77,1,05,02,J960,355240,3525118899885,8,9.7,1.7
5,3,10,02,J180,351907,3525104877151,11,5.3,5.7
50,3,07,02,J100,352050,3525122784678,30,8.4,21.6
1,1,09,02,J219,350950,3525128166362,2,5.5,3.5
59,3,01,02,J960,350950,3524130862054,10,10.6,0.6
72,1,12,02,J189,355620,3525135138877,6,8.5,2.5
1,3,11,02,J22,355240,3525135268611,2,5.3,3.3
67,1,04,02,J180,350950,3525118396778,12,8.5,3.5
90,1,12,02,J180,354580,3525135171822,12,7.5,4.5
1,3,01,02,J960,350950,3524102866570,2,7.5,5.5
3,1,01,02,J960,350380,3524102866427,5,7.2,2.2
79,1,11,02,J189,351280,3525134932418,4,8.1,4.1
9,3,05,02,J219,355240,3525104721083,1,5.1,4.1
14,3,05,01,J351,352340,3525104740344,2,1.5,0.5
10,3,04,02,J210,350950,3525118396624,2,5.1,3.1
9,1,05,02,J218,351907,3525124265817,5,5.1,0.1
7,3,11,02,J219,350950,3525128234507,7,5.1,1.9
53,1,09,01,J955,352050,3525104443278,2,6.5,4.5
59,1,05,02,J189,352340,3525111553128,2,9.5,7.5
36,3,10,01,J342,354580,3525104907324,2,1.6,0.4
23,3,02,02,J91,350950,3525111621009,11,7.8,3.2
20,3,12,01,J342,352340,3525111592321,1,1.5,0.5
2,3,09,02,J90,355240,3525104432630,2,7.3,5.3
1,1,12,02,J219,355240,3525104967692,1,5.4,4.4
80,1,07,02,J80,350950,3525121216276,18,10.5,7.5
4,1,09,02,J181,353340,3525130495106,1,5.4,4.4
46,1,04,02,J189,350950,3525118383150,2,8.2,6.2
88,3,06,02,J18,353180,3525120888454,3,7.4,4.4
66,1,11,02,J90,353650,3525125173097,2,9.6,7.6
78,1,05,02,J168,353180,3525120887002,6,8.1,2.1
64,1,02,02,J189,350950,3525111632560,10,8.4,1.6
1,1,05,02,J219,352470,3525121330731,5,5.4,0.4
70,1,09,02,J189,352050,3525126521356,11,8.6,2.4
2,3,07,02,J180,350950,3525121225296,2,5.3,3.3
54,3,03,02,J391,350950,3525114248403,6,4.4,1.6
2,3,10,02,J209,350950,3525128223265,4,5.3,1.3
58,1,02,02,J938,355620,3525111819120,3,11.8,8.8
80,3,01,02,J189,354580,3525111494047,7,7.8,0.8
65,1,01,02,J189,354580,3524131995758,7,8.4,1.4
4,1,08,02,J459,352050,3525126509487,3,3.3,0.3
69,3,05,02,J189,350950,3525118414609,16,8.5,7.5
65,3,06,01,J342,350160,3525104765985,2,1.6,0.4
5,3,04,02,J180,351907,3525104687654,8,5.3,2.7
21,1,02,02,J189,354580,3525111497963,13,7.2,5.8
67,3,04,02,J440,352050,3525116054812,5,7.9,2.9
67,3,10,02,J180,350950,3525128188384,13,8.4,4.6
10,3,06,02,J960,355240,3525104755799,9,6.2,2.8
76,1,12,02,J931,351907,3525134287554,6,10.0,4.0
60,3,05,02,J449,352050,3525119127024,8,7.7,0.3
54,3,05,02,J989,352050,3525119122602,5,9.9,4.9
6,1,06,02,J210,350950,3525118436026,3,5.1,2.1
9,3,11,02,J459,350950,3525128230261,3,3.2,0.2
84,1,06,02,J189,350950,3525121174850,14,7.8,6.2
5,1,07,02,J960,351907,3525104800316,2,6.7,4.7
20,1,08,01,J342,350950,3525118461931,1,1.5,0.5
22,3,04,02,J158,350950,3525104324016,3,6.5,3.5
25,3,04,01,J343,352050,3525104694199,1,1.5,0.5
33,3,08,02,J36,350950,3525121236219,3,4.1,1.1
77,3,03,02,J449,352050,3525116051259,1,7.2,6.2
5,1,07,02,J15,353650,3525126438020,11,5.3,5.7
71,3,07,02,J180,353180,3525104794189,27,8.5,18.5
1,3,03,02,J189,350950,3525111680981,2,5.3,3.3
1,1,06,02,J984,350950,3525118443540,5,7.9,2.9
2,1,07,02,J200,350950,3525121225670,2,5.5,3.5
5,1,05,02,J159,350950,3525104349536,7,5.3,1.7
54,3,05,01,J343,354580,3525104695277,1,1.6,0.6
63,3,10,02,J441,350950,3525104461230,3,7.3,4.3
6,3,05,02,J219,350950,3525118411419,6,5.1,0.9
65,3,01,02,J180,350950,3524130873054,3,8.3,5.3
67,1,08,02,J189,350950,3525121233458,6,8.5,2.5
46,3,10,02,J91,350950,3525128188692,11,9.7,1.3
92,1,10,02,J189,354580,3525128654344,6,7.0,1.0
66,3,11,02,J180,350950,3525128190639,2,8.3,6.3
67,1,01,02,J189,350160,3525112453335,4,8.5,4.5
15,1,01,01,J350,352340,3525104618497,2,1.5,0.5
81,3,02,02,J159,352050,3525111472597,8,7.8,0.2
1,3,04,02,J188,350950,3525118375141,6,5.3,0.7
75,1,09,02,J449,350160,3525131760250,5,8.1,3.1
6,1,03,02,J189,350950,3525111678870,2,5.1,3.1
42,3,06,02,J189,350950,3525121175631,3,7.6,4.6
4,3,12,02,J459,351907,3525135168478,3,3.2,0.2
72,1,10,02,J15,350950,3525128220152,15,8.5,6.5
76,3,05,02,J458,350950,3525118409219,2,8.1,6.1
88,3,06,02,J159,350950,3525104376410,1,7.4,6.4
7,1,10,02,J45,350950,3525128188725,2,3.2,1.2
4,3,10,02,J46,355620,3525128560932,5,3.2,1.8
52,3,01,02,J189,353650,3525111770158,6,8.4,2.4
57,1,09,02,J960,352470,3525104436491,14,9.9,4.1
74,3,07,02,J441,354580,3525118989821,7,7.8,0.8
3,1,10,02,J069,353180,3525104877217,1,3.4,2.4
42,3,12,01,J342,354580,3525501642531,1,1.7,0.7
95,1,09,02,J189,350950,3525128178100,5,6.7,1.7
66,3,09,02,J189,350950,3525128155758,2,8.3,6.3
1,3,10,02,J189,350950,3525128214223,7,5.3,1.7
9,3,09,02,J450,350950,3525128162314,3,3.2,0.2
43,3,11,02,J181,350950,3525128244583,1,6.6,5.6
67,3,07,02,J189,350160,3525125925717,46,8.4,37.6
3,1,07,02,J960,350950,3525104798930,4,7.2,3.2
4,3,05,02,J210,355670,3525114259623,5,5.4,0.4
77,1,02,02,J449,352050,3525111473037,5,8.1,3.1
3,1,07,02,J218,351907,3525127041579,7,5.4,1.6
97,1,06,02,J189,355670,3525114261108,8,6.6,1.4
32,3,07,01,J342,350950,3525104392260,1,1.6,0.6
15,1,07,02,J960,354580,3525104795465,12,7.5,4.5
50,1,07,02,J189,352340,3525111562170,7,8.9,1.9
1,1,03,02,J219,350950,3525116098460,5,5.4,0.4
61,1,05,02,J159,350950,3525104359436,2,8.8,6.8
1,3,02,02,J189,350950,3525111626773,3,5.3,2.3
12,1,03,02,J189,352050,3525116056484,1,6.1,5.1
10,3,11,02,J069,350380,3525135270602,5,3.4,1.6
69,3,05,02,J938,354580,3525104723547,2,9.8,7.8
1,1,07,02,J960,350950,3525121217740,1,7.9,6.9
35,3,06,02,J189,352340,3525111556703,13,7.3,5.7
45,1,01,01,J189,350950,3524101177399,1,9.2,8.2
9,1,06,02,J218,351907,3525124267731,4,5.0,1.0
4,1,07,02,J459,354580,3525118990745,2,3.3,1.3
6,1,02,02,J459,350160,3525116079881,4,3.2,0.8
4,1,07,02,J960,351907,3525104386265,4,7.2,3.2
1,1,06,02,J219,350950,3525121182000,4,5.5,1.5
93,3,04,02,J159,352050,3525116066175,5,7.1,2.1
13,1,04,02,J45,353180,3525120886672,2,3.2,1.2
18,1,07,01,J348,350950,3525501582108,2,1.5,0.5
73,1,11,02,J189,350950,3525128227270,9,8.5,0.5
58,3,07,02,J159,355670,3525114267191,3,8.4,5.4
17,3,08,02,J459,350950,3525121256350,3,3.3,0.3
8,1,05,02,J210,355240,3525118899830,5,5.1,0.1
64,1,02,02,J459,350950,3525111648608,33,8.4,24.6
31,1,02,02,J180,350950,3525101736860,45,7.9,37.1
4,3,07,02,J218,351907,3525104757658,5,5.4,0.4
71,1,08,02,J960,350160,3525104423467,2,10.2,8.2
1,3,12,02,J180,350950,3525104517726,24,5.3,18.7
68,1,04,02,J189,350950,3525111690089,3,8.5,5.5
8,1,05,02,J218,351907,3525124265839,4,5.1,1.1
5,3,04,02,J960,355240,3525118895947,5,6.5,1.5
6,3,12,02,J960,350950,3525135817357,3,6.5,3.5
1,3,01,02,J069,350950,3525111604421,2,3.4,1.4
1,1,09,02,J960,350950,3525104442189,6,7.9,1.9
2,3,05,02,J219,350950,3525118423948,1,5.3,4.3
2,3,10,02,J189,350950,3525128209680,3,5.3,2.3
61,1,01,02,J188,350950,3524130870667,8,8.8,0.8
67,1,03,01,J324,355240,3525115445907,1,1.7,0.7
72,1,03,02,J158,350160,3525116083874,7,8.5,1.5
6,3,11,01,J955,350950,3525104487069,2,5.6,3.6
2,1,04,02,J219,350950,3525118383644,4,5.5,1.5
7,1,06,02,J459,355240,3525104749705,1,3.2,2.2
32,1,04,02,J189,352050,3525116057419,16,7.9,8.1
87,1,06,02,J189,353710,3525125211971,6,7.3,1.3
72,1,01,02,J90,352050,3525111460112,6,10.0,4.0
99,1,06,02,J960,350950,3525118464021,6,5.9,0.1
1,3,11,02,J219,350950,3525128228248,2,5.3,3.3
69,3,02,02,J690,355240,3525104627308,9,9.8,0.8
64,1,06,02,J180,351907,3525124270107,40,8.4,31.6
10,1,02,02,J80,350950,3525111650930,6,6.0,0.0
21,1,02,01,J352,351907,3525104602668,1,1.5,0.5
2,3,04,02,J15,352470,3525119541900,3,5.3,2.3
47,3,05,02,J189,352340,3525111551500,8,8.0,0.0
1,3,05,02,J210,350380,3525118897366,4,5.3,1.3
2,3,11,02,J219,350950,3525128250050,1,5.3,4.3
1,3,07,02,J458,350950,3525121187610,4,3.9,0.1
78,1,01,02,J90,352050,3525111467163,6,9.8,3.8
73,3,01,02,J180,350950,3525111614156,14,8.4,5.6
4,3,05,02,J218,350950,3525118417711,10,5.4,4.6
43,1,01,02,J189,351280,3525113374453,1,8.0,7.0
26,3,10,01,J342,352050,3525104467665,1,1.5,0.5
2,3,10,02,J960,350950,3525128187053,2,7.2,5.2
3,3,06,02,J218,350160,3525121526773,5,5.4,0.4
67,1,10,01,J680,355240,3525104472758,5,7.0,2.0
61,3,05,02,J189,350950,3525118418954,6,8.8,2.8
30,3,07,01,J339,350950,3525121197906,1,1.6,0.6
75,3,08,02,J189,352470,3525128321000,6,8.5,2.5
9,1,01,02,J181,351907,3525114200333,23,5.1,17.9
30,1,03,01,J938,350950,3525111654845,2,6.3,4.3
5,1,04,02,J960,353340,3525104692461,10,6.6,3.4
83,1,06,02,J189,352470,3525121331260,6,7.9,1.9
23,3,12,02,J189,355620,3525135138470,4,6.5,2.5
24,3,03,02,J36,350160,3525116083808,5,3.4,1.6
1,1,04,02,J960,350950,3525118380201,10,8.1,1.9
18,1,08,02,J188,350950,3525121252169,12,6.6,5.4
7,3,10,01,J353,350950,3525128184655,1,1.5,0.5
35,3,03,02,J459,350950,3525111682708,3,6.5,3.5
9,1,08,02,J960,355620,3525104407374,4,6.2,2.2
51,1,10,02,J90,355240,3525104879417,45,10.4,34.6
13,1,02,02,J969,350950,3525111620756,15,6.7,8.3
70,3,11,02,J942,355670,3525104494770,10,9.8,0.2
86,3,12,02,J180,354580,3525135171844,7,7.4,0.4
63,3,04,02,J90,353180,3525120886419,2,9.2,7.2
48,1,12,02,J181,350950,3525135827444,6,8.6,2.6
80,1,07,02,J189,351907,3525127045760,16,7.9,8.1
35,1,01,02,J938,350950,3524130837931,10,9.3,0.7
12,1,01,01,J343,351907,3524102868033,2,1.5,0.5
2,3,05,02,J189,354580,3525118981978,2,5.3,3.3
24,1,04,01,J348,350950,3525111670806,2,1.5,0.5
65,3,01,02,J180,350950,3524130869391,15,8.3,6.7
38,1,07,02,J189,352340,3525111563380,4,8.4,4.4
4,3,05,02,J90,351907,3525104719367,7,7.1,0.1
61,3,09,02,J449,355620,3525128560459,7,7.0,0.0
6,3,05,02,J219,350950,3525118414818,2,5.1,3.1
5,3,03,02,J189,354580,3525111503969,2,5.3,3.3
1,3,04,02,J219,355620,3525118470170,3,5.3,2.3
86,3,05,02,J189,352050,3525119136924,5,7.4,2.4
1,1,08,02,J960,352340,3525104414348,2,7.9,5.9
4,3,06,02,J219,350950,3525118458664,10,5.4,4.6
50,1,10,02,J90,355620,3525133624100,8,10.4,2.4
9,3,07,02,J210,350950,3525104386463,3,5.1,2.1
9,1,12,02,J960,350950,3525135805444,3,6.2,3.2
56,1,06,02,J449,350950,3525121180746,30,8.6,21.4
6,3,07,02,J159,352050,3525125947960,3,5.1,2.1
84,3,01,02,J189,352470,3525111767507,4,8.1,4.1
41,1,12,02,J188,353180,3525132461719,2,8.3,6.3
84,1,11,02,J80,350950,3525128237521,20,10.0,10.0
22,1,12,01,J342,350950,3525135819690,1,1.5,0.5
17,1,05,02,J219,350950,3525118413300,11,6.5,4.5
79,3,04,02,J441,350950,3525118374712,38,7.9,30.1
7,1,09,02,J189,355670,3525123479768,3,5.0,2.0
2,1,08,02,J960,350950,3525121248528,5,8.4,3.4
4,1,03,02,J210,353340,3525114058917,1,5.4,4.4
5,1,01,02,J219,350950,3525111603233,4,5.3,1.3
10,1,05,02,J459,350950,3525104351791,1,3.1,2.1
63,3,01,02,J189,352050,3524131574690,30,8.2,21.8
76,3,12,02,J449,353340,3525136997657,2,8.1,6.1
68,3,01,02,J189,352470,3525111767353,2,8.5,6.5
76,1,11,02,J938,352050,3525134277214,10,10.0,0.0
8,3,04,02,J100,350950,3525104321046,3,5.1,2.1
11,1,06,02,J159,350950,3525118461612,23,5.0,18.0
88,3,09,02,J449,355670,3525123478338,6,7.6,1.6
62,1,11,02,J189,353340,3525130498813,5,8.7,3.7
3,3,04,02,J180,350950,3525118369311,6,5.4,0.6
72,1,09,02,J449,350950,3525128171565,3,8.2,5.2
59,3,08,02,J441,350950,3525121236175,3,7.6,4.6
3,3,04,02,J210,351280,3525118898390,2,5.4,3.4
70,1,04,02,J980,350950,3525111695732,2,10.2,8.2
30,1,07,01,J342,352470,3525104792638,1,1.6,0.6
83,3,02,02,J180,350160,3525116081509,1,7.8,6.8
8,1,11,02,J458,350950,3525135784929,3,3.2,0.2
1,3,07,02,J219,351907,3525104795278,3,5.4,2.4
82,3,06,02,J441,355240,3525119938714,3,7.6,4.6
1,1,01,02,J459,350950,3524130865552,10,4.1,5.9
1,1,08,02,J210,352340,3525111566713,1,5.5,4.5
8,3,10,02,J960,350950,3525104459899,4,6.3,2.3
4,1,11,02,J459,353180,3525104922328,4,3.3,0.7
4,3,05,02,J189,351907,3525121412340,2,5.4,3.4
56,3,01,01,J342,350950,3525111604608,1,1.6,0.6
4,3,02,02,J80,350950,3525111648135,10,7.1,2.9
68,1,02,02,J180,353200,3525113708006,3,8.5,5.5
6,3,04,01,J350,350950,3525111697184,1,1.5,0.5
2,3,10,02,J91,350950,3525128213410,16,7.2,8.8
54,1,12,02,J340,350380,3525104521026,3,4.6,1.6
73,3,05,02,J189,350160,3525121521691,7,8.4,1.4
1,1,09,02,J158,350950,3525104454861,3,5.5,2.5
52,1,11,02,J90,352470,3525104940270,3,10.4,7.4
62,1,11,02,J91,353340,3525104158796,3,11.6,8.6
9,3,12,02,J189,355670,3525123492803,3,5.1,2.1
34,1,12,02,J938,355620,3525135139933,5,9.4,4.4
58,1,05,01,J958,355240,3525104719389,2,7.8,5.8
51,3,02,02,J068,350160,3524133098398,3,5.5,2.5
5,3,09,02,J80,350950,3525121269472,4,6.6,2.6
57,3,01,02,J180,350950,3525111600560,5,8.3,3.3
8,1,11,02,J989,354580,3525128659900,3,6.2,3.2
65,3,02,02,J189,352050,3525111472564,23,8.3,14.7
1,1,04,02,J210,354580,3525111508556,5,5.4,0.4
2,3,08,02,J189,350950,3525121231820,12,5.3,6.7
22,3,03,01,J328,353650,3524102910229,1,1.5,0.5
34,3,03,01,J386,353340,3524102910340,2,1.6,0.4
4,3,04,02,J458,350950,3525111696491,2,3.2,1.2
54,3,10,02,J960,355240,3525104878075,14,9.9,4.1
60,3,06,01,J324,353180,3525104360734,2,1.6,0.4
73,1,07,02,J180,351280,3525126841863,4,8.5,4.5
58,3,05,01,J342,350380,3525104743710,2,1.6,0.4
88,3,10,02,J189,351907,3525131907319,17,7.4,9.6
8,3,06,02,J210,353340,3525121420238,5,5.1,0.1
40,3,10,02,J039,350950,3525128197162,9,4.0,5.0
61,3,12,02,J158,355240,3525104969210,11,8.8,2.2
71,1,03,02,J969,355670,3524132030640,2,10.3,8.3
87,3,11,02,J189,353650,3525135267632,4,7.4,3.4
62,3,12,01,J342,350950,3525135802331,1,1.6,0.6
2,3,03,02,J189,355620,3525116076119,9,5.3,3.7
7,1,09,02,J219,352050,3525126531278,2,5.0,3.0
69,1,08,02,J930,350950,3525104420080,14,10.2,3.8
3,3,09,02,J189,350950,3525128179485,3,5.4,2.4
60,3,02,01,J348,353650,3524102889770,2,1.6,0.4
1,3,06,02,J80,350950,3525118443055,5,7.5,2.5
5,1,02,02,J960,354580,3525104629960,5,6.6,1.6
2,3,03,02,J960,350950,3525104661386,15,7.2,7.8
1,3,06,02,J960,350950,3525118444177,17,7.5,9.5
80,1,05,02,J960,353340,3525121419105,5,10.5,5.5
75,3,07,02,J449,353650,3525120503696,2,7.9,5.9
92,3,07,02,J180,354580,3525118985025,11,7.2,3.8
54,3,02,02,J36,350950,3524102904674,1,4.4,3.4
1,3,07,02,J960,350160,3525104792748,7,7.5,0.5
20,3,03,02,J189,351280,3525117218337,6,6.4,0.4
76,3,06,02,J44,350950,3525118441988,11,7.9,3.1
20,1,09,02,J189,350950,3525128178341,3,6.6,3.6
1,1,01,02,J218,350950,3524130872801,22,5.4,16.6
94,1,02,02,J449,352050,3525111484170,3,6.5,3.5
59,3,10,02,J189,352340,3525111580991,2,8.5,6.5
48,3,07,02,J189,351907,3525125947112,8,8.1,0.1
4,1,02,02,J189,351905,3525111618831,5,5.4,0.4
1,1,06,02,J218,352050,3525122787440,7,5.5,1.5
2,3,07,02,J458,350950,3525121199897,6,3.4,2.6
11,1,11,02,J159,355670,3525123487600,4,5.0,1.0
9,1,02,02,J459,352470,3525114723207,2,3.2,1.2
59,3,06,02,J189,351280,3525122822496,2,8.2,6.2
51,1,06,02,J189,350950,3525118449622,6,8.9,2.9
77,3,09,02,J189,350950,3525104432256,14,7.8,6.2
1,1,05,02,J960,350950,3525118425500,2,8.1,6.1
8,3,11,02,J989,354580,3525128660856,3,6.3,3.3
66,3,06,02,J449,350950,3525121182627,4,7.8,3.8
75,3,11,02,J81,350950,3525128236025,5,9.9,4.9
7,1,10,02,J210,350950,3525128192245,8,5.2,2.8
74,3,03,02,J159,352050,3525116051699,8,8.5,0.5
18,3,12,01,J321,350950,3525104514932,2,1.5,0.5
2,1,05,02,J431,350950,3525118424311,4,3.6,0.4
4,3,06,02,J219,351907,3525104754468,5,5.4,0.4
76,1,01,02,J441,351280,3525113373320,18,8.6,9.4
21,3,01,01,J342,351280,3525104618300,2,1.5,0.5
2,3,05,02,J218,350160,3525121522990,6,5.3,0.7
75,3,05,02,J189,350950,3525118418503,14,8.6,5.4
6,1,02,02,J210,351905,3525104627385,3,5.1,2.1
66,1,01,02,J90,353710,3524102871949,16,9.6,6.4
72,1,07,02,J80,350950,3525121209192,2,10.1,8.1
24,3,04,02,J210,353650,3525118380113,7,6.5,0.5
75,1,08,02,J960,353650,3525126439890,17,10.2,6.8
78,3,02,02,J180,350160,3525112456690,2,8.1,6.1
25,1,10,02,J391,350950,3525128213299,4,3.5,0.5
87,3,04,02,J189,355670,3525115842391,7,7.4,0.4
9,1,04,02,J210,350950,3525118371984,7,5.1,1.9
70,1,11,02,J189,350160,3525134326000,12,8.5,3.5
2,3,04,02,J168,350950,3525118375746,1,5.3,4.3
98,3,09,02,J189,350950,3525128178363,5,7.0,2.0
24,1,07,02,J218,352050,3525122798582,8,6.7,1.3
77,3,07,02,J189,350160,3525125924969,4,7.8,3.8
6,1,06,02,J219,352470,3525124147336,9,5.1,3.9
8,1,03,02,J984,352050,3525116069926,8,6.2,1.8
1,1,11,02,J459,350950,3525135788010,12,4.1,7.9
29,3,02,01,J342,354580,3525100369923,1,1.6,0.6
3,1,09,02,J219,353650,3525133188137,3,5.4,2.4
35,1,02,02,J449,352050,3525111473774,3,6.9,3.9
10,1,03,02,J459,350950,3525111664899,9,3.1,5.9
2,3,04,02,J158,354580,3525104689139,16,5.3,10.7
28,3,06,02,J36,350950,3525118462855,4,3.3,0.7
94,3,06,02,J189,350160,3525121524530,4,7.2,3.2
1,3,02,02,J218,352050,3525111484664,2,5.3,3.3
6,3,06,02,J210,353650,3525120496931,4,5.1,1.1
2,1,06,02,J188,350950,3525118446124,8,5.5,2.5
66,3,09,02,J961,355620,3525104432883,22,9.4,12.6
81,1,06,02,J948,350160,3525121528951,2,10.5,8.5
1,1,05,02,J989,354580,3525118977039,3,8.1,5.1
61,3,08,02,J189,355670,3525123473938,2,8.8,6.8
50,1,04,02,J189,351280,3525117220482,2,8.9,6.9
56,3,05,02,J984,352050,3525119130412,6,9.8,3.8
32,1,07,02,J188,351907,3525122110180,2,7.8,5.8
3,3,08,02,J180,350160,3525125932229,6,5.4,0.6
54,1,03,02,J21,353650,3525116097052,3,9.1,6.1
12,1,02,02,J459,351907,3525104625229,3,3.2,0.2
9,3,04,02,J180,350160,3525118629472,3,5.1,2.1
4,3,08,02,J189,355670,3525114272779,3,5.4,2.4
16,1,04,02,J219,355240,3525104686664,5,6.5,1.5
1,1,08,02,J189,350950,3525121266854,8,5.5,2.5
59,1,01,02,J939,350950,3525111610504,7,11.0,4.0
2,1,10,02,J960,355240,3525104873917,3,8.4,5.4
2,3,05,02,J210,351907,3525121411108,4,5.3,1.3
14,1,11,02,J069,355240,3525104934395,2,3.1,1.1
33,3,03,02,J459,352470,3525114723680,7,7.5,0.5
2,1,03,02,J980,350950,3525111663535,8,8.4,0.4
62,1,04,02,J969,350160,3525118632563,5,11.6,6.6
64,1,11,02,J938,355620,3525133625410,9,9.7,0.7
90,3,02,02,J18,350950,3525111630733,11,7.4,3.6
2,3,12,02,J189,350160,3525136709501,4,5.3,1.3
7,1,10,01,J353,350950,3525128196425,1,1.5,0.5
25,1,01,02,J159,350950,3524130866180,23,6.7,16.3
75,1,04,02,J189,350950,3525118377033,51,8.6,42.4
57,1,11,02,J80,350950,3525128252591,2,9.3,7.3
80,1,09,02,J182,350950,3525128178506,7,7.9,0.9
81,3,02,02,J90,352050,3525111461949,7,9.5,2.5
66,1,07,02,J159,350160,3525125929050,2,8.4,6.4
25,3,06,01,J342,351905,3525104760628,2,1.5,0.5
82,3,02,02,J441,355240,3525104624756,24,7.6,16.4
6,3,11,02,J960,350950,3525128243747,9,6.5,2.5
71,1,03,02,J180,352050,3525116049884,4,8.5,4.5
54,1,07,02,J189,350160,3525125930271,7,9.1,2.1
2,1,03,02,J189,352340,3525111539807,3,5.5,2.5
7,3,09,02,J459,350950,3525128171994,2,3.2,1.2
2,1,04,02,J80,350950,3525118384117,8,8.4,0.4
58,1,07,02,J91,350950,3525121215418,9,11.9,2.9
2,1,01,02,J189,353650,3525111774591,3,5.5,2.5
15,1,06,01,J342,352340,3525111555339,1,1.5,0.5
1,1,03,02,J80,350950,3525111674788,30,8.1,21.9
1,3,11,02,J960,350380,3525128230459,5,7.5,2.5
18,1,04,02,J931,350950,3525104321464,7,7.5,0.5
9,1,05,02,J18,350950,3525118437368,5,5.1,0.1
3,1,08,02,J80,350950,3525121265996,3,7.2,4.2
1,1,05,02,J189,350950,3525118426379,20,5.4,14.6
2,1,01,02,J458,350950,3525111616686,4,3.6,0.4
57,3,06,02,J81,354580,3525118974498,18,8.8,9.2
8,1,09,02,J180,352050,3525126507639,11,5.0,6.0
66,1,01,02,J80,354580,3525111598525,5,9.6,4.6
2,1,05,02,J960,351907,3525104335247,5,8.4,3.4
57,1,08,01,J348,350950,3525104410960,3,1.7,1.3
1,1,08,02,J960,350950,3525121243039,3,7.9,4.9
63,1,06,02,J459,353650,3525120503047,8,8.2,0.2
2,3,09,02,J960,355620,3525128558700,1,7.3,6.3
6,3,07,02,J459,350950,3525121199644,3,3.2,0.2
2,1,09,02,J189,354580,3525128652133,3,5.5,2.5
51,1,07,02,J449,353650,3525126436612,3,7.3,4.3
70,1,04,02,J18,350950,3525118397911,9,8.5,0.5
2,1,11,02,J069,350950,3525128237752,3,3.6,0.6
6,3,12,02,J90,352050,3525134276059,4,6.5,2.5
5,1,05,02,J450,350950,3525118408890,2,3.2,1.2
11,1,04,02,J42,350950,3525118392719,1,3.1,2.1
3,1,10,02,J069,355240,3525104878284,2,3.4,1.4
62,1,08,02,J449,352050,3525126521422,2,8.1,6.1
6,1,08,02,J960,350950,3525121246515,8,6.7,1.3
67,1,02,02,J189,350950,3525111643526,9,8.5,0.5
66,3,07,02,J449,352340,3525111564436,3,7.8,4.8
7,3,08,02,J46,350950,3525128554365,2,3.2,1.2
51,1,04,02,J180,350950,3525111663469,5,8.9,3.9
1,1,05,02,J218,352050,3525119131700,2,5.4,3.4
10,1,07,02,J219,350950,3525121196685,5,5.0,0.0
7,3,06,02,J180,355240,3525104751641,4,5.1,1.1
76,3,03,02,J189,350950,3525111685788,7,8.6,1.6
62,3,05,02,J189,350160,3525121520008,11,8.8,2.2
4,3,10,02,J960,351907,3525128205434,6,7.1,1.1
28,3,09,02,J385,350950,3525128171180,2,3.3,1.3
1,3,01,01,J159,350950,3524130865431,4,5.6,1.6
28,1,01,02,J189,351907,3525114198067,6,7.5,1.5
6,1,05,02,J960,353340,3525104723206,8,6.6,1.4
77,3,04,02,J960,353650,3525118895562,2,9.4,7.4
47,3,08,01,J320,353180,3525104419485,3,1.6,1.4
13,1,07,02,J189,352050,3525122789310,7,6.1,0.9
1,3,12,02,J209,350950,3525135800450,5,5.3,0.3
70,3,10,02,J960,353650,3525133192768,8,9.8,1.8
89,3,11,01,J180,351515,3525132358154,3,9.2,6.2
8,3,03,02,J459,355670,3524132031959,4,3.2,0.8
7,3,09,02,J989,352050,3525126530486,3,6.3,3.3
1,3,06,02,J189,350160,3525121526872,4,5.4,1.4
56,1,11,02,J189,353710,3525134930977,17,9.3,7.7
59,1,04,02,J950,353200,3525112098365,3,11.0,8.0
1,3,05,02,J210,350950,3525118422650,1,5.3,4.3
59,3,07,02,J189,353340,3525121422361,11,8.2,2.8
13,3,07,01,J90,351907,3525104391237,39,6.1,32.9
10,1,06,02,J219,350950,3525118442703,19,5.0,14.0
1,1,04,02,J188,350950,3525111655626,6,5.4,0.6
39,1,04,02,J42,350950,3525104321189,8,6.7,1.3
43,3,03,01,J342,353710,3525104656293,1,1.6,0.6
65,1,03,02,J90,355240,3524102911934,1,9.6,8.6
1,3,07,02,J159,350950,3525121200360,5,5.4,0.4
32,1,03,01,J342,352050,3525104631532,1,1.6,0.6
77,3,06,02,J90,350950,3525118462195,3,9.8,6.8
49,1,02,02,J90,352050,3525111459034,2,9.8,7.8
6,1,07,02,J459,352340,3525104388135,2,3.2,1.2
4,1,09,02,J219,352470,3525130108456,3,5.4,2.4
90,1,12,02,J180,350950,3525135816576,3,7.5,4.5
7,1,11,02,J218,353650,3525135268480,6,5.2,0.8
73,3,02,02,J960,352050,3525111484543,7,9.7,2.7
6,1,06,02,J218,351907,3525124267533,8,5.1,2.9
16,3,01,02,J189,350160,3524133098090,4,6.5,2.5
35,1,07,02,J36,351907,3525121209203,3,4.1,1.1
13,1,07,02,J90,350950,3525104404052,3,6.7,3.7
88,3,06,02,J98,350950,3525118454099,7,8.5,1.5
81,1,09,02,J189,355620,3525128558930,9,7.9,1.1
10,1,08,02,J459,350950,3525121263103,1,3.1,2.1
84,1,07,02,J189,354580,3525118987533,3,7.8,4.8
1,1,09,02,J100,352470,3525104434808,6,5.5,0.5
0,1,03,02,J931,352050,3525116045363,3,11.1,8.1
5,3,03,02,J960,353650,3525116095050,3,6.5,3.5
4,1,10,02,J450,350950,3525128221813,3,3.3,0.3
25,1,08,02,J069,355240,3525104829510,2,2.9,0.9
47,3,03,02,J180,350950,3525111672511,9,8.0,1.0
5,3,04,01,J959,350950,3525104321431,3,5.6,2.6
31,1,12,02,J189,350160,3525136712295,15,7.9,7.1
66,3,04,02,J441,350950,3525111689374,1,7.8,6.8
18,1,02,01,J342,355240,3525104633336,2,1.5,0.5
15,3,09,02,J36,350950,3525121267096,7,3.5,3.5
31,3,02,02,J189,353650,3525116093851,9,6.9,2.1
38,1,06,01,J342,350160,3525104752895,1,1.6,0.6
7,1,03,02,J960,350950,3524130858061,26,6.3,19.7
6,3,04,02,J159,350950,3525118375658,2,5.1,3.1
96,3,02,02,J188,350950,3525111636519,3,7.2,4.2
78,1,11,02,J168,353180,3525133166247,16,8.1,7.9
1,1,09,02,J189,351907,3525131904426,6,5.5,0.5
3,3,08,02,J218,350950,3525121265182,8,5.4,2.6
83,3,02,02,J189,355670,3524132026932,6,7.8,1.8
44,1,05,02,J159,352050,3525119132910,1,8.0,7.0
5,3,03,02,J960,353650,3525116094335,4,6.5,2.5
42,3,06,02,J189,353650,3525104379302,6,7.6,1.6
44,1,08,02,J128,352050,3525104423170,26,8.2,17.8
90,3,06,02,J189,354580,3525118981813,3,7.5,4.5
96,3,06,02,J18,353180,3525120888388,9,7.1,1.9
6,3,04,02,J159,350950,3525118371951,7,5.1,1.9
4,1,07,02,J180,354800,3525124149217,3,5.4,2.4
28,3,11,02,J219,350950,3525128240931,2,6.6,4.6
1,3,07,02,J218,350950,3525121192990,2,5.4,3.4
2,1,07,02,J459,350950,3525104385979,2,3.6,1.6
2,3,04,02,J159,350950,3525118373062,11,5.3,5.7
65,1,11,02,J189,351907,3525135166840,9,8.4,0.6
58,3,05,02,J960,350950,3525118415500,4,10.8,6.8
10,1,03,01,J353,352340,3525111540104,1,1.5,0.5
63,1,01,01,J342,354800,3525104616033,2,1.6,0.4
44,1,08,02,J430,350950,3525121258494,2,6.8,4.8
75,3,06,02,J81,350950,3525118439909,5,9.8,4.8
78,3,03,02,J189,355620,3525118468322,2,8.1,6.1
1,1,11,02,J458,350950,3525128246960,8,4.1,3.9
85,3,01,02,J180,350950,3525111604476,1,7.8,6.8
5,3,10,02,J960,350950,3525128211220,8,6.5,1.5
7,3,10,02,J36,350950,3525128188934,4,3.4,0.6
11,3,07,02,J219,355240,3525104795322,3,5.1,2.1
5,3,06,02,J219,350950,3525118452130,5,5.3,0.3
11,3,04,02,J459,351907,3525119448620,3,3.2,0.2
18,3,03,01,J342,350950,3525111607699,1,1.5,0.5
25,1,01,02,J10,350950,3525111604036,4,6.7,2.7
79,1,01,02,J189,350950,3524130858534,2,8.1,6.1
46,1,08,02,J189,350950,3525121230411,12,8.2,3.8
88,1,03,02,J449,352050,3525116046419,6,7.2,1.2
1,3,07,02,J218,350950,3525121186389,2,5.4,3.4
40,1,04,02,J955,350950,3525118376945,5,10.1,5.1
4,1,11,02,J431,350950,3525135789296,7,3.3,3.7
5,1,07,02,J90,350950,3525104390016,3,6.7,3.7
32,1,04,02,J90,350950,3525104323752,7,8.8,1.8
58,1,03,02,J189,350950,3525111668188,3,9.2,6.2
6,1,07,02,J219,350950,3525121225659,2,5.1,3.1
4,3,11,02,J371,350950,3525128245925,3,3.6,0.6
1,1,08,02,J180,355240,3525104831501,5,5.5,0.5
15,1,12,01,J342,350950,3525135805796,1,1.5,0.5
10,3,11,02,J189,352470,3525134389920,1,5.1,4.1
21,3,01,01,J351,351905,3525104615879,2,1.5,0.5
1,1,08,02,J960,354580,3525104425282,9,7.9,1.1
11,3,05,02,J960,350950,3525118414884,1,6.4,5.4
10,3,05,02,J210,355240,3525120494236,7,5.1,1.9
44,3,03,02,J459,350950,3524102907963,2,5.7,3.7
6,1,01,02,J189,353650,3525111770961,5,5.1,0.1
9,1,12,02,J46,350950,3525135140681,2,3.2,1.2
67,1,05,02,J180,355240,3525104719884,19,8.5,10.5
69,3,05,02,J449,353180,3525120887079,2,8.3,6.3
32,3,11,02,J159,353340,3525130498505,18,7.7,10.3
68,1,10,02,J449,353650,3525133191030,7,8.4,1.4
11,1,05,02,J189,352340,3525111549564,2,5.0,3.0
1,1,04,02,J218,350950,3525118396129,4,5.4,1.4
6,3,05,02,J118,350950,3525118403818,1,5.1,4.1
85,3,05,02,J189,354580,3525118978942,3,7.8,4.8
35,1,05,01,J342,355240,3525104740322,2,1.6,0.4
6,1,06,02,J219,350950,3525118451382,2,5.1,3.1
5,1,07,02,J210,350950,3525121186840,4,5.3,1.3
79,1,01,02,J168,350950,3525111613342,11,8.1,2.9
9,3,05,02,J180,350950,3525118408955,1,5.1,4.1
43,1,10,02,J841,350160,3525134324460,8,8.7,0.7
2,1,02,02,J36,350950,3524102889032,11,3.6,7.4
5,1,09,02,J218,350950,3525128166153,1,5.3,4.3
7,1,06,02,J189,352340,3525111555548,2,5.0,3.0
20,1,11,02,J36,355240,3525135269910,4,3.3,0.7
31,1,10,01,J328,354580,3525104482097,4,1.6,2.4
45,1,01,02,J159,350950,3524130877608,22,8.6,13.4
3,3,02,02,J189,351907,3525114719742,8,5.4,2.6
4,1,04,02,J960,350950,3525111697712,26,7.2,18.8
73,1,06,02,J219,350950,3525118449204,6,8.5,2.5
2,3,08,02,J218,350950,3525121232149,2,5.3,3.3
6,3,07,02,J459,350950,3525104393415,2,3.2,1.2
4,3,08,02,J218,350950,3525121236230,3,5.4,2.4
7,3,07,02,J219,350950,3525126437118,11,5.1,5.9
59,1,08,02,J188,350950,3525121237704,4,9.5,5.5
2,3,05,02,J960,350950,3525118408427,2,7.2,5.2
76,1,08,02,J068,352050,3525104412643,1,4.1,3.1
2,1,10,02,J218,351907,3525131908034,6,5.5,0.5
39,1,01,01,J938,352050,3524102868363,4,5.5,1.5
2,1,07,02,J960,350950,3525121201723,10,8.4,1.6
2,3,05,02,J180,355240,3525104716078,4,5.3,1.3
7,3,01,02,J180,350380,3524102872488,2,5.1,3.1
2,1,01,02,J159,355240,3524102880925,7,5.5,1.5
6,1,04,02,J960,351907,3525104687676,7,6.6,0.4
1,3,11,02,J219,350950,3525128249654,4,5.3,1.3
1,3,07,02,J960,354580,3525104795498,3,7.5,4.5
7,3,01,02,J158,350160,3524103263769,31,5.1,25.9
73,3,10,02,J189,354580,3525128655455,13,8.4,4.6
1,1,06,02,J960,353650,3525120501540,2,7.9,5.9
3,1,09,02,J450,350950,3525128168947,2,3.3,1.3
9,3,04,02,J158,353340,3525104691196,3,5.1,2.1
1,1,05,02,J218,352340,3525111549817,3,5.4,2.4
1,3,03,01,J988,350160,3524102912968,3,8.1,5.1
64,3,06,02,J189,350950,3525118455331,6,8.3,2.3
5,1,04,02,J450,350950,3525118392994,3,3.2,0.2
60,1,05,02,J90,350950,3525104347897,36,11.2,24.8
24,3,03,02,J188,353710,3525104673981,5,6.5,1.5
43,1,11,02,J960,352340,3525104487168,5,8.7,3.7
64,1,11,02,J930,352050,3525134273298,3,9.7,6.7
12,1,07,02,J159,355670,3525114265585,3,6.1,3.1
12,1,03,02,J459,354800,3525117002231,10,3.2,6.8
54,1,10,02,J168,354580,3525128657798,9,9.1,0.1
93,1,11,02,J189,352340,3525111585534,15,7.3,7.7
11,3,07,02,J219,350950,3525104393382,2,5.1,3.1
8,1,10,02,J459,354580,3525128654289,4,3.2,0.8
74,1,08,02,J938,350950,3525121248385,10,9.9,0.1
2,3,11,02,J459,350950,3525128230350,5,3.4,1.6
79,3,09,02,J690,353340,3525130495865,18,9.5,8.5
1,3,05,02,J189,355670,3525114259898,5,5.3,0.3
74,3,05,02,J960,350160,3525121521977,18,9.7,8.3
2,1,07,02,J180,355240,3525104795179,8,5.5,2.5
1,3,09,02,J210,353340,3525130495733,6,5.4,0.6
34,1,04,02,J159,352050,3525116066208,25,8.3,16.7
52,1,12,02,J189,355620,3525135141077,1,9.0,8.0
50,3,07,02,J100,352050,3525122801332,9,8.4,0.6
40,3,11,01,J342,350950,3525104505098,2,1.6,0.4
66,1,06,02,J449,350950,3525118444419,2,8.4,6.4
76,3,06,02,J459,350950,3525121182121,8,7.9,0.1
7,1,06,02,J410,352050,3525122789408,3,3.2,0.2
12,1,05,02,J210,350160,3525118633740,8,6.1,1.9
72,1,11,02,J441,350950,3525104489434,5,8.4,3.4
3,3,06,02,J068,350950,3525118444089,1,3.3,2.3
1,1,12,02,J189,354580,3525135174627,5,5.4,0.4
7,3,07,02,J210,350950,3525121200271,5,5.1,0.1
61,3,12,02,J44,350950,3525135827235,23,7.0,16.0
37,1,01,02,J189,350950,3524130858809,25,8.3,16.7
2,3,10,02,J960,355240,3525104458359,7,7.2,0.2
5,3,10,01,J352,352340,3525111580750,1,1.5,0.5
53,1,07,02,J18,350950,3525121191119,8,8.5,0.5
4,3,05,02,J218,353340,3525121419083,5,5.4,0.4
65,1,06,02,J449,352050,3525122780894,9,8.4,0.6
9,3,04,02,J180,353340,3525114060149,2,5.1,3.1
73,1,05,02,J219,350950,3525118425345,6,8.5,2.5
68,3,05,02,J189,354580,3525118973992,11,8.5,2.5
4,3,06,02,J459,351907,3525124268963,3,3.3,0.3
8,1,06,02,J459,350950,3525118441097,1,3.2,2.2
5,1,09,02,J219,350950,3525121272805,1,5.3,4.3
9,3,03,02,J189,350950,3525111659806,3,5.1,2.1
3,3,10,02,J459,351907,3525131908155,4,3.2,0.8
44,3,09,02,J180,352340,3525111574633,11,7.4,3.6
60,1,02,02,J189,352340,3525111537200,7,8.8,1.8
2,3,01,02,J189,352050,3524131567022,4,5.3,1.3
58,1,06,02,J459,351907,3525124269315,20,8.7,11.3
2,3,04,02,J210,355240,3525104687731,4,5.3,1.3
48,1,04,02,J159,353180,3525120886595,2,8.6,6.6
65,3,11,02,J938,353200,3525104485848,6,9.3,3.3
1,3,01,02,J189,353650,3524128681470,3,5.3,2.3
50,3,12,01,J848,352340,3525104966570,4,6.7,2.7
71,1,07,02,J983,351907,3525126437756,3,10.2,7.2
73,3,11,02,J440,350950,3525128244352,9,8.1,0.9
5,3,08,02,J960,355240,3525104829500,3,6.6,3.6
1,3,09,02,J189,352050,3525131780379,5,5.4,0.4
75,1,01,02,J440,353180,3524102873247,2,8.6,6.6
6,3,05,02,J80,350950,3525118417832,3,6.5,3.5
4,3,02,02,J459,355240,3525117322958,3,3.2,0.2
39,1,10,02,J189,352050,3525131780115,9,8.3,0.7
84,1,05,02,J181,350950,3525118418822,12,8.0,4.0
1,3,05,02,J159,350950,3525118406249,4,5.3,1.3
1,3,09,02,J180,350950,3525104444279,5,5.4,0.4
8,3,02,01,J955,350950,3524102891298,2,5.5,3.5
21,3,12,02,J36,350950,3525135798613,1,2.5,1.5
10,1,02,02,J459,352050,3525116044879,2,3.1,1.1
42,1,10,02,J960,350950,3525104459503,4,8.7,4.7
4,3,08,02,J960,355240,3525104803473,16,7.2,8.8
56,1,06,02,J180,352050,3525119143238,16,9.5,6.5
6,3,05,02,J040,352050,3525119130401,2,3.3,1.3
48,3,09,02,J90,352050,3525131781842,2,10.1,8.1
76,3,01,02,J189,350160,3524133097210,7,8.6,1.6
7,3,07,02,J180,350160,3525125927280,2,5.1,3.1
5,3,05,02,J450,355240,3525104714692,3,3.2,0.2
4,1,08,02,J218,350950,3525121238287,1,5.4,4.4
65,3,04,02,J449,352340,3525111545219,1,7.6,6.6
74,1,02,02,J91,353650,3525116093719,4,9.9,5.9
7,3,12,02,J459,351907,3525135816818,3,3.2,0.2
85,3,07,02,J449,350950,3525121186015,1,7.9,6.9
24,1,03,02,J189,352340,3525111539378,11,6.7,4.3
96,3,04,02,J180,350950,3525111689385,5,7.2,2.2
25,1,05,02,J36,351907,3525121413055,4,3.5,0.5
1,1,02,02,J068,350950,3524102890022,1,3.0,2.0
57,1,02,02,J960,352050,3525111470408,1,9.3,8.3
3,1,09,02,J459,350950,3525121271342,5,3.3,1.7
76,1,05,02,J159,350950,3525118405248,8,8.6,0.6
77,3,12,02,J180,355620,3525135138855,7,7.8,0.8
8,3,10,02,J960,350950,3525128210362,1,6.3,5.3
8,1,12,02,J189,351907,3525135167807,6,5.1,0.9
85,3,09,02,J960,350950,3525133185519,3,9.8,6.8
8,1,06,02,J189,352340,3525111557341,2,5.0,3.0
7,3,09,02,J459,350950,3525121269362,7,3.2,3.8
13,3,10,02,J181,352050,3525131789652,4,6.2,2.2
64,1,07,02,J969,352050,3525122806029,4,9.7,5.7
66,3,05,02,J81,353180,3525120887607,5,9.2,4.2
59,3,02,02,J189,350950,3525111623253,2,8.5,6.5
5,1,10,02,J459,353180,3525131906802,3,3.2,0.2
54,3,09,02,J189,352340,3525111575744,17,8.2,8.8
2,1,05,02,J219,350950,3525118416116,6,5.5,0.5
87,3,07,02,J449,355620,3525125778856,8,7.6,0.4
11,1,03,02,J218,354580,3525111505234,3,5.0,2.0
19,3,12,02,J930,350950,3525135818413,2,7.3,5.3
2,1,12,02,J189,350950,3525135810834,5,5.5,0.5
47,1,07,02,J853,351515,3525120648434,9,10.7,1.7
7,1,08,02,J219,353650,3525126442410,6,5.0,1.0
1,3,04,02,J180,355240,3525104690350,10,5.3,4.7
19,3,01,02,J039,350950,3524130869369,3,3.0,0.0
81,3,08,02,J80,350950,3525121258956,3,9.4,6.4
1,1,07,02,J210,350950,3525121225362,2,5.5,3.5
87,3,03,02,J188,350160,3525116088197,6,7.4,1.4
1,1,06,02,J180,350950,3525118465770,6,5.5,0.5
73,1,02,02,J960,355240,3524102895490,5,9.9,4.9
47,1,08,01,J320,352470,3525104414117,3,1.6,1.4
82,3,09,02,J969,350160,3525131759952,3,9.4,6.4
45,1,12,02,J90,350950,3525104981486,6,10.1,4.1
81,1,10,02,J159,355670,3525123481650,6,7.9,1.9
10,1,08,02,J459,355240,3525104827750,4,3.1,0.9
75,1,11,02,J188,350950,3525135787778,13,8.6,4.4
49,3,07,02,J129,350950,3525126437910,6,8.1,2.1
1,3,05,02,J219,350950,3525118408823,5,5.3,0.3
10,1,07,02,J189,354580,3525118987490,3,5.0,2.0
15,3,02,02,J36,352340,3525111536496,3,3.4,0.4
65,1,04,02,J90,355670,3525104325061,8,9.6,1.6
9,1,11,02,J219,355240,3525104921085,2,5.1,3.1
1,1,07,02,J431,350950,3525121201020,3,4.1,1.1
14,1,07,02,J459,353650,3525104386485,19,3.3,15.7
51,1,04,02,J189,355620,3525118469829,3,8.9,5.9
75,3,03,02,J189,353710,3525111699285,6,8.6,2.6
46,1,09,02,J150,354580,3525128649724,9,8.2,0.8
1,3,03,02,J960,350950,3525111686140,1,7.5,6.5
5,3,05,02,J180,350160,3525118633168,3,5.3,2.3
1,3,08,02,J219,350950,3525121256415,2,5.4,3.4
1,3,05,02,J210,350950,3525118408790,2,5.3,3.3
1,1,07,02,J960,350950,3525121212745,2,7.9,5.9
1,1,07,02,J21,350950,3525126436942,2,5.5,3.5
19,1,01,02,J189,355620,3525111816006,9,6.6,2.4
11,1,11,01,J353,350950,3525128200627,1,1.5,0.5
1,1,04,02,J189,351280,3525118899049,11,5.4,5.6
47,1,06,02,J159,355620,3525121149980,4,8.7,4.7
6,1,01,02,J219,350950,3524130870348,18,5.1,12.9
61,1,03,02,J449,352470,3525114723834,7,7.5,0.5
72,1,04,02,J441,350950,3525111694115,3,8.4,5.4
2,1,06,02,J219,350950,3525118454198,9,5.5,3.5
67,3,04,02,J459,350950,3525118893516,4,7.9,3.9
45,1,09,02,J960,353650,3525133189150,1,9.4,8.4
56,3,07,02,J90,352050,3525122788495,20,9.8,10.2
65,1,05,02,J180,353710,3525121329862,5,8.4,3.4
70,3,07,02,J449,352050,3525122804555,4,8.4,4.4
87,1,07,02,J159,350950,3525121190096,1,7.3,6.3
81,3,10,02,J449,350950,3525128222165,13,7.6,5.4
6,3,04,02,J218,351907,3525119451711,4,5.1,1.1
2,1,01,02,J960,351280,3524102867505,57,8.4,48.6
67,1,01,02,J189,352340,3525111530677,2,8.5,6.5
84,3,08,02,J189,350160,3525125933868,5,8.1,3.1
86,1,12,02,J189,350950,3525135793278,3,7.4,4.4
57,1,09,02,J952,350950,3525128160675,6,9.9,3.9
6,3,10,02,J189,352050,3525131791676,10,5.1,4.9
3,1,03,01,J353,350950,3525111622087,1,1.6,0.6
6,1,04,02,J159,355670,3525114248810,5,5.1,0.1
9,1,05,02,J219,350950,3525118424608,25,5.1,19.9
4,1,08,02,J459,350950,3525121246416,3,3.3,0.3
1,1,04,02,J189,355240,3525111696480,2,5.4,3.4
5,1,12,02,J459,350950,3525135799559,2,3.2,1.2
1,1,05,02,J210,350950,3525104346654,3,5.4,2.4
19,1,06,02,J36,352050,3525122781510,7,3.4,3.6
4,1,07,02,J218,350950,3525121209710,2,5.4,3.4
1,3,07,02,J118,350950,3525121222920,4,5.4,1.4
61,3,08,02,J960,353650,3525126441903,43,11.3,31.7
83,1,05,02,J189,351280,3525122822122,3,7.9,4.9
41,3,07,02,J180,351280,3525126841753,9,7.6,1.4
8,1,10,02,J210,350950,3525128168815,4,5.1,1.1
85,1,04,02,J18,350950,3525111693785,14,7.7,6.3
7,1,09,02,J180,351907,3525131904228,7,5.0,2.0
53,1,11,02,J189,350950,3525128252030,5,8.5,3.5
5,1,10,02,J189,355670,3525123481913,6,5.3,0.7
3,3,11,02,J969,350950,3525128244891,5,7.1,2.1
38,3,09,02,J955,354580,3525104437173,2,7.7,5.7
56,1,07,01,J90,355620,3525104393580,7,7.4,0.4
19,1,10,02,J068,350160,3525131761426,4,3.1,0.9
4,3,07,02,J960,352050,3525122785118,17,7.2,9.8
63,3,07,01,J955,355620,3525104389367,4,7.1,3.1
2,3,05,02,J218,350160,3525118631837,6,5.3,0.7
59,3,08,02,J81,350160,3525128567191,14,10.5,3.5
2,1,06,02,J218,350950,3525118463559,3,5.5,2.5
4,1,07,02,J80,350950,3525121205716,19,7.2,11.8
20,1,12,02,J930,353340,3525130498989,7,7.7,0.7
52,1,09,02,J189,350950,3525121266986,5,8.8,3.8
14,3,08,02,J068,350950,3525121231808,4,3.0,1.0
67,1,06,02,J441,355620,3525121148934,6,8.4,2.4
46,1,10,02,J90,350950,3525128196040,11,9.7,1.3
47,3,12,02,J449,350950,3525135793894,4,6.3,2.3
69,1,03,02,J449,352470,3525117279860,19,8.8,10.2
6,3,11,02,J218,351907,3525135163110,4,5.1,1.1
1,1,06,02,J180,355240,3525104723305,8,5.5,2.5
70,3,06,02,J969,352050,3525119141841,15,9.7,5.3
7,1,11,02,J46,355620,3525135136512,5,3.2,1.8
7,3,12,02,J210,350950,3525135815476,3,5.1,2.1
63,1,04,02,J189,355240,3525118893296,1,8.2,7.2
5,1,02,02,J969,351515,3525111246514,3,6.6,3.6
72,1,04,02,J189,351280,3525117220581,3,8.5,5.5
2,1,04,02,J159,350950,3525118373876,17,5.5,11.5
7,1,09,02,J219,350950,3525128162996,4,5.0,1.0
72,3,07,02,J960,355240,3525104385484,6,9.7,3.7
74,3,09,02,J449,353650,3525133187356,10,7.8,2.2
76,3,12,02,J189,352050,3525134278336,20,8.6,11.4
1,3,01,02,J180,351905,3525104600083,3,5.3,2.3
91,1,10,02,J159,353650,3525133191151,1,7.0,6.0
3,1,09,02,J91,354580,3525104839597,11,7.2,3.8
60,3,11,02,J068,350950,3525104505659,1,5.4,4.4
57,3,01,02,J960,353650,3525111772930,3,8.6,5.6
74,3,09,02,J91,352340,3525111576569,18,9.7,8.3
72,1,04,02,J90,351280,3525118895826,5,10.0,5.0
8,1,07,02,J459,350950,3525121197610,1,3.2,2.2
95,1,04,02,J91,350950,3525118377176,10,6.0,4.0
73,3,08,02,J80,353340,3525121423736,6,9.7,3.7
50,3,12,01,J343,354580,3525104940907,1,1.7,0.7
4,1,01,02,J80,350950,3525111606588,4,7.2,3.2
1,3,11,02,J189,350950,3525128227104,7,5.3,1.7
5,1,09,02,J219,355240,3525104837012,2,5.3,3.3
42,1,04,01,J342,350950,3525111687944,1,1.7,0.7
1,3,06,02,J960,351907,3525104755469,12,7.5,4.5
1,3,05,02,J180,350950,3525118408856,1,5.3,4.3
2,3,07,02,J431,350950,3525121217035,6,3.4,2.6
13,1,06,02,J960,354580,3525118986422,3,6.7,3.7
53,3,07,02,J981,354580,3525118988435,4,9.7,5.7
64,1,09,02,J869,350160,3525126703197,15,9.7,5.3
1,3,04,02,J180,355240,3525104694903,3,5.3,2.3
24,3,11,01,J342,350950,3525135784214,1,1.5,0.5
19,1,02,02,J390,351905,3525104628551,1,3.3,2.3
89,1,10,02,J180,350950,3525104474749,5,7.4,2.4
71,1,05,02,J189,352050,3525119130490,4,8.5,4.5
47,1,12,01,J342,355620,3525104974171,2,1.6,0.4
9,3,11,02,J189,352340,3525111588427,3,5.1,2.1
5,3,05,02,J40,352050,3525119137892,2,3.2,1.2
71,1,01,02,J440,352050,3524131574392,4,8.4,4.4
87,3,11,02,J90,352050,3525134281878,1,8.5,7.5
5,1,10,02,J189,352050,3525131792193,12,5.3,6.7
85,3,01,02,J168,353180,3525114362550,1,7.8,6.8
81,1,08,02,J18,350950,3525121235328,14,7.9,6.1
4,3,10,02,J459,350950,3525128201001,5,3.2,1.8
77,3,07,02,J189,350160,3525125927609,6,7.8,1.8
28,3,05,02,J210,352470,3525121329796,2,6.6,4.6
72,1,06,02,J11,353650,3525120496470,1,8.5,7.5
41,3,06,01,J342,352050,3525102998219,2,1.7,0.3
2,1,03,01,J352,350950,3525111626927,1,2.0,1.0
86,3,06,02,J189,353710,3525125211751,4,7.4,3.4
75,1,08,02,J449,352050,3525126520421,4,8.1,4.1
5,1,03,02,J188,350950,3524130876552,37,5.3,31.7
3,1,03,02,J159,350950,3524132030199,3,5.4,2.4
89,1,02,02,J441,352050,3525111468747,5,7.1,2.1
56,3,07,02,J81,350950,3525121211865,2,9.8,7.8
4,3,11,02,J459,353650,3525135268897,2,3.2,1.2
16,1,06,02,J188,350950,3525118459841,10,6.5,3.5
62,3,10,01,J342,351907,3525104916718,1,1.6,0.6
54,1,10,02,J100,352470,3525104431178,13,9.1,3.9
78,3,10,02,J189,355620,3525133622660,12,8.1,3.9
69,3,06,02,J188,354580,3525118982540,14,8.5,5.5
66,3,01,02,J449,350950,3525111604762,2,7.8,5.8
64,3,07,02,J459,350950,3525121223888,3,7.8,4.8
6,1,09,02,J218,352340,3525111577702,3,5.1,2.1
73,1,07,02,J189,353710,3525125212873,4,8.5,4.5
83,3,12,02,J449,352050,3525134285486,4,7.6,3.6
18,1,04,02,J189,350950,3525118385382,1,6.6,5.6
81,1,01,02,J989,350160,3524133097320,9,10.5,1.5
31,1,11,02,J188,350950,3525123487479,19,7.9,11.1
25,3,12,02,J03,350950,3525135807127,5,3.1,1.9
8,3,12,02,J219,350950,3525135794675,5,5.1,0.1
1,3,06,02,J218,353180,3525104749078,4,5.4,1.4
2,1,07,02,J218,350950,3525121191845,8,5.5,2.5
6,3,08,02,J218,350950,3525121232611,5,5.1,0.1
1,1,10,02,J129,350950,3525128223430,6,5.4,0.6
1,1,11,02,J218,354580,3525135171998,8,5.4,2.6
84,3,11,02,J189,351280,3525131647917,4,8.1,4.1
1,1,01,02,J960,350950,3524130858600,3,8.1,5.1
4,3,11,02,J181,351280,3525104495341,24,5.4,18.6
91,1,09,02,J189,352050,3525126530684,7,7.2,0.2
1,3,05,02,J189,350950,3525114258699,5,5.3,0.3
75,1,05,02,J189,352470,3525121330214,24,8.6,15.4
59,3,02,02,J180,350950,3525111632779,18,8.5,9.5
66,3,05,02,J189,353710,3525117222231,16,8.3,7.7
48,1,01,02,J181,350950,3524130873769,7,8.6,1.6
1,3,06,02,J210,355240,3525104749716,4,5.4,1.4
30,1,03,02,J960,350160,3525104653719,6,9.0,3.0
26,1,05,02,J188,350950,3525118402487,2,6.7,4.7
56,1,01,02,J189,351907,3525114197693,12,9.3,2.7
1,3,12,02,J180,352340,3525111592937,3,5.3,2.3
2,1,06,02,J210,355240,3525120501826,8,5.5,2.5
84,3,12,02,J80,350950,3525135810548,2,9.7,7.7
3,3,02,02,J459,355240,3525104603999,2,3.2,1.2
3,3,08,02,J180,350950,3525121228431,2,5.4,3.4
89,3,07,02,J180,351907,3525121202636,8,7.4,0.6
19,1,03,02,J188,350950,3525100241938,11,6.6,4.4
4,3,10,02,J110,352050,3525131801026,2,5.4,3.4
62,1,02,02,J449,353650,3525116092861,1,7.7,6.7
7,1,11,02,J218,351907,3525135162770,2,5.2,3.2
8,1,01,02,J960,353650,3525111772039,4,6.2,2.2
73,3,12,02,J189,353710,3525137025608,12,8.4,3.6
61,1,05,02,J189,354580,3525118979976,3,8.8,5.8
2,1,02,02,J80,350950,3525111650192,4,8.4,4.4
57,3,10,02,J969,352050,3525131794987,19,8.6,10.4
69,3,10,02,J189,350950,3525128209449,14,8.5,5.5
83,1,06,02,J189,350950,3525121174861,8,7.9,0.1
61,1,07,02,J158,350950,3525104400345,21,8.8,12.2
1,1,11,02,J40,350950,3525128238412,1,4.1,3.1
75,3,02,02,J80,355620,3525116074568,2,9.9,7.9
82,3,08,02,J449,350950,3525121256910,3,7.6,4.6
2,1,09,02,J180,350950,3525121271276,2,5.5,3.5
67,1,02,02,J449,354580,3525111501296,3,8.4,5.4
39,3,01,02,J90,352050,3524131572621,7,8.6,1.6
8,1,03,02,J459,350950,3525111679925,3,3.2,0.2
1,1,04,02,J219,350950,3525118395458,2,5.4,3.4
8,1,03,02,J960,355240,3525104653510,3,6.2,3.2
18,3,11,02,J219,350950,3525128237400,1,6.3,5.3
13,1,07,02,J960,353650,3525104403030,7,6.7,0.3
1,3,05,02,J219,350950,3525118411232,1,5.3,4.3
6,3,05,01,J955,350950,3525104340428,2,5.6,3.6
5,1,04,02,J210,350950,3525118396866,2,5.3,3.3
39,3,03,01,J342,355240,3525104653312,1,1.6,0.6
1,3,07,02,J459,355240,3525104797918,5,3.9,1.1
6,3,03,02,J459,350950,3525111663227,5,3.2,1.8
70,3,04,02,J189,351280,3525117219811,2,8.5,6.5
83,1,06,02,J180,350950,3525118437797,12,7.9,4.1
21,3,01,02,J168,353180,3525114362760,4,5.6,1.6
9,1,02,02,J459,350950,3525111638356,1,3.2,2.2
31,3,04,01,J342,355240,3525115453871,1,1.6,0.6
49,1,09,02,J449,350160,3525128574297,3,6.6,3.6
2,3,07,02,J210,350950,3525121192054,6,5.3,0.7
2,1,05,02,J960,350950,3525118425532,17,8.4,8.6
50,1,11,02,J942,354580,3525128654135,7,10.4,3.4
7,3,11,02,J219,352050,3525134275597,3,5.1,2.1
67,3,06,02,J90,353650,3525120498988,10,9.5,0.5
77,3,05,02,J159,350950,3525118419163,5,7.8,2.8
10,1,07,02,J180,352050,3525122785382,3,5.0,2.0
3,1,07,02,J960,351907,3525104382283,6,7.2,1.2
64,1,06,02,J110,352340,3525111558562,10,8.4,1.6
3,1,07,02,J210,352050,3525122792433,30,5.4,24.6
72,1,11,02,J189,351280,3525134933793,2,8.5,6.5
82,1,06,02,J938,350950,3525104370800,2,10.5,8.5
25,1,10,02,J930,352470,3525132976871,5,7.9,2.9
3,1,08,02,J459,350950,3525121248792,2,3.3,1.3
36,1,12,02,J159,355670,3525123492825,5,8.8,3.8
6,1,02,02,J189,354580,3525111497061,6,5.1,0.9
1,3,05,02,J068,350950,3525104348711,1,3.4,2.4
10,1,04,02,J210,355240,3525118394996,1,5.0,4.0
36,1,06,02,J189,351280,3525122822980,5,8.1,3.1
54,3,08,02,J441,351280,3525126842930,4,6.5,2.5
63,3,11,02,J180,350950,3525128229370,3,8.2,5.2
85,3,03,02,J159,355670,3524132030210,7,7.8,0.8
2,3,09,02,J218,351907,3525131904900,3,5.3,2.3
1,1,10,02,J219,350950,3525128207250,6,5.4,0.6
6,3,07,02,J459,351907,3525104800734,3,3.2,0.2
1,3,08,02,J180,355240,3525104834427,3,5.4,2.4
3,1,07,02,J219,350950,3525118445410,6,5.4,0.6
1,1,05,02,J159,355240,3525104335830,3,5.4,2.4
84,1,07,02,J44,350950,3525121209885,1,8.0,7.0
62,1,07,01,J323,353340,3525104800712,2,1.6,0.4
98,3,10,02,J189,352050,3525131800619,5,6.9,1.9
69,1,08,02,J189,350950,3525121238463,3,8.6,5.6
65,3,05,02,J969,352050,3525119138497,7,9.3,2.3
74,1,09,02,J441,352050,3525126523919,4,8.0,4.0
5,3,09,02,J80,350950,3525121266777,4,6.6,2.6
87,3,05,02,J189,355670,3525114259227,1,7.4,6.4
6,3,12,02,J218,350950,3525135802793,4,5.1,1.1
40,1,03,02,J159,353650,3525116098889,1,8.1,7.1
62,3,08,02,J189,350160,3525128569402,30,8.8,21.2
69,3,09,02,J948,354580,3525128644830,20,9.7,10.3
4,3,04,02,J459,350950,3525104330704,2,3.2,1.2
5,1,10,02,J459,350950,3525128196612,3,3.2,0.2
96,1,09,02,J180,350160,3525131758764,5,6.6,1.6
53,3,03,01,J955,355240,3525104310035,2,6.3,4.3
2,1,07,02,J218,351907,3525127042437,7,5.5,1.5
5,1,10,02,J960,350950,3525128210582,5,6.6,1.6
8,1,04,02,J46,352340,3525111548123,2,3.2,1.2
2,1,09,02,J219,350950,3525104446776,4,5.5,1.5
45,1,08,01,J989,352050,3525126513227,1,7.2,6.2
42,1,06,02,J189,352050,3525122786746,6,9.4,3.4
81,3,01,02,J189,352050,3524131566384,6,7.8,1.8
36,3,06,02,J938,350950,3525118445959,29,8.8,20.2
60,3,12,02,J81,354580,3525135174957,10,10.9,0.9
5,1,10,02,J90,352050,3525131778091,2,6.6,4.6
10,3,12,02,J458,350950,3525135798129,5,3.2,1.8
82,3,04,02,J159,351907,3525104323191,5,7.8,2.8
78,1,07,02,J441,350950,3525121202284,29,8.1,20.9
42,1,05,02,J180,351280,3525122821990,21,9.0,12.0
53,1,06,02,J90,353650,3525120498130,8,9.9,1.9
88,1,05,02,J189,353710,3525117222957,5,7.4,2.4
6,1,03,02,J218,350950,3525111684237,5,5.1,0.1
30,3,06,02,J18,350950,3525121184882,3,6.6,3.6
11,1,02,02,J159,350950,3524102900428,7,5.0,2.0
57,3,10,02,J168,353180,3525133165026,1,8.3,7.3
8,3,11,02,J110,350160,3525134329618,2,5.1,3.1
63,3,09,01,J955,350380,3525104448217,2,7.1,5.1
26,3,10,01,J348,350950,3525104480502,3,1.5,1.5
3,1,11,02,J189,352050,3525134275960,4,5.4,1.4
13,1,06,02,J159,355620,3525125775930,6,6.1,0.1
44,1,01,02,J459,350160,3525112453610,2,6.7,4.7
75,3,12,02,J189,353710,3525137025817,3,8.6,5.6
86,3,03,02,J188,350950,3525111652909,8,7.4,0.6
23,3,07,02,J188,350950,3525121200986,9,6.5,2.5
34,3,01,02,J189,355620,3525111814422,6,7.3,1.3
70,1,06,02,J441,350950,3525118463537,5,8.3,3.3
90,1,07,02,J189,352050,3525122786317,15,7.3,7.7
4,3,07,02,J069,350950,3525121202196,3,3.3,0.3
1,3,07,02,J960,355240,3525104394955,6,7.5,1.5
68,3,12,02,J158,350950,3525135794830,14,8.5,5.5
5,1,08,02,J039,355240,3525104804749,2,3.2,1.2
31,3,01,02,J18,350950,3524130862110,9,6.9,2.1
10,1,06,02,J219,355240,3525104751388,2,5.0,3.0
10,3,08,02,J938,350950,3525104425953,4,6.2,2.2
54,1,06,02,J180,351907,3525124269502,8,9.1,1.1
57,1,01,02,J189,351280,3525113373848,2,9.3,7.3
2,3,07,02,J960,352050,3525122783567,23,7.3,15.7
2,1,07,02,J210,350950,3525121220016,2,5.5,3.5
9,3,11,02,J210,355670,3525123487864,4,5.1,1.1
9,1,09,02,J210,353710,3525104445082,6,5.0,1.0
2,1,07,02,J960,354580,3525104388971,28,8.4,19.6
5,3,02,02,J219,350950,3524130867180,31,5.3,25.7
6,1,05,02,J969,350160,3525118638239,1,6.6,5.6
26,1,04,02,J118,350950,3525100259703,8,6.7,1.3
21,1,03,02,J210,350160,3525104661397,3,7.2,4.2
82,1,11,02,J189,355620,3525133624001,5,7.9,2.9
5,1,07,02,J218,351907,3525104758494,1,5.3,4.3
39,3,01,02,J81,353180,3525114197484,15,8.6,6.4
29,1,06,02,J219,352470,3525124147149,2,7.5,5.5
3,3,10,01,J371,350950,3525104459404,1,1.5,0.5
10,3,04,02,J960,350950,3525118387758,4,6.2,2.2
41,1,06,02,J96,351907,3525124268534,1,8.0,7.0
11,3,08,02,J961,350950,3525121249078,28,6.4,21.6
4,1,06,02,J458,350950,3525118465440,6,3.3,2.7
1,3,06,02,J041,350950,3525118443682,10,3.3,6.7
3,1,06,02,J219,350950,3525118452350,3,5.4,2.4
39,3,03,02,J180,350950,3525111654999,10,6.8,3.2
6,3,06,02,J40,355620,3525121149924,4,3.2,0.8
66,3,11,02,J189,352050,3525134268931,6,8.3,2.3
36,1,06,01,J342,350380,3525104766095,2,1.6,0.4
1,3,07,02,J960,350950,3525104387167,4,7.5,3.5
63,3,03,02,J189,353650,3525116095886,2,8.2,6.2
79,3,06,02,J189,354580,3525118985070,6,8.0,2.0
80,1,06,02,J180,350950,3525118459687,4,7.9,3.9
44,1,10,02,J36,350950,3525104464420,4,4.0,0.0
2,1,10,02,J459,350950,3525128188285,4,3.6,0.4
1,1,07,02,J210,353710,3525126433466,6,5.5,0.5
44,1,10,02,J180,350950,3525128188483,5,8.0,3.0
7,1,05,02,J210,350950,3525118899907,6,5.2,0.8
53,3,06,02,J960,350950,3525121179525,6,9.7,3.7
76,1,08,02,J91,355670,3525123474323,14,10.0,4.0
4,3,05,02,J180,352050,3525119130819,2,5.4,3.4
84,3,10,02,J189,350950,3525128187482,7,8.1,1.1
3,1,04,02,J960,355240,3525104692670,24,7.2,16.8
5,3,07,02,J960,350950,3525121192978,4,6.6,2.6
71,1,02,02,J180,350950,3525111636520,3,8.5,5.5
1,1,06,02,J210,354580,3525104749089,2,5.5,3.5
86,3,07,02,J180,350950,3525121224009,12,7.4,4.6
57,3,03,02,J189,354580,3525111507160,10,8.3,1.7
81,3,02,02,J90,352050,3525111461377,10,9.5,0.5
5,1,01,02,J180,352050,3524131574590,1,5.3,4.3
4,3,04,02,J459,350950,3525111697371,1,3.2,2.2
5,1,05,02,J210,350950,3525118408614,2,5.3,3.3
1,1,04,02,J969,350950,3525111697305,18,8.1,9.9
4,1,07,02,J218,350950,3525121202152,6,5.4,0.6
85,3,08,02,J159,355670,3525123474466,8,7.8,0.2
11,3,04,02,J960,355240,3525104692758,2,6.4,4.4
54,1,10,02,J90,350950,3525104463947,5,10.5,5.5
72,3,11,02,J988,350160,3525134327319,3,9.7,6.7
2,3,09,02,J459,350950,3525128168936,4,3.4,0.6
3,1,02,01,J352,352340,3525111536188,1,1.6,0.6
1,3,03,02,J219,350950,3525111686107,2,5.3,3.3
76,1,07,02,J960,350950,3525118446322,30,10.0,20.0
3,1,06,02,J219,350950,3525118466199,17,5.4,11.6
70,1,04,02,J159,352050,3525116071170,6,8.5,2.5
59,1,04,01,J86,350950,3525104331474,5,7.5,2.5
2,3,07,02,J960,353650,3525126437558,3,7.3,4.3
78,1,04,02,J90,350950,3525118372127,6,9.8,3.8
2,3,07,02,J180,355240,3525104792583,5,5.3,0.3
79,1,07,02,J690,353710,3525125212818,3,9.8,6.8
93,1,06,02,J189,352470,3525121331710,6,7.4,1.4
39,3,11,01,J342,352050,3525104939114,1,1.6,0.6
17,3,08,02,J219,355240,3525104831920,7,6.5,0.5
7,3,01,02,J219,350950,3525111602947,5,5.1,0.1
79,3,12,02,J449,352050,3525134276631,20,7.9,12.1
6,3,02,02,J459,351907,3525114721051,3,3.2,0.2
90,3,03,02,J18,350950,3525111671301,13,7.4,5.6
60,1,10,01,J328,350160,3525104460097,3,1.6,1.4
89,3,06,02,J189,353710,3525125212059,5,7.4,2.4
6,1,04,02,J210,354580,3525111510239,9,5.1,3.9
7,1,05,02,J128,350950,3525120495160,2,5.2,3.2
4,3,01,02,J960,350950,3524130839229,30,7.1,22.9
17,1,10,02,J180,350950,3525128198120,5,6.5,1.5
10,1,08,02,J959,350950,3525121246383,7,6.0,1.0
5,3,04,01,J955,350950,3525104321420,2,5.6,3.6
67,3,11,02,J189,355670,3525123486456,9,8.4,0.6
73,1,06,01,J110,353650,3525120500760,3,9.3,6.3
10,1,03,01,J359,353650,3525118891448,1,1.5,0.5
60,3,02,02,J159,355670,3524132023654,6,8.9,2.9
88,3,05,02,J189,353650,3525118900150,4,7.4,3.4
12,3,02,02,J159,351907,3525111633791,15,6.2,8.8
81,3,10,02,J449,352050,3525131797803,5,7.6,2.6
23,1,05,02,J931,350950,3525118431241,14,7.9,6.1
71,3,08,02,J189,350160,3525128567829,16,8.5,7.5
60,1,11,02,J189,350950,3525135784841,4,8.8,4.8
1,1,09,02,J960,350950,3525104432542,24,7.9,16.1
1,3,12,02,J451,350950,3525104512171,2,3.9,1.9
2,1,09,02,J960,350950,3525128165120,10,8.4,1.6
74,3,07,02,J189,350950,3525121190921,29,8.4,20.6
51,3,09,01,J348,350950,3525128163623,14,1.7,12.3
65,3,06,02,J91,350160,3525121527059,4,9.4,5.4
65,1,06,01,J324,354580,3525104751421,1,1.7,0.7
4,3,03,02,J218,350950,3525111678044,5,5.4,0.4
21,3,02,02,J219,355240,3525104628914,5,5.6,0.6
8,1,03,02,J219,350950,3525111655087,3,5.1,2.1
66,3,06,02,J189,350950,3525118455155,8,8.3,0.3
1,1,01,02,J189,355670,3524132019463,3,5.4,2.4
49,3,11,02,J80,355620,3525133627180,2,9.6,7.6
1,3,01,02,J80,350950,3524130875903,36,7.5,28.5
1,1,10,02,J969,350950,3525104465289,23,8.1,14.9
93,1,07,02,J180,350950,3525121202691,28,7.4,20.6
3,3,05,02,J960,350950,3525118407877,1,7.1,6.1
6,1,06,02,J960,350950,3525104367917,8,6.7,1.3
69,3,09,02,J960,350160,3525128575452,1,9.7,8.7
6,1,11,02,J159,350950,3525128250006,2,5.1,3.1
75,3,12,02,J960,350950,3525135815212,23,9.9,13.1
30,1,10,01,J342,354800,3525104931910,2,1.6,0.4
41,1,10,02,J189,352050,3525131791346,4,8.3,4.3
1,3,05,02,J960,350950,3525118437093,23,7.5,15.5
5,3,09,01,J110,352340,3525111577450,1,4.6,3.6
54,3,07,02,J969,352050,3525122799517,12,9.9,2.1
74,1,08,02,J189,350950,3525121257977,7,8.5,1.5
76,1,08,02,J80,350950,3525121233964,6,10.0,4.0
2,1,12,02,J960,350950,3525135802958,6,8.4,2.4
81,3,07,02,J189,350160,3525125924947,1,7.8,6.8
5,1,12,02,J218,352050,3525134294550,1,5.3,4.3
15,3,04,02,J36,352050,3525116055461,4,3.4,0.6
1,1,11,02,J040,350950,3525128228303,4,3.0,1.0
47,1,06,02,J459,354580,3525118984442,2,6.6,4.6
49,3,06,02,J36,355670,3525114263066,1,4.2,3.2
82,3,07,02,J189,354580,3525118987742,7,7.8,0.8
74,3,09,02,J189,351280,3525131645739,2,8.4,6.4
1,1,07,02,J218,350950,3525121208939,8,5.5,2.5
5,1,06,02,J219,350950,3525118413740,3,5.3,2.3
25,3,01,02,J459,350950,3524130859920,4,3.5,0.5
6,1,09,01,J955,350950,3525104451671,2,5.8,3.8
1,3,03,02,J219,350950,3525111683962,1,5.3,4.3
69,1,03,02,J441,350950,3525111684083,7,8.8,1.8
10,3,02,02,J218,354580,3525111499415,3,5.1,2.1
88,3,05,02,J189,355620,3525121147394,5,7.4,2.4
2,1,06,02,J158,350950,3525118443550,3,5.5,2.5
2,3,03,02,J459,350950,3525111670443,5,3.4,1.6
9,1,10,02,J189,350950,3525128188824,1,5.1,4.1
1,3,09,02,J128,355240,3525126443399,12,5.4,6.6
1,1,10,02,J189,353650,3525104480524,10,5.4,4.6
30,3,01,02,J069,354580,3525104600897,1,3.3,2.3
82,3,07,02,J158,350950,3525121204660,4,7.8,3.8
85,3,06,02,J189,353650,3525120500858,6,7.8,1.8
37,3,10,02,J200,350950,3525128198746,1,6.8,5.8
26,3,02,02,J36,353650,3525111778485,2,3.3,1.3
37,1,05,02,J431,350950,3525118423849,6,6.7,0.7
4,1,07,02,J219,355620,3525125778636,4,5.4,1.4
72,3,02,02,J189,354580,3525111498249,11,8.4,2.6
5,3,05,02,J219,350950,3525118426313,6,5.3,0.7
9,3,06,02,J219,350950,3525118441713,2,5.1,3.1
63,3,11,02,J441,351280,3525134933463,11,7.3,3.7
1,3,08,02,J989,350950,3525104422400,18,7.5,10.5
35,3,07,02,J960,352050,3525104398992,11,8.5,2.5
7,1,09,02,J459,353650,3525104434621,1,3.2,2.2
83,1,09,02,J189,353340,3525130495161,6,7.9,1.9
80,1,06,02,J449,352050,3525122782929,3,7.8,4.8
79,3,06,02,J180,351905,3525104747560,2,8.0,6.0
1,3,08,02,J969,350950,3525104421157,48,7.5,40.5
71,3,10,02,J969,350950,3525104457358,2,9.9,7.9
26,1,06,02,J960,351907,3525104745888,6,8.0,2.0
4,1,09,02,J180,350950,3525121272464,4,5.4,1.4
2,3,09,02,J159,350950,3525128168892,3,5.3,2.3
70,3,09,02,J80,350950,3525128166330,7,9.7,2.7
47,3,11,02,J188,354580,3525128660757,7,8.0,1.0
7,1,03,02,J960,355240,3525104653565,2,6.3,4.3
75,1,09,02,J159,350950,3525128155604,5,8.6,3.6
10,3,02,02,J189,350160,3525111498381,3,5.1,2.1
67,1,09,02,J449,355240,3525133188710,6,8.4,2.4
1,3,07,02,J219,350950,3525121187962,8,5.4,2.6
1,1,07,02,J219,350950,3525121211062,21,5.5,15.5
4,1,08,02,J960,351907,3525126441078,3,7.2,4.2
66,1,10,02,J985,351905,3525104459151,6,9.6,3.6
40,3,10,02,J90,351907,3525104466939,3,8.6,5.6
83,1,10,02,J180,353200,3525113709777,4,7.9,3.9
1,1,12,02,J189,350950,3525135808392,2,5.4,3.4
90,3,06,02,J189,355620,3525121149352,9,7.5,1.5
9,1,05,02,J960,355240,3525120497272,4,6.2,2.2
11,1,09,02,J219,352470,3525130108050,1,5.0,4.0
12,1,10,02,J960,351907,3525104918709,2,6.7,4.7
11,1,04,02,J210,350950,3525111696546,4,5.0,1.0
80,1,05,02,J450,350950,3525118414235,6,8.1,2.1
83,3,08,02,J459,350950,3525121257515,2,7.6,5.6
65,1,08,02,J189,353710,3525125213270,5,8.4,3.4
2,3,11,02,J180,355240,3525104936540,4,5.3,1.3
68,1,05,02,J448,350160,3525118637557,4,8.4,4.4
7,1,10,02,J80,350950,3525128212640,2,6.3,4.3
1,1,05,02,J210,353650,3525118899445,6,5.4,0.6
12,1,12,02,J189,355240,3525104968737,4,6.1,2.1
55,1,05,02,J110,352340,3525111554954,2,9.3,7.3
27,1,01,01,J342,351515,3525100355799,1,1.6,0.6
1,3,12,02,J459,350950,3525135807138,4,3.9,0.1
65,3,03,02,J189,350160,3525118628713,13,8.3,4.7
10,3,07,02,J960,350380,3525104390863,3,6.2,3.2
69,1,06,02,J942,352050,3525122782467,6,10.2,4.2
55,3,12,02,J949,353340,3525130499407,8,9.8,1.8
64,3,07,02,J18,350950,3525121203021,5,8.3,3.3
48,3,09,02,J459,351907,3525131904470,6,6.3,0.3
50,1,05,02,J441,350950,3525104351923,1,6.3,5.3
9,1,05,02,J158,354580,3525104347523,8,5.1,2.9
4,3,03,02,J189,352340,3525111540005,4,5.4,1.4
80,3,07,02,J128,350950,3525121192593,13,7.8,5.2
10,3,05,02,J459,353650,3525120494456,3,3.2,0.2
73,3,07,02,J189,350950,3525127045242,4,8.5,4.5
74,3,11,02,J90,353650,3525135271560,55,9.7,45.3
43,3,06,02,J180,355240,3525118444067,8,7.4,0.6
16,3,08,01,J342,351280,3525104804199,1,1.5,0.5
1,1,02,02,J960,351907,3524102901297,7,8.1,1.1
1,3,11,02,J040,354580,3525128658799,3,3.4,0.4
1,1,03,02,J210,350950,3525111667033,8,5.4,2.6
55,3,03,01,J342,350950,3525111633813,1,1.6,0.6
13,1,04,01,J359,351280,3525104326414,2,1.5,0.5
63,3,04,02,J180,350950,3525118394006,4,8.2,4.2
1,3,06,02,J219,354800,3525118449831,9,5.4,3.6
2,3,04,02,J219,351907,3525119450204,4,5.3,1.3
6,1,07,02,J960,355240,3525104389532,18,6.7,11.3
9,1,04,02,J960,353650,3525118894506,5,6.2,1.2
1,1,09,02,J210,350950,3525128162281,7,5.5,1.5
4,3,04,02,J219,355620,3525118470698,2,5.4,3.4
42,1,09,02,J15,353180,3525126073447,8,9.4,1.4
28,3,09,02,J450,351280,3525131645123,1,4.6,3.6
3,1,06,02,J189,350160,3525121526025,4,5.4,1.4
3,1,10,02,J960,353180,3525104916729,5,7.2,2.2
97,1,12,02,J939,351280,3525134934739,1,6.1,5.1
7,3,03,02,J189,350950,3525111687801,7,5.1,1.9
64,3,12,02,J81,355240,3525104966746,8,9.3,1.3
1,1,06,02,J180,352470,3525124148854,3,5.5,2.5
72,3,07,02,J189,352340,3525111564645,3,8.5,5.5
1,3,06,02,J189,355620,3525124450089,6,5.4,0.6
80,1,08,01,J952,350950,3525121247439,1,8.8,7.8
31,3,07,02,J188,354580,3525117375967,4,6.9,2.9
65,1,05,02,J180,355240,3525104717013,15,8.4,6.6
76,1,08,02,J189,351907,3525129002406,7,8.6,1.6
5,3,12,02,J180,352340,3525111592541,2,5.3,3.3
1,3,08,02,J218,352050,3525126517430,4,5.4,1.4
3,1,05,02,J210,352050,3525119138662,3,5.4,2.4
2,3,05,02,J960,350160,3525104718795,14,7.2,6.8
88,1,05,02,J189,355620,3525121146184,5,7.4,2.4
6,1,08,01,J350,350950,3525501587454,1,1.5,0.5
1,3,12,02,J218,351907,3525135170513,8,5.3,2.7
5,3,10,02,J41,350950,3525128192113,5,3.2,1.8
46,1,07,02,J180,350160,3525125929028,3,8.2,5.2
17,1,10,01,J343,352340,3525111582806,1,1.5,0.5
7,3,02,02,J459,350950,3525104623447,1,3.2,2.2
21,3,08,02,J80,355240,3525121228850,6,10.6,4.6
6,3,12,02,J189,352050,3525134292504,22,5.1,16.9
1,1,09,02,J960,350950,3525104436535,7,7.9,0.9
67,3,01,02,J189,350160,3525112453148,5,8.4,3.4
8,1,11,02,J459,355670,3525123486490,4,3.2,0.8
4,3,03,02,J068,350950,3525111670388,1,3.3,2.3
7,1,09,02,J188,350950,3525128160830,4,5.0,1.0
39,1,11,02,J068,350950,3525104487290,1,3.3,2.3
51,3,06,02,J189,350160,3525121526223,11,8.3,2.7
78,1,10,02,J168,353180,3525133165455,3,8.1,5.1
3,1,10,02,J219,350950,3525128200924,10,5.4,4.6
84,3,05,02,J188,350950,3525118424487,15,8.1,6.9
58,1,06,02,J180,354580,3525104378125,12,9.5,2.5
2,1,06,02,J219,355620,3525121151178,4,5.5,1.5
5,3,08,02,J960,350950,3525121233557,5,6.6,1.6
3,1,11,02,J180,350950,3525128235090,7,5.4,1.6
12,3,08,02,J459,350950,3525121244030,3,3.3,0.3
55,3,02,02,J459,350950,3524102891474,8,6.4,1.6
77,3,07,02,J11,353650,3525126435930,1,7.8,6.8
63,3,07,02,J440,350950,3525121215165,4,7.7,3.7
92,3,04,02,J18,350950,3525118397944,2,7.1,5.1
91,3,07,02,J189,352050,3525122803862,6,7.2,1.2
1,3,01,02,J209,350950,3524130865376,2,5.3,3.3
8,3,07,02,J219,350380,3525104384901,1,5.1,4.1
71,1,07,02,J189,352470,3525126433500,23,8.5,14.5
36,3,07,02,J168,353180,3525120888872,7,7.5,0.5
70,3,03,02,J189,354580,3525111504387,11,8.5,2.5
7,3,08,02,J218,354580,3525128641969,3,5.1,2.1
67,3,07,02,J90,352050,3525119142600,6,9.5,3.5
6,1,03,02,J980,355620,3525116077505,4,6.6,2.6
57,1,02,02,J80,351280,3525113374761,2,9.3,7.3
5,1,06,02,J450,350950,3525118454121,3,3.2,0.2
3,1,07,02,J040,354580,3525104402589,7,3.3,3.7
53,3,05,01,J955,355240,3525104340000,2,6.3,4.3
1,1,12,02,J180,350950,3525128249907,1,5.4,4.4
3,1,12,02,J180,352340,3525111593102,2,5.4,3.4
2,3,10,02,J450,350950,3525128223177,2,3.4,1.4
23,3,03,02,J180,350950,3525111665328,2,6.5,4.5
67,1,06,02,J449,355670,3525114261845,10,8.4,1.6
62,1,12,02,J189,352340,3525111596325,2,8.7,6.7
5,3,10,02,J180,350950,3525128192223,7,5.3,1.7
90,1,10,02,J159,355670,3525123485191,3,7.5,4.5
7,3,02,02,J431,350950,3525111649488,3,3.2,0.2
82,3,02,02,J189,350950,3525111643614,7,7.8,0.8
7,1,09,02,J189,352470,3525130107940,3,5.0,2.0
68,1,06,02,J219,353650,3525120497613,10,8.5,1.5
75,3,10,02,J441,350950,3525128210857,1,8.1,7.1
2,1,11,02,J041,353650,3525104493911,15,3.6,11.4
1,3,11,02,J180,355620,3525104497013,3,5.3,2.3
58,1,03,02,J984,355620,3525118468410,4,11.8,7.8
77,3,07,02,J180,350950,3525104397628,14,7.8,6.2
73,3,05,02,J159,350950,3525120495523,1,8.4,7.4
2,1,12,02,J180,355240,3525104969474,8,5.5,2.5
67,3,06,02,J960,350950,3525104374000,8,9.5,1.5
4,1,01,02,J960,355240,3525104595507,5,7.2,2.2
56,3,06,02,J180,355240,3525104755623,3,8.2,5.2
2,3,05,02,J960,350950,3525118414697,9,7.2,1.8
33,1,06,01,J342,351515,3525118109216,1,1.6,0.6
6,1,06,02,J180,351907,3525124267720,2,5.1,3.1
6,3,10,02,J459,351280,3525133190414,4,3.2,0.8
7,1,10,02,J46,355620,3525133622285,3,3.2,0.2
3,1,01,02,J210,350950,3524130865519,6,5.4,0.6
63,1,05,02,J449,354580,3525118976852,10,7.8,2.2
11,3,01,02,J960,353650,3525111772358,3,6.4,3.4
2,1,12,02,J210,354580,3525104968121,1,5.5,4.5
62,3,05,02,J449,352050,3525119139608,3,7.2,4.2
77,1,01,02,J181,352050,3524131569410,5,7.9,2.9
62,1,10,01,J330,352050,3525104931876,2,1.6,0.4
7,3,09,02,J128,355240,3525126443267,4,5.1,1.1
9,3,07,02,J218,350950,3525104381821,1,5.1,4.1
1,3,08,02,J960,350950,3525122121818,6,7.5,1.5
1,1,06,02,J219,350950,3525121180691,32,5.5,26.5
4,3,08,02,J219,350950,3525121260860,2,5.4,3.4
9,3,06,02,J180,352340,3525111559838,3,5.1,2.1
3,1,01,02,J210,350950,3525111616939,16,5.4,10.6
24,3,07,01,J342,355240,3525104800899,1,1.5,0.5
63,3,02,02,J690,353710,3525111698933,3,9.2,6.2
45,3,04,02,J189,351280,3525117220174,3,7.5,4.5
61,3,04,02,J961,350950,3524102915014,7,11.3,4.3
1,1,04,02,J210,350950,3525118391443,6,5.4,0.6
55,1,12,02,J069,350950,3525135818182,4,4.4,0.4
59,3,11,02,J449,355620,3525133625640,9,7.9,1.1
4,1,07,02,J960,354580,3525104400026,7,7.2,0.2
84,3,02,02,J189,352050,3525111480803,4,8.1,4.1
1,1,07,02,J210,350950,3525121222480,7,5.5,1.5
85,3,01,02,J189,350950,3524130865849,25,7.8,17.2
10,1,07,02,J450,350950,3525121225220,1,3.1,2.1
2,3,06,02,J459,353650,3525120497877,2,3.4,1.4
1,3,12,02,J960,350950,3525135803794,8,7.5,0.5
87,3,03,02,J948,353340,3525114057971,7,8.5,1.5
30,1,05,02,J158,350950,3525104358765,1,7.6,6.6
28,3,08,01,J328,350950,3525127569007,1,1.6,0.6
92,1,12,02,J180,353200,3525133185101,1,7.0,6.0
11,1,08,02,J459,352470,3525128321088,2,3.1,1.1
2,1,12,02,J960,355240,3525104942216,9,8.4,0.6
82,1,01,02,J189,350950,3524130870579,9,7.9,1.1
62,1,09,02,J441,350950,3525121266865,11,8.1,2.9
8,1,07,02,J458,350950,3525121218597,4,3.2,0.8
73,3,01,02,J180,353180,3525111598426,1,8.4,7.4
64,1,04,02,J441,352050,3525116057837,10,8.4,1.6
5,1,05,02,J210,350950,3525118408460,1,5.3,4.3
42,3,09,02,J189,353650,3525133187444,12,7.6,4.4
2,1,03,02,J189,355620,3525116077373,7,5.5,1.5
3,1,06,02,J188,350950,3525118441152,5,5.4,0.4
85,3,06,02,J159,355670,3525114261240,14,7.8,6.2
70,3,05,02,J90,350380,3525118423035,2,9.8,7.8
56,3,06,02,J189,354580,3525118981659,8,8.2,0.2
52,3,07,02,J449,352050,3525122791905,4,7.5,3.5
79,3,06,02,J159,350160,3525125925002,1,8.0,7.0
2,1,10,02,J218,350950,3525128223496,12,5.5,6.5
6,1,05,02,J159,350950,3525114256873,5,5.1,0.1
11,3,04,02,J218,350950,3525118372534,4,5.1,1.1
10,1,01,02,J36,350950,3525111814235,1,3.3,2.3
75,1,04,02,J449,355670,3525114251439,15,8.6,6.4
1,3,10,02,J218,350950,3525128184787,1,5.3,4.3
6,1,09,01,J960,351907,3525104441232,17,5.8,11.2
72,1,06,01,J988,353650,3525104362318,3,7.2,4.2
1,1,10,02,J210,350950,3525128223420,2,5.4,3.4
1,1,10,02,J181,350950,3525128192135,2,5.4,3.4
1,3,07,02,J219,350950,3525104400422,3,5.4,2.4
62,1,02,01,J930,350950,3524102896919,3,7.6,4.6
61,1,10,02,J90,350950,3525128195941,9,11.5,2.5
10,3,08,02,J988,350950,3525104424480,15,6.2,8.8
62,1,11,02,J189,353340,3525104158774,6,8.7,2.7
97,3,03,02,J180,350950,3525111665064,17,7.1,9.9
3,1,04,02,J450,350950,3525118396723,3,3.3,0.3
68,3,08,02,J45,350950,3525121237462,2,8.2,6.2
8,1,06,02,J960,350950,3525104369699,4,6.4,2.4
7,3,08,02,J459,354580,3525104829147,7,3.2,3.8
3,3,06,02,J210,353650,3525120501023,6,5.4,0.6
39,3,01,01,J342,352050,3525104612183,2,1.6,0.4
1,1,04,02,J219,350950,3525111697393,3,5.4,2.4
59,3,05,02,J180,350950,3525118412410,3,8.5,5.5
52,1,09,02,J449,352470,3525122013260,7,7.3,0.3
3,1,07,02,J450,350950,3525121222250,2,3.3,1.3
4,3,05,02,J180,353340,3525121419578,2,5.4,3.4
55,1,10,01,J958,354580,3525104916366,1,7.3,6.3
4,3,06,02,J459,351907,3525104754600,1,3.3,2.3
1,1,02,02,J189,350950,3525111629050,4,5.4,1.4
69,3,01,02,J189,350950,3525111613562,5,8.5,3.5
39,1,01,02,J80,353650,3525111770257,21,10.1,10.9
75,3,03,02,J189,352050,3525116056649,5,8.6,3.6
63,1,08,02,J18,350950,3525121252004,11,8.3,2.7
1,1,07,02,J218,350950,3525121189250,5,5.5,0.5
80,1,11,02,J449,352050,3525134278193,10,8.1,1.9
1,1,12,02,J960,350950,3525135818600,10,8.1,1.9
1,1,05,02,J219,352050,3525119118983,4,5.4,1.4
4,1,03,02,J159,350950,3525111670179,12,5.4,6.6
3,3,05,02,J219,350950,3525118414752,3,5.4,2.4
7,3,04,02,J069,351907,3525104692549,1,3.4,2.4
1,3,11,02,J159,350950,3525135784467,3,5.3,2.3
92,3,04,02,J040,350950,3525118390849,3,6.1,3.1
79,3,08,01,J91,350950,3525126439054,39,9.1,29.9
6,3,03,02,J189,350950,3525111685667,4,5.1,1.1
1,3,08,02,J189,355620,3525128556026,8,5.4,2.6
4,1,07,02,J459,350950,3525121189689,4,3.3,0.7
83,3,08,02,J189,350160,3525128568016,1,7.8,6.8
63,1,01,02,J81,352340,3524124074438,10,9.6,0.4
23,3,09,02,J219,350950,3525128558842,6,6.5,0.5
26,1,04,02,J180,352470,3525119541999,5,6.7,1.7
11,3,03,02,J210,350950,3525111659707,2,5.1,3.1
3,3,08,02,J459,350950,3525121252015,3,3.3,0.3
68,3,09,02,J960,351907,3525111576129,4,9.6,5.6
73,1,07,02,J159,355670,3525114267719,1,8.5,7.5
4,3,12,02,J189,350950,3525135825662,10,5.4,4.6
1,3,08,01,J189,355620,3525128554299,4,6.2,2.2
1,1,04,02,J36,350950,3525111690661,5,4.8,0.2
71,1,12,02,J189,351280,3525134934354,2,8.5,6.5
78,1,08,02,J960,355240,3525104803715,11,9.7,1.3
2,1,05,02,J36,350950,3525121147614,4,3.6,0.4
6,3,07,02,J219,350950,3525121209995,4,5.1,1.1
7,1,12,02,J459,351907,3525136919601,3,3.2,0.2
72,3,07,02,J189,354580,3525118986719,30,8.5,21.5
3,1,10,02,J955,352340,3525104457677,13,7.2,5.8
1,3,09,02,J159,352470,3525130107500,3,5.4,2.4
60,1,09,02,J189,353340,3525130495843,31,8.9,22.1
4,1,07,02,J459,355240,3525104793353,1,3.3,2.3
59,1,05,02,J938,355620,3525121145975,3,11.0,8.0
44,1,11,01,J955,353650,3525104487542,3,5.0,2.0
88,3,08,02,J449,353650,3525126442398,1,7.6,6.6
52,3,06,02,J449,352050,3525119136187,27,7.5,19.5
2,3,04,02,J159,350950,3525118392940,4,5.3,1.3
2,3,11,02,J459,350950,3525128231526,5,3.4,1.6
82,3,02,02,J168,353180,3525114362935,5,7.8,2.8
89,3,10,02,J81,352340,3525111584797,8,8.5,0.5
12,3,09,02,J90,351515,3525128474054,21,7.1,13.9
46,1,02,02,J168,350950,3525114363595,2,8.2,6.2
85,1,01,02,J189,351280,3525113373826,2,7.7,5.7
47,1,05,02,J189,353710,3525125211311,7,8.6,1.6
1,1,01,02,J00,355240,3525111773931,1,3.0,2.0
31,1,01,01,J351,355240,3525104611501,2,1.6,0.4
1,1,06,02,J960,350950,3525121175378,7,7.9,0.9
6,1,04,02,J180,350160,3525118633850,3,5.1,2.1
8,1,11,01,J351,351280,3525132931441,1,1.5,0.5
66,1,02,01,J328,351280,3525104651244,2,1.7,0.3
7,1,08,01,J353,350950,3525121244007,1,1.5,0.5
2,1,06,02,J459,350950,3525118435982,5,3.6,1.4
7,3,07,02,J459,350950,3525121225285,3,3.2,0.2
74,1,07,02,J948,355240,3525104795949,1,9.9,8.9
36,3,07,01,J342,352340,3525104807015,2,1.6,0.4
77,1,11,01,J853,350380,3525129390948,4,7.5,3.5
79,1,02,02,J180,353340,3525114057531,6,8.1,2.1
51,3,11,02,J189,353650,3525135268963,4,8.4,4.4
64,1,11,02,J960,351907,3525135166905,18,9.7,8.3
3,3,10,02,J180,353200,3525113709722,1,5.4,4.4
6,3,04,01,J181,350160,3525118629241,7,3.9,3.1
2,3,10,02,J180,350950,3525128213915,10,5.3,4.7
76,3,03,02,J189,352470,3525117279630,3,8.6,5.6
78,1,04,02,J180,350160,3525118632288,4,8.1,4.1
2,3,05,02,J219,350950,3525118405039,2,5.3,3.3
69,1,12,02,J449,350950,3525135793938,6,8.8,2.8
26,1,02,02,J938,350950,3524130879775,1,8.2,7.2
6,1,09,02,J218,350160,3525131758544,3,5.1,2.1
73,1,04,02,J189,353650,3525118895958,3,8.5,5.5
81,1,02,02,J189,350950,3525111624078,6,7.9,1.9
84,3,06,02,J188,352050,3525119147869,20,8.1,11.9
45,1,05,02,J960,355240,3525104724735,15,10.1,4.9
1,1,05,02,J180,350160,3525118636061,5,5.4,0.4
11,1,08,02,J189,350950,3525121231379,7,5.0,2.0
10,1,01,02,J80,350950,3525111598536,3,6.0,3.0
61,3,10,02,J391,350950,3525104468644,4,4.4,0.4
39,1,11,02,J459,350950,3525128237444,2,6.7,4.7
59,1,04,02,J180,350950,3525118395975,9,9.5,0.5
2,1,09,02,J459,350950,3525121270759,6,3.6,2.4
3,3,04,02,J80,350950,3525118469631,2,7.1,5.1
87,3,05,02,J189,351280,3525122822067,3,7.4,4.4
87,3,09,02,J189,353340,3525130495546,7,7.4,0.4
7,1,10,02,J180,355240,3525104918203,7,5.2,1.8
9,3,05,02,J459,350950,3525118400188,5,3.2,1.8
91,1,10,02,J449,352050,3525131802357,4,7.2,3.2
3,3,06,02,J459,354580,3525118981483,2,3.3,1.3
4,1,04,02,J459,351907,3525119449720,4,3.3,0.7
3,1,05,02,J189,353340,3525114060820,3,5.4,2.4
20,1,11,02,J069,350950,3525128241382,6,3.1,2.9
1,1,09,02,J390,350950,3525128167671,6,4.8,1.2
83,3,03,02,J90,350950,3525111618754,20,9.5,10.5
88,3,05,02,J159,350950,3525118418481,1,7.4,6.4
1,3,08,02,J210,350160,3525128569920,5,5.4,0.4
8,1,02,02,J960,350950,3525111648784,2,6.2,4.2
2,1,04,02,J189,350160,3525118629494,9,5.5,3.5
41,1,08,02,J90,352050,3525126505681,13,8.0,5.0
7,1,08,01,J352,352340,3525111569496,1,1.5,0.5
13,1,02,02,J45,350950,3525111649598,2,3.2,1.2
6,3,11,02,J180,355240,3525104935110,7,5.1,1.9
53,1,11,01,J90,353340,3525104497101,10,6.5,3.5
33,1,08,02,J930,350950,3525121259990,1,9.0,8.0
24,3,02,02,J960,351907,3524102900714,20,7.9,12.1
4,3,03,02,J459,352050,3525116057771,3,3.2,0.2
85,3,06,02,J189,350950,3525118455254,9,7.8,1.2
80,1,12,02,J189,352050,3525134289325,3,7.9,4.9
2,1,05,02,J159,350950,3525118404335,3,5.5,2.5
15,3,11,01,J342,351280,3525104944130,2,1.5,0.5
60,3,05,02,J189,351280,3525122821176,4,8.9,4.9
71,1,03,02,J189,353340,3525114057916,17,8.5,8.5
3,1,07,02,J960,355240,3525104800833,6,7.2,1.2
6,1,10,02,J960,350950,3525104465113,25,6.6,18.4
72,3,07,02,J189,353710,3525125212280,6,8.5,2.5
34,1,09,01,J90,350950,3525121273993,15,6.0,9.0
4,1,03,01,J21,355670,3525114187056,1,4.9,3.9
9,1,07,02,J46,350950,3525125778702,3,3.2,0.2
6,1,10,02,J219,355240,3525133193164,5,5.1,0.1
60,3,03,02,J458,355670,3524132029396,1,7.7,6.7
51,3,12,02,J459,353180,3525104970080,1,7.5,6.5
53,1,03,02,J91,350950,3525111646936,6,9.9,3.9
10,1,05,02,J219,350950,3525118419823,4,5.0,1.0
23,3,06,02,J459,352050,3525122787483,4,3.5,0.5
75,3,09,02,J188,350950,3525128175459,8,8.5,0.5
63,1,04,02,J189,352470,3525117281257,12,8.2,3.8
3,3,07,02,J180,351907,3525104757284,5,5.4,0.4
11,1,05,02,J219,350950,3525118426258,4,5.0,1.0
6,3,08,02,J459,353650,3525126438230,2,3.2,1.2
80,3,11,02,J189,352340,3525111586491,16,7.8,8.2
53,3,12,02,J80,350950,3525135818590,6,9.7,3.7
55,1,01,02,J18,350950,3524130872383,16,9.3,6.7
5,1,10,02,J988,350950,3525128184886,6,6.6,0.6
52,3,12,01,J330,351280,3525104967670,1,1.6,0.6
89,1,07,02,J90,351280,3525122823948,1,7.8,6.8
76,3,07,02,J180,350950,3525121200128,22,8.5,13.5
12,3,05,02,J100,350160,3525118637260,2,6.2,4.2
57,3,12,02,J449,352050,3525134294132,6,7.7,1.7
2,1,09,02,J189,352470,3525128159542,2,5.5,3.5
24,1,02,02,J860,355670,3524102905532,33,7.9,25.1
19,1,05,02,J391,351905,3525104342111,4,3.3,0.7
60,1,12,02,J159,355240,3525104504009,11,8.8,2.2
66,3,07,02,J180,350950,3525121225990,3,8.3,5.3
75,3,08,02,J180,355240,3525104804551,10,8.5,1.5
8,3,12,02,J180,350950,3525135819689,5,5.1,0.1
46,1,04,02,J189,350950,3525118369476,3,8.2,5.2
89,3,03,02,J80,350950,3525111652579,6,8.5,2.5
91,3,10,02,J180,350160,3525134323623,4,7.0,3.0
2,3,12,02,J189,352050,3525136899251,1,5.3,4.3
1,1,05,02,J459,350950,3525104335665,1,4.1,3.1
1,3,07,02,J210,350950,3525104389598,4,5.4,1.4
1,1,05,02,J219,350160,3525118637425,4,5.4,1.4
1,3,04,02,J159,350950,3525118371346,4,5.3,1.3
79,1,01,02,J91,351280,3525113373309,6,9.9,3.9
2,3,04,02,J210,350160,3525118633608,2,5.3,3.3
32,1,11,02,J358,350950,3525128229821,2,3.6,1.6
5,1,04,02,J218,350950,3525118374063,3,5.3,2.3
55,3,08,02,J459,350950,3525121263631,10,6.4,3.6
9,1,05,02,J189,350950,3525118415115,4,5.1,1.1
3,1,07,02,J219,350950,3525121219499,12,5.4,6.6
6,3,12,02,J448,352470,3525104516087,53,3.2,49.8
44,3,07,02,J36,353650,3525120502750,12,4.0,8.0
67,1,03,02,J180,354800,3525117002352,1,8.5,7.5
1,1,04,02,J219,350950,3525118378848,2,5.4,3.4
45,1,01,02,J189,355620,3525111815159,8,8.6,0.6
2,1,09,02,J960,353650,3525104434830,16,8.4,7.6
10,1,05,02,J180,351907,3525119074940,5,5.0,0.0
39,3,10,02,J180,350950,3525104879527,14,6.8,7.2
63,3,07,02,J80,350950,3525121186543,14,9.8,4.2
40,1,09,01,J342,351907,3525104891572,2,1.6,0.4
68,3,10,02,J189,352050,3525131790940,3,8.5,5.5
18,1,12,01,J323,351280,3525104964293,1,1.5,0.5
6,1,06,02,J219,350950,3525118452196,6,5.1,0.9
30,1,10,01,J342,355240,3525122303714,1,1.6,0.6
1,1,01,02,J459,350950,3524102875183,1,4.1,3.1
10,1,06,02,J180,351907,3525124267710,3,5.0,2.0
2,3,09,02,J960,355240,3525104452254,19,7.3,11.7
1,1,03,02,J219,352470,3525114724274,4,5.4,1.4
93,1,07,02,J189,352050,3525122801850,3,7.4,4.4
6,3,12,01,J353,350950,3525135791771,1,1.5,0.5
83,3,07,02,J449,355670,3525114268379,9,7.6,1.4
22,1,09,02,J189,351907,3525131903580,2,6.7,4.7
78,3,07,02,J449,353180,3525122805479,6,8.0,2.0
70,1,03,02,J158,350160,3525116085140,7,8.5,1.5
74,1,07,01,J948,355240,3525104798534,1,7.9,6.9
1,3,05,02,J459,351907,3525118897520,3,3.9,0.9
27,3,08,01,J350,353180,3525104848914,2,1.6,0.4
4,1,06,02,J459,351907,3525124266642,4,3.3,0.7
91,1,11,02,J448,350160,3525134329937,12,7.2,4.8
9,3,04,02,J188,350950,3525111696106,14,5.1,8.9
83,3,03,02,J15,350950,3525111651699,11,7.8,3.2
4,3,08,02,J218,351907,3525128998094,5,5.4,0.4
4,3,11,02,J80,350950,3525128246134,5,7.1,2.1
81,3,06,02,J15,353650,3525120501200,3,7.8,4.8
2,3,02,02,J96,353650,3525116092531,2,7.2,5.2
5,1,06,02,J159,350950,3525118444090,8,5.3,2.7
23,1,07,02,J210,350950,3525121218839,14,6.7,7.3
68,3,11,02,J440,350950,3525128237158,2,8.2,6.2
1,1,02,02,J219,350950,3524130869501,25,5.4,19.6
53,1,07,02,J180,350950,3525121215540,16,8.5,7.5
60,1,11,02,J189,350160,3525104493416,18,8.8,9.2
38,3,07,02,J45,350950,3525121209357,5,6.1,1.1
11,1,08,02,J069,355240,3525104827640,1,3.2,2.2
4,1,04,02,J458,350950,3525118372160,4,3.3,0.7
5,1,03,02,J189,355620,3525116079188,3,5.3,2.3
33,1,10,02,J180,353200,3525113709690,3,8.5,5.5
54,1,06,02,J159,352050,3525119144130,2,9.1,7.1
1,3,05,02,J110,354580,3525118981868,3,5.3,2.3
4,3,06,02,J960,350950,3525104773542,9,7.2,1.8
8,1,01,02,J390,351907,3524102882773,8,3.3,4.7
65,3,01,02,J960,351907,3524102883598,16,9.3,6.7
62,1,04,02,J81,353710,3525117221054,6,11.6,5.6
8,1,02,02,J459,351907,3525117323024,7,3.2,3.8
35,1,03,02,J189,351907,3525111656671,9,8.3,0.7
3,3,05,02,J181,351907,3525121412021,6,5.4,0.6
9,3,10,02,J159,352340,3525104457182,5,5.1,0.1
48,3,12,02,J189,350950,3525135808821,2,8.0,6.0
59,3,06,02,J90,350950,3525121183496,5,10.5,5.5
1,3,12,02,J80,350950,3525135795456,22,7.5,14.5
83,3,08,02,J159,352050,3525126519002,5,7.8,2.8
15,3,02,02,J219,355620,3525111817645,1,6.4,5.4
49,1,04,01,J323,351907,3525104662783,1,1.6,0.6
7,3,04,02,J189,354580,3525111512989,6,5.1,0.9
1,3,11,02,J180,350160,3525134329960,10,5.3,4.7
3,3,02,02,J189,355670,3524132027174,5,5.4,0.4
7,1,02,02,J159,355240,3524102896061,6,5.2,0.8
6,3,01,02,J210,350950,3525111616280,3,5.1,2.1
1,3,05,02,J210,353340,3525104717200,8,5.3,2.7
1,1,03,02,J219,350950,3525111677725,23,5.4,17.6
73,3,01,02,J189,353650,3525111774294,6,8.4,2.4
10,3,01,02,J159,350950,3525111616664,3,5.1,2.1
3,3,05,02,J851,355670,3525104360008,9,7.1,1.9
35,1,11,02,J180,353200,3525133184760,1,8.3,7.3
10,1,02,02,J431,350950,3525111643867,1,3.1,2.1
1,1,04,02,J960,350950,3525118395315,20,8.1,11.9
3,3,08,02,J218,351907,3525121230037,4,5.4,1.4
6,1,05,02,J459,350950,3525118423475,3,3.2,0.2
40,3,06,02,J960,350950,3525104376299,7,8.1,1.1
53,3,09,02,J189,352050,3525126522511,9,7.9,1.1
1,1,09,02,J219,351280,3525126443289,2,5.5,3.5
7,1,04,02,J960,354580,3525104692329,5,6.3,1.3
17,3,01,01,J342,350950,3524130830968,1,1.5,0.5
10,1,11,02,J459,353340,3525130498440,3,3.1,0.1
3,3,01,02,J039,355620,3525111815753,3,3.3,0.3
66,3,08,02,J90,350160,3525104415778,1,9.4,8.4
3,3,12,02,J180,354580,3525104964436,2,5.4,3.4
70,3,07,02,J180,350950,3525121199490,12,8.5,3.5
6,1,08,02,J969,352050,3525126512150,2,6.7,4.7
40,3,06,02,J159,350950,3525114264342,4,6.7,2.7
1,3,06,02,J219,352470,3525124147314,1,5.4,4.4
1,3,04,02,J218,351907,3525119451128,2,5.3,3.3
82,1,06,02,J068,352050,3525104378620,2,3.9,1.9
68,3,11,02,J969,351907,3525104500522,3,9.5,6.5
1,3,10,02,J189,352050,3525131802280,1,5.3,4.3
11,1,06,02,J960,353650,3525120498823,6,6.1,0.1
5,1,08,02,J180,353180,3525104834548,5,5.3,0.3
5,1,06,02,J218,350950,3525118445630,3,5.3,2.3
1,1,12,02,J218,350950,3525135799570,3,5.4,2.4
2,3,12,02,J188,350950,3525135794664,4,5.3,1.3
2,1,03,02,J219,353650,3525116098780,6,5.5,0.5
85,3,11,02,J90,353650,3525135268578,8,9.8,1.8
7,1,12,02,J180,354580,3525135173263,3,5.2,2.2
75,3,06,02,J181,355240,3525118461854,10,8.5,1.5
4,3,05,02,J459,351907,3525104335082,1,3.2,2.2
1,3,07,02,J458,350950,3525121200304,6,3.9,2.1
71,1,02,02,J189,350950,3525111633593,15,8.5,6.5
6,3,07,02,J159,350950,3525121217981,6,5.1,0.9
66,1,12,01,J90,355620,3525104521213,6,7.0,1.0
88,3,11,02,J690,355240,3525104935210,5,8.5,3.5
43,1,09,02,J189,353710,3525125773532,4,8.2,4.2
80,1,09,02,J189,355670,3525123478570,1,7.9,6.9
66,3,03,02,J441,353340,3525104656821,2,7.8,5.8
75,1,03,02,J449,352050,3525116046265,16,8.6,7.4
5,1,04,02,J210,355240,3525118897905,4,5.3,1.3
75,1,10,02,J188,350950,3525128191970,3,8.6,5.6
7,1,06,02,J459,353340,3525121421184,4,3.2,0.8
74,1,01,02,J90,351907,3525114201345,1,9.9,8.9
10,3,10,02,J390,352470,3525104471592,4,3.5,0.5
7,3,12,01,J352,352340,3525111597557,1,1.5,0.5
55,3,06,02,J180,350950,3525121183518,30,8.2,21.8
64,1,04,02,J439,355620,3525118468905,7,8.4,1.4
24,1,12,02,J188,350950,3525135799780,11,6.7,4.3
51,3,04,01,J343,350160,3525104691823,1,1.7,0.7
1,3,05,02,J218,352050,3525119140862,5,5.3,0.3
82,1,07,02,J441,350950,3525121228695,3,7.8,4.8
7,1,07,02,J040,350380,3525104403425,4,3.2,0.8
3,1,06,02,J218,350950,3525121183309,2,5.4,3.4
61,1,01,02,J938,350160,3524127521871,5,11.5,6.5
1,3,08,02,J96,353650,3525126440605,2,7.5,5.5
56,3,04,01,J381,353340,3525104706299,2,1.6,0.4
15,1,01,02,J36,350950,3525111606797,2,3.3,1.3
25,1,08,02,J189,350950,3525121251674,4,6.7,2.7
72,3,06,02,J458,350950,3525118448511,10,8.0,2.0
80,3,09,02,J960,350950,3525104431783,4,9.4,5.4
89,3,04,02,J189,353710,3525117221770,5,7.4,2.4
4,3,09,02,J459,350160,3525131760799,6,3.3,2.7
80,3,08,02,J11,353650,3525126440022,1,7.8,6.8
91,1,12,02,J189,355670,3525123495454,11,7.0,4.0
3,1,04,02,J069,355240,3525104694310,1,3.4,2.4
77,3,04,02,J189,352470,3525117279816,4,7.8,3.8
2,3,06,02,J21,350950,3525120503157,3,5.3,2.3
47,1,11,02,J180,353200,3525133184859,1,8.6,7.6
8,1,11,01,J359,353650,3525135267577,1,1.5,0.5
8,3,07,01,J353,352340,3525111561972,1,1.5,0.5
71,3,06,02,J18,350950,3525121185036,4,8.5,4.5
98,3,11,02,J18,353650,3525133194825,3,6.9,3.9
1,3,06,02,J218,351907,3525104754699,6,5.4,0.6
78,3,09,02,J189,352050,3525126521213,11,8.1,2.9
7,1,11,02,J969,350950,3525128223991,20,6.3,13.7
42,3,09,02,J189,355620,3525128559700,2,7.6,5.6
70,1,06,02,J189,350160,3525125924991,4,8.6,4.6
65,3,08,02,J180,353200,3525113709238,2,8.3,6.3
78,1,03,02,J440,350950,3525111672533,16,8.4,7.6
40,1,08,02,J030,350160,3525125932757,13,2.9,10.1
90,1,03,02,J189,350950,3525111665141,5,7.5,2.5
47,1,01,02,J110,350950,3525114200113,3,8.6,5.6
36,3,03,02,J180,350160,3525116085458,7,8.2,1.2
86,1,09,02,J91,352340,3525111574138,8,8.9,0.9
61,1,02,02,J930,350950,3525111650643,27,11.5,15.5
60,3,05,02,J180,350160,3525121519887,25,8.9,16.1
4,1,09,02,J158,351907,3525104836165,5,5.4,0.4
11,1,05,02,J189,350950,3525118406150,11,5.0,6.0
84,1,02,02,J188,350950,3525111638323,13,8.0,5.0
38,1,08,02,J189,351280,3525126843623,4,8.4,4.4
72,3,05,02,J189,351907,3525118635016,29,8.4,20.6
63,3,07,02,J441,350950,3525104386628,9,7.7,1.3
15,1,02,02,J218,350950,3525111626938,10,6.3,3.7
76,3,07,02,J189,354580,3525125926179,4,8.5,4.5
2,1,10,02,J210,355670,3525123482254,2,5.5,3.5
72,1,08,02,J11,353650,3525126442409,1,8.5,7.5
7,3,04,01,J351,352340,3525111547540,1,1.5,0.5
56,3,12,02,J441,355240,3525104982311,1,7.5,6.5
76,3,10,02,J189,355620,3525133622758,6,8.6,2.6
43,3,01,01,J342,351905,3525104611512,2,1.6,0.4
10,1,06,02,J189,352340,3525111557011,5,5.0,0.0
9,3,08,02,J324,350950,3525121255392,25,3.6,21.4
52,1,04,02,J189,350950,3525118371324,7,9.0,2.0
1,1,06,02,J210,352470,3525124149052,1,5.5,4.5
1,1,03,02,J219,350950,3525111682664,1,5.4,4.4
73,3,11,02,J189,353710,3525134931593,8,8.4,0.4
72,3,02,02,J91,355240,3525104623513,18,9.7,8.3
7,3,03,02,J218,350950,3525111673842,7,5.1,1.9
57,3,04,02,J80,350950,3525118380278,2,8.6,6.6
1,1,07,02,J960,350950,3525121200491,35,7.9,27.1
59,1,01,02,J90,354580,3525111497116,4,11.0,7.0
65,1,09,02,J960,351905,3525104431585,3,9.7,6.7
1,3,09,02,J960,350950,3525104431519,14,7.5,6.5
72,1,05,02,J440,350950,3525118409021,2,8.4,6.4
4,1,07,02,J960,355240,3525104797401,6,7.2,1.2
11,1,09,02,J209,350950,3525128162842,2,5.0,3.0
7,1,07,02,J90,355240,3525104363550,5,6.4,1.4
8,3,06,02,J40,355620,3525121151365,7,3.2,3.8
2,3,03,02,J069,350950,3525111677505,1,3.4,2.4
53,3,08,02,J189,352050,3525126516351,5,7.9,2.9
34,3,07,01,J342,352050,3525104793199,1,1.6,0.6
3,1,06,02,J960,351907,3525104754611,6,7.2,1.2
78,1,12,02,J168,353180,3525133166874,8,8.1,0.1
18,1,09,02,J189,351280,3525131645453,10,6.6,3.4
7,1,12,02,J459,355240,3525104969012,5,3.2,1.8
62,3,06,01,J342,350950,3525118443154,1,1.6,0.6
42,1,04,02,J189,351907,3525118393874,2,9.0,7.0
35,3,05,02,J90,352340,3525112022322,6,9.1,3.1
70,3,04,02,J189,350950,3525118394182,13,8.5,4.5
12,1,03,02,J189,355620,3525116076120,5,6.1,1.1
1,3,08,02,J219,355670,3525114271240,1,5.4,4.4
49,3,01,02,J068,350950,3524102873786,1,4.7,3.7
23,1,07,01,J955,353180,3525104388399,3,5.2,2.2
1,3,11,02,J46,351907,3525128244484,3,3.9,0.9
1,1,05,02,J210,350950,3525118401750,2,5.4,3.4
36,1,09,02,J180,353200,3525113709403,2,8.1,6.1
26,3,06,01,J342,352050,3525104746262,1,1.5,0.5
3,3,09,02,J960,352050,3525126533060,3,7.2,4.2
78,3,08,02,J439,355240,3525104803594,8,8.0,0.0
6,3,05,02,J451,350950,3525118420813,2,3.2,1.2
6,1,03,02,J218,354580,3525111506015,3,5.1,2.1
2,1,02,02,J159,350950,3524102906126,4,5.5,1.5
69,3,06,02,J189,354580,3525118982473,25,8.5,16.5
87,3,07,02,J189,350950,3525121189898,7,7.4,0.4
4,3,03,02,J210,355670,3524132028824,4,5.4,1.4
10,3,01,02,J040,350950,3525111606380,2,3.4,1.4
73,1,08,02,J969,352340,3525111567538,4,9.9,5.9
11,1,06,02,J069,355240,3525104749958,3,3.2,0.2
24,3,03,02,J158,352050,3525116060378,15,6.5,8.5
73,3,08,02,J168,353180,3525126071742,8,8.5,0.5
85,3,10,02,J189,350950,3525128193862,7,7.8,0.8
67,1,05,02,J189,350160,3525121520932,4,8.5,4.5
1,3,11,02,J180,355620,3525104497024,21,5.3,15.7
1,1,10,02,J188,350950,3525128211429,4,5.4,1.4
71,3,11,02,J189,354800,3525134972205,6,8.5,2.5
25,1,05,02,J960,350950,3525118407173,8,7.9,0.1
4,3,06,02,J459,350950,3525118454550,1,3.3,2.3
73,3,04,02,J984,355620,3525121146503,8,9.7,1.7
68,1,01,02,J019,355670,3524132020475,2,5.2,3.2
3,1,07,02,J189,352340,3525111561158,4,5.4,1.4
68,1,07,02,J189,352340,3525111563204,7,8.5,1.5
4,1,08,02,J459,350950,3525121248242,2,3.3,1.3
1,3,11,02,J960,353650,3525133195089,6,7.5,1.5
55,3,10,02,J189,352340,3525111584280,3,8.1,5.1
20,1,01,02,J219,355240,3525104594033,3,6.6,3.6
3,3,05,02,J219,350950,3525118414719,6,5.4,0.6
7,1,05,02,J960,350950,3525118425642,7,6.3,0.7
0,1,12,02,J80,350950,3525135817544,37,11.1,25.9
1,1,10,02,J189,353650,3525104480513,6,5.4,0.6
49,3,04,02,J960,350950,3524102914123,24,9.6,14.4
71,3,07,02,J188,350950,3525121197411,30,8.5,21.5
1,3,04,02,J180,352340,3525111546286,4,5.3,1.3
36,1,02,02,J180,351280,3525113375344,4,8.8,4.8
64,1,09,02,J81,351907,3525131905306,7,9.7,2.7
68,1,06,02,J441,351280,3525122822265,5,8.4,3.4
61,1,12,02,J189,354580,3525135174264,15,8.8,6.2
4,3,08,02,J960,354580,3525104830929,6,7.2,1.2
1,3,11,02,J040,350950,3525128224739,3,3.4,0.4
1,1,11,02,J159,350950,3525128235112,11,5.4,5.6
25,3,01,01,J342,355240,3525104615780,2,1.5,0.5
76,1,03,02,J180,350950,3525111686030,7,8.6,1.6
57,1,01,02,J189,350950,3525111233842,6,9.3,3.3
2,3,11,02,J111,353650,3525135268468,4,5.3,1.3
1,3,01,01,J955,350160,3524102871927,2,8.1,6.1
5,3,11,02,J219,350950,3525128249709,1,5.3,4.3
59,3,06,02,J43,352470,3525124147952,3,7.6,4.6
9,1,08,02,J188,350950,3525121247417,4,5.0,1.0
77,1,01,02,J189,351280,3525113374013,5,7.9,2.9
2,3,03,02,J18,350950,3525111674315,3,5.3,2.3
85,3,10,02,J180,350950,3525128193983,5,7.8,2.8
8,3,05,02,J459,355670,3525114260030,2,3.2,1.2
2,3,06,02,J180,350950,3525118449127,4,5.3,1.3
30,1,12,02,J930,350950,3525128226455,7,9.0,2.0
85,1,05,02,J91,350950,3525118411111,7,10.1,3.1
60,3,12,01,J960,352340,3525111597282,26,7.3,18.7
7,1,06,02,J219,350950,3525118418107,4,5.0,1.0
39,1,03,02,J181,350950,3525111658080,9,8.3,0.7
66,3,07,02,J440,350950,3525121190052,3,7.8,4.8
10,1,06,02,J205,350950,3525118443770,13,5.0,8.0
0,1,05,02,J930,350950,3525118399704,1,11.1,10.1
3,3,08,02,J960,350950,3525121219081,1,7.2,6.2
4,1,05,02,J219,352470,3525121330203,2,5.4,3.4
83,3,01,02,J189,355620,3525111815060,17,7.8,9.2
78,3,07,02,J189,350950,3525121225560,3,8.1,5.1
5,1,09,02,J80,350950,3525128160158,40,6.7,33.3
3,1,08,02,J459,350950,3525121251487,4,3.3,0.7
11,1,09,02,J209,350950,3525128169024,2,5.0,3.0
69,1,01,02,J159,351907,3525114199937,1,8.5,7.5
87,3,11,02,J159,355670,3525123489514,8,7.4,0.6
1,1,03,02,J459,351907,3525104655193,2,4.1,2.1
62,3,07,02,J459,351907,3525104403711,2,7.6,5.6
3,1,12,02,J218,350950,3525104515890,2,5.4,3.4
51,3,07,02,J180,353200,3525113709073,2,8.3,6.3
58,3,07,02,J81,352050,3525122807239,2,11.0,9.0
79,1,12,02,J441,352050,3525136898789,6,8.4,2.4
52,3,11,01,J381,354580,3525104497585,1,1.6,0.6
15,1,03,02,J189,354580,3525111507148,11,6.3,4.7
11,1,12,02,J219,350950,3525135801737,5,5.0,0.0
42,1,02,02,J189,352470,3525114722130,10,9.0,1.0
7,1,04,02,J181,350950,3525118392610,3,5.2,2.2
1,1,08,02,J218,350950,3525121249012,1,5.5,4.5
1,1,06,02,J219,350950,3525121176973,3,5.5,2.5
6,3,05,01,J353,352340,3525111550136,1,1.5,0.5
2,3,09,02,J90,354800,3525104455994,3,7.3,4.3
8,1,05,01,J359,350950,3525501372107,2,1.5,0.5
80,1,01,02,J16,350950,3524130862043,4,7.9,3.9
7,1,06,02,J180,352050,3525116340867,15,5.0,10.0
42,1,01,02,J90,352050,3524131567671,9,8.7,0.3
65,1,01,02,J180,350950,3525111611186,1,8.4,7.4
5,1,10,02,J459,352340,3525111580925,4,3.2,0.8
1,1,01,02,J069,353650,3525111772325,1,3.0,2.0
64,1,11,02,J189,355620,3525134349671,2,8.4,6.4
35,1,05,02,J039,351907,3525121413748,5,3.2,1.8
45,1,03,01,J90,351907,3525101656813,59,7.5,51.5
28,1,02,02,J189,350160,3525112457317,28,7.5,20.5
81,1,10,02,J189,350160,3525131766299,4,7.9,3.9
2,3,10,02,J189,350950,3525128214960,3,5.3,2.3
80,3,10,02,J18,350950,3525128222385,10,7.8,2.2
6,1,10,02,J459,350950,3525128186899,3,3.2,0.2
50,1,06,02,J90,354580,3525118982649,14,10.4,3.6
4,3,09,02,J189,350950,3525128171521,2,5.4,3.4
86,3,10,02,J189,350160,3525131764924,4,7.4,3.4
8,3,02,02,J459,350950,3525111640325,3,3.2,0.2
8,3,03,02,J188,350950,3525111655648,8,5.1,2.9
72,1,06,02,J189,350950,3525118442032,10,8.5,1.5
5,3,07,02,J459,355240,3525104798765,3,3.2,0.2
5,1,03,02,J459,350950,3525111655527,1,3.2,2.2
24,1,11,02,J111,350950,3525128245815,5,6.7,1.7
74,1,09,02,J189,355620,3525128558281,15,8.5,6.5
3,1,04,02,J121,350950,3525118381202,3,5.4,2.4
44,3,09,02,J958,352050,3525126523556,1,7.3,6.3
7,1,04,02,J960,350950,3525111696470,5,6.3,1.3
7,3,03,02,J189,350950,3525111668045,3,5.1,2.1
1,3,03,02,J159,352050,3525116054460,2,5.3,3.3
24,3,10,02,J180,353650,3525133190766,7,6.5,0.5
3,3,06,02,J431,350950,3525121175147,3,3.3,0.3
75,1,08,02,J189,350950,3525121233711,2,8.6,6.6
78,3,02,01,J189,352340,3525111537266,3,10.1,7.1
8,3,11,02,J218,351907,3525135164947,2,5.1,3.1
54,3,02,02,J960,353180,3525114363386,1,9.9,8.9
1,3,01,02,J459,355240,3525111776220,3,3.9,0.9
2,3,12,02,J938,350950,3525135808612,12,7.2,4.8
1,3,06,02,J219,350950,3525118443990,5,5.4,0.4
9,3,07,02,J180,352050,3525122801233,3,5.1,2.1
1,1,07,02,J219,350950,3525121204517,10,5.5,4.5
3,1,08,02,J459,354580,3525128642629,2,3.3,1.3
1,1,08,02,J21,353650,3525126438229,1,5.5,4.5
71,3,10,02,J159,350160,3525131765870,7,8.5,1.5
11,1,08,02,J219,350950,3525121230125,1,5.0,4.0
9,1,10,02,J219,355620,3525133620789,5,5.1,0.1
3,1,06,02,J210,355240,3525120501419,3,5.4,2.4
92,3,11,02,J18,350950,3525128231867,6,7.1,1.1
6,1,11,02,J960,355240,3525104500599,5,6.6,1.6
2,1,01,02,J431,350950,3524130867037,4,3.6,0.4
9,3,03,02,J459,350950,3525111659839,4,3.2,0.8
7,3,03,01,J955,350950,3524102906423,2,5.5,3.5
36,1,06,02,J938,350950,3525121181604,5,9.0,4.0
61,1,07,02,J189,352050,3525122798043,9,8.8,0.2
66,3,05,01,J329,351907,3525118400386,1,1.6,0.6
49,1,11,02,J984,350950,3525128226708,13,9.8,3.2
4,1,05,02,J42,352470,3525119542186,2,3.3,1.3
65,1,11,02,J90,352340,3525104503240,11,9.6,1.4
85,1,01,02,J189,355620,3525111817007,2,7.7,5.7
1,3,05,02,J188,353180,3525118416347,7,5.3,1.7
1,3,05,02,J188,350950,3525118416920,13,5.3,7.7
88,1,01,02,J189,353650,3525111776142,5,7.4,2.4
35,3,02,01,J342,350160,3525104643786,2,1.6,0.4
20,1,06,02,J450,351280,3525122823420,2,3.3,1.3
8,3,04,02,J998,351907,3525104322817,2,6.3,4.3
44,3,02,02,J36,355240,3524102898602,16,4.0,12.0
6,3,07,02,J219,350950,3525121188149,9,5.1,3.9
12,3,08,02,J960,350950,3525121242159,13,7.1,5.9
1,1,11,02,J100,353650,3525104497850,8,5.4,2.6
2,1,10,02,J459,355240,3525104873939,1,3.6,2.6
3,3,06,01,J950,350950,3525104361779,3,6.2,3.2
2,1,12,02,J960,350950,3525135805433,5,8.4,3.4
90,1,07,02,J158,350160,3525125928830,18,7.3,10.7
10,3,04,02,J459,353650,3525118894143,2,3.2,1.2
83,3,11,02,J960,353650,3525135268732,12,9.5,2.5
66,1,06,02,J180,353650,3525120498966,25,8.4,16.6
73,3,11,02,J449,350950,3525128188220,5,8.1,3.1
62,3,07,02,J449,355670,3525114268940,6,7.6,1.6
5,3,08,02,J459,355240,3525104832018,2,3.2,1.2
97,3,02,02,J189,353650,3525116092212,3,7.1,4.1
80,1,08,02,J440,350160,3525128567411,6,7.8,1.8
2,1,02,02,J459,350950,3525111639808,2,3.6,1.6
35,3,09,02,J189,350950,3525128181410,2,7.3,5.3
3,1,08,02,J180,351907,3525104834560,6,5.4,0.6
36,1,09,02,J189,355240,3525133185805,4,8.1,4.1
98,1,12,02,J180,353200,3525133184980,2,6.3,4.3
2,1,11,02,J459,350950,3525135788394,5,3.6,1.4
9,1,11,02,J450,355240,3525135270426,2,3.2,1.2
65,1,04,02,J90,355670,3525104325040,5,9.6,4.6
3,3,10,02,J188,350950,3525128189870,4,5.4,1.4
5,1,08,02,J210,355240,3525126441100,3,5.3,2.3
52,1,07,01,J986,351907,3525104757614,4,6.8,2.8
89,3,04,02,J91,352340,3525111545230,8,8.5,0.5
38,1,04,02,J869,350950,3525118376417,19,9.2,9.8
76,1,04,02,J189,350950,3525111693830,8,8.6,0.6
1,1,06,02,J180,350950,3525118442835,17,5.5,11.5
7,1,09,02,J180,350950,3525121233645,1,5.0,4.0
76,3,05,02,J159,350950,3525118418460,6,8.6,2.6
97,3,07,02,J189,353650,3525126437195,7,7.1,0.1
2,1,07,02,J210,350950,3525104399080,4,5.5,1.5
66,3,11,02,J189,355620,3525133624485,8,8.3,0.3
4,3,05,02,J189,352050,3525119143030,3,5.4,2.4
81,3,01,02,J81,350950,3525111616455,7,9.5,2.5
71,1,04,02,J960,350950,3525104331991,5,10.3,5.3
1,3,07,02,J189,350160,3525125931789,6,5.4,0.6
38,1,08,02,J189,352050,3525126518782,5,8.4,3.4
37,3,08,01,J324,352050,3525104414800,3,1.6,1.4
8,1,08,02,J219,350950,3525121258142,7,5.0,2.0
86,3,03,02,J154,350160,3525116084435,8,7.4,0.6
91,1,11,02,J449,350160,3525136709303,2,7.2,5.2
68,3,04,02,J81,353710,3525117221527,2,9.5,7.5
40,1,04,02,J159,352050,3525116066648,16,8.1,7.9
6,3,08,02,J459,352050,3525126515581,2,3.2,1.2
43,1,05,02,J168,353180,3525120887740,1,8.0,7.0
3,3,03,02,J960,350950,3525111665944,4,7.1,3.1
1,1,05,02,J159,351907,3525121409546,5,5.4,0.4
36,3,08,02,J189,350950,3525121249970,2,7.5,5.5
6,3,09,02,J431,350950,3525121269670,5,3.2,1.8
41,3,04,02,J93,353180,3525114364728,6,7.9,1.9
34,3,11,02,J459,352050,3525134274079,3,6.6,3.6
56,1,02,02,J189,350950,3525111618336,4,9.3,5.3
2,1,04,02,J459,353650,3525118891756,4,3.6,0.4
24,1,06,02,J189,355620,3525121148318,13,6.7,6.3
68,1,05,02,J90,350950,3525104347996,9,9.8,0.8
86,1,09,02,J20,353650,3525133188830,1,7.4,6.4
8,1,08,02,J459,355240,3525104805277,2,3.2,1.2
9,1,04,02,J210,353710,3525117281422,1,5.1,4.1
16,1,03,02,J210,350950,3525111652513,4,6.5,2.5
31,1,01,02,J159,353200,3524102869958,4,7.9,3.9
7,1,12,02,J459,353340,3525130499077,2,3.2,1.2
68,1,02,02,J942,350950,3525116759615,4,9.8,5.8
74,3,01,02,J441,355240,3524103378928,37,8.1,28.9
4,1,09,02,J218,350950,3525128163832,2,5.4,3.4
16,1,10,01,J342,354800,3525104931909,2,1.5,0.5
9,1,04,02,J40,355670,3525114250383,1,3.2,2.2
29,1,05,02,J189,350950,3525118415808,2,7.5,5.5
30,3,05,02,J219,350950,3525118414642,9,6.6,2.4
2,1,04,02,J219,350160,3525118630946,7,5.5,1.5
71,3,06,02,J90,353340,3525104748077,18,9.7,8.3
52,3,12,02,J188,350950,3525135794510,5,8.4,3.4
6,3,12,02,J219,350950,3525135799845,9,5.1,3.9
1,3,10,02,J960,350950,3525128209614,2,7.5,5.5
12,3,01,02,J690,351907,3525104594209,5,6.6,1.6
2,1,12,02,J450,351907,3525136920217,4,3.6,0.4
42,1,03,02,J189,355240,3525111384960,8,9.0,1.0
8,1,01,02,J90,351280,3524102880386,7,6.2,0.8
4,1,06,02,J219,350950,3525118441086,3,5.4,2.4
76,1,08,02,J181,350950,3525121257988,24,8.6,15.4
78,1,03,02,J189,352340,3525111542634,4,8.1,4.1
7,3,03,02,J040,352470,3525114724296,4,3.4,0.6
67,3,03,02,J91,353710,3525111699560,1,9.4,8.4
58,1,06,02,J440,350950,3525118460325,4,8.7,4.7
5,3,08,02,J219,350950,3525128555124,5,5.3,0.3
73,1,12,02,J449,352340,3525111595060,26,8.6,17.4
8,1,02,02,J459,350950,3525104623425,2,3.2,1.2
22,1,02,01,J342,353340,3525104626098,1,1.5,0.5
42,3,06,02,J158,350160,3525121526245,5,7.6,2.6
75,3,08,02,J441,350950,3525121238782,26,7.9,18.1
91,3,01,02,J180,350950,3525111603850,6,7.0,1.0
33,1,05,02,J188,350950,3525118402388,6,8.5,2.5
83,3,02,02,J449,350950,3525111632482,4,7.6,3.6
26,3,05,02,J219,350950,3525118423970,2,6.6,4.6
1,1,08,02,J180,355240,3525104802813,7,5.5,1.5
64,1,03,02,J18,350950,3525111652007,11,8.4,2.6
0,1,02,02,J80,350950,3525111647706,36,11.1,24.9
75,1,11,02,J180,354580,3525134326990,6,8.6,2.6
9,1,06,02,J459,351905,3525124147567,3,3.2,0.2
2,1,07,02,J219,350950,3525104391974,1,5.5,4.5
8,1,11,02,J960,355670,3525104460845,6,6.2,0.2
41,1,10,02,J159,352050,3525131795944,7,8.3,1.3
73,3,01,02,J159,350950,3524130876937,16,8.4,7.6
11,3,04,02,J068,355240,3525118892933,2,3.4,1.4
4,3,10,02,J110,350950,3525128201067,3,5.4,2.4
2,3,11,02,J189,350950,3525128243824,13,5.3,7.7
74,3,08,02,J168,353180,3525126072413,1,8.4,7.4
1,1,06,02,J969,350950,3525118445475,3,7.9,4.9
82,1,10,02,J449,352050,3525131798672,2,8.1,6.1
1,1,05,02,J960,350950,3525118408560,6,8.1,2.1
66,1,03,02,J930,350950,3525111652590,7,9.6,2.6
58,3,02,02,J189,351280,3525113375256,7,8.5,1.5
3,1,12,02,J219,350950,3525135815498,9,5.4,3.6
11,1,05,02,J450,350950,3525118401497,3,3.1,0.1
80,3,07,02,J960,353650,3525126437723,4,9.4,5.4
1,1,03,02,J219,350950,3525111685964,1,5.4,4.4
1,3,10,02,J960,355240,3525104464508,16,7.5,8.5
76,3,02,02,J189,353650,3525116090727,2,8.6,6.6
54,1,11,02,J168,352470,3525134391823,6,9.1,3.1
87,1,08,02,J180,352470,3525128320747,7,7.3,0.3
38,3,11,01,J342,353200,3525104485309,2,1.6,0.4
1,1,08,02,J960,353650,3525104406868,9,7.9,1.1
52,1,09,02,J449,352340,3525111578835,3,7.3,4.3
72,1,06,02,J189,352050,3525122789672,12,8.5,3.5
72,1,04,02,J180,354580,3525118630980,9,8.5,0.5
2,1,05,02,J218,351907,3525121413220,7,5.5,1.5
66,3,10,02,J81,354580,3525128653630,9,9.2,0.2
4,1,10,02,J218,350950,3525128198988,1,5.4,4.4
8,3,12,02,J159,350950,3525135795962,7,5.1,1.9
93,3,05,02,J159,350950,3525118418767,6,7.1,1.1
76,1,02,02,J960,353650,3525116093796,11,10.0,1.0
2,3,02,02,J210,355670,3524132023797,4,5.3,1.3
7,1,11,02,J219,350950,3525128245936,5,5.2,0.2
43,3,01,01,J323,355240,3525104593428,1,1.6,0.6
7,3,11,02,J459,355240,3525104920436,4,3.2,0.8
64,3,06,02,J459,350950,3525104362010,2,7.8,5.8
2,1,08,02,J960,350950,3525104426690,5,8.4,3.4
53,3,12,02,J180,355670,3525123494882,1,7.9,6.9
11,1,10,02,J210,350950,3525128187823,4,5.0,1.0
53,1,11,02,J188,350950,3525128243164,19,8.5,10.5
78,1,10,02,J180,350160,3525131763494,4,8.1,4.1
22,3,02,02,J068,350160,3525112457757,3,3.0,0.0
44,3,03,01,J342,355240,3525104654137,1,1.6,0.6
6,3,07,02,J210,355240,3525104758252,3,5.1,2.1
5,1,07,02,J189,354580,3525118986202,4,5.3,1.3
47,3,01,02,J189,351907,3525114197418,6,8.0,2.0
33,3,08,01,J984,352340,3525112181162,4,6.2,2.2
4,1,02,01,J955,355240,3525111618567,14,6.3,7.7
69,1,10,02,J938,350950,3525128194600,4,10.2,6.2
76,1,01,02,J168,350950,3524130870678,7,8.6,1.6
3,3,01,02,J390,351907,3524102880727,12,3.6,8.4
20,1,08,02,J068,351907,3525104423346,1,3.0,2.0
80,1,08,02,J189,350160,3525128572262,1,7.9,6.9
2,1,05,02,J219,350950,3525118415423,7,5.5,1.5
3,1,11,02,J180,355240,3525104922636,3,5.4,2.4
11,1,05,02,J459,350950,3525118407998,2,3.1,1.1
3,1,09,02,J459,353650,3525133189040,2,3.3,1.3
2,3,09,02,J189,350950,3525128170410,6,5.3,0.7
5,3,05,02,J431,350950,3525118414873,5,3.2,1.8
66,3,10,02,J441,353340,3525130497240,9,7.8,1.2
39,1,07,02,J942,350950,3525121209687,4,9.5,5.5
10,1,03,02,J459,355240,3525104653730,3,3.1,0.1
63,1,07,02,J189,353710,3525125212235,7,8.3,1.3
58,1,04,02,J189,350950,3525118377561,5,9.2,4.2
5,3,01,01,J955,350950,3524102879430,2,5.6,3.6
1,3,07,02,J218,350950,3525121192043,7,5.4,1.6
2,1,04,02,J458,350950,3525118368398,3,3.6,0.6
50,3,08,02,J180,353180,3525126072094,4,8.4,4.4
72,3,12,02,J168,353180,3525133167292,6,8.4,2.4
1,3,02,02,J80,350950,3525111629424,30,7.5,22.5
6,3,09,02,J960,353650,3525133187334,6,6.6,0.6
6,3,03,02,J210,355670,3524132028186,3,5.1,2.1
1,1,07,02,J210,355240,3525104801890,5,5.5,0.5
42,1,06,02,J189,351280,3525122822750,5,9.4,4.4
64,3,11,02,J189,355620,3525134349594,6,8.3,2.3
44,1,08,02,J960,350950,3525121249056,15,8.0,7.0
5,3,06,02,J459,351907,3525124269722,3,3.2,0.2
82,1,03,02,J189,351280,3525117218513,4,7.9,3.9
2,3,02,02,J960,350950,3524130879753,43,7.2,35.8
11,3,08,02,J450,350950,3525121256789,5,3.2,1.8
47,3,12,02,J189,350160,3525136713109,1,8.0,7.0
15,3,03,02,J459,352470,3525117279882,10,3.4,6.6
2,1,05,02,J960,350950,3525118402510,2,8.4,6.4
66,1,01,02,J158,350950,3524102883830,4,8.4,4.4
65,3,05,02,J96,353650,3525120496337,7,9.3,2.3
45,3,11,02,J459,350160,3525134327836,3,6.1,3.1
62,1,06,02,J180,351907,3525124267929,2,8.8,6.8
59,3,11,01,J342,355670,3525104501985,3,1.6,1.4
60,3,08,02,J449,352050,3525126514723,15,7.7,7.3
48,3,12,02,J449,352050,3525134296255,2,6.3,4.3
2,3,08,02,J189,355620,3525128554277,4,5.3,1.3
8,3,12,02,J219,350950,3525135794170,1,5.1,4.1
9,3,04,02,J218,352050,3525119120765,3,5.1,2.1
59,1,07,02,J960,352340,3525111562775,14,12.1,1.9
1,3,04,02,J960,350950,3525118375405,6,7.5,1.5
45,1,06,02,J189,352050,3525119139597,6,8.3,2.3
44,1,04,02,J189,350950,3525111662831,7,8.0,1.0
4,3,02,02,J960,350950,3524102901430,4,7.1,3.1
59,3,12,02,J189,350950,3525135793575,3,8.5,5.5
32,3,05,02,J969,354580,3525104359865,29,9.1,19.9
73,3,08,02,J46,350950,3525121251146,3,7.9,4.9
81,3,08,02,J159,353650,3525104427339,8,7.8,0.2
80,3,06,02,J15,353180,3525120888707,5,7.8,2.8
70,3,02,01,J338,350950,3525111650698,1,1.1,0.1
6,1,08,02,J210,350950,3525121246900,8,5.1,2.9
1,1,03,02,J180,350950,3525111670234,1,5.4,4.4
11,3,06,02,J80,350950,3525118450029,3,6.4,3.4
66,1,02,02,J938,355620,3525111818624,6,9.6,3.6
2,3,09,02,J960,350950,3525121269604,7,7.3,0.3
88,3,06,02,J189,350160,3525121529578,2,7.4,5.4
42,3,09,02,J459,353650,3525133187455,2,6.6,4.6
73,3,01,02,J180,350160,3525112450508,5,8.4,3.4
68,1,05,02,J441,350160,3525118630220,2,8.4,6.4
1,3,05,02,J069,355240,3525104723437,3,3.4,0.4
62,1,12,01,J90,352050,3525134286883,3,7.6,4.6
77,3,06,02,J159,354580,3525118983441,2,7.8,5.8
41,3,09,01,J330,352470,3525104443674,3,1.7,1.3
69,3,01,02,J449,350160,3525112451971,8,8.3,0.3
2,1,12,02,J459,350950,3525135798020,5,3.6,1.4
3,1,07,02,J210,350950,3525104384000,4,5.4,1.4
3,1,06,02,J459,350160,3525121527037,2,3.3,1.3
54,3,01,02,J189,350160,3525112448836,5,8.1,3.1
7,3,03,02,J459,352340,3525111539532,3,3.2,0.2
10,3,08,02,J459,350950,3525121239915,3,3.2,0.2
4,1,05,02,J459,353650,3525120494555,3,3.3,0.3
2,3,02,02,J40,351907,3524102899977,5,3.4,1.6
81,3,12,02,J189,351280,3525134934849,4,7.8,3.8
8,1,10,02,J960,350950,3525128205225,2,6.2,4.2
6,3,06,02,J188,350950,3525118452273,4,5.1,1.1
7,3,09,02,J189,355670,3525123480110,3,5.1,2.1
26,3,03,02,J82,352340,3525111539455,8,8.1,0.1
98,3,05,02,J189,352470,3525119542175,8,6.9,1.1
48,1,04,02,J948,352340,3525111543877,2,10.4,8.4
5,3,08,02,J040,352050,3525122797163,29,3.3,25.7
66,1,09,02,J189,350950,3525128180002,9,8.4,0.6
89,1,10,02,J449,350950,3525133191096,8,7.1,0.9
5,3,04,02,J984,355620,3525118471864,3,6.5,3.5
57,3,07,02,J111,354580,3525118985113,20,8.4,11.6
1,3,09,02,J159,352470,3525104434820,8,5.4,2.6
16,3,05,02,J180,355240,3525104724130,6,6.5,0.5
86,3,07,02,J189,355670,3525114265816,12,7.4,4.6
8,1,07,02,J459,350950,3525104384934,1,3.2,2.2
2,3,04,02,J218,350950,3525118367860,4,5.3,1.3
7,1,08,02,J459,350950,3525121252147,3,3.2,0.2
69,3,07,02,J448,350160,3525125927466,27,8.6,18.4
87,3,02,02,J189,350950,3525111643647,5,7.4,2.4
50,1,07,01,J90,352470,3525120187776,5,6.9,1.9
76,3,06,02,J189,350950,3525118454363,1,8.5,7.5
1,1,11,02,J219,350950,3525135784863,6,5.4,0.6
6,3,12,02,J218,350950,3525135806335,9,5.1,3.9
96,3,10,02,J189,353340,3525130497328,7,7.2,0.2
1,1,07,02,J219,350950,3525121215870,4,5.5,1.5
2,3,01,02,J189,352050,3524131567110,3,5.3,2.3
3,1,03,02,J459,350950,3525111659146,5,3.3,1.7
9,3,06,02,J431,350950,3525121179866,2,3.2,1.2
97,3,02,02,J180,350160,3525112457537,4,7.1,3.1
48,1,11,02,J14,350160,3525134327320,2,8.6,6.6
11,3,02,02,J989,350950,3525117322606,5,6.4,1.4
34,1,07,02,J189,350160,3525125931184,8,8.3,0.3
62,1,09,02,J441,350950,3525121267745,7,8.1,1.1
4,1,05,01,J353,352340,3525111553425,1,1.6,0.6
24,3,01,02,J458,350950,3524130859909,5,3.5,1.5
76,3,11,02,J449,352050,3525134275509,3,8.1,5.1
32,3,02,01,J342,350950,3525111619018,1,1.6,0.6
67,1,08,01,J342,354800,3525104830346,1,1.7,0.7
67,3,09,02,J440,350950,3525128178880,4,7.9,3.9
6,3,02,02,J80,350950,3524130878048,12,6.5,5.5
3,3,11,02,J189,351907,3525135786854,12,5.4,6.6
8,3,05,02,J459,353650,3525120494995,2,3.2,1.2
69,1,06,02,J439,352470,3525121331798,7,8.3,1.3
79,1,12,02,J81,352340,3525111592871,6,9.9,3.9
56,1,07,02,J189,355620,3525125777943,2,9.5,7.5
88,3,05,02,J180,355240,3525104724911,4,7.4,3.4
73,1,11,02,J180,355240,3525104938344,11,8.5,2.5
20,1,10,01,J353,353200,3525104878141,1,1.5,0.5
10,1,10,01,J350,350950,3525502088670,3,1.5,1.5
58,3,02,02,J91,351907,3525117323508,6,10.8,4.8
12,3,05,02,J459,351907,3525121412846,4,3.3,0.7
45,3,03,02,J90,350160,3525116081840,12,9.2,2.8
7,1,04,02,J218,350950,3525118392026,14,5.2,8.8
18,1,09,01,J342,351907,3525104839608,1,1.5,0.5
4,1,11,02,J188,350950,3525128237532,4,5.4,1.4
75,1,03,02,J189,350950,3525111671422,3,8.6,5.6
27,3,11,02,J00,350950,3525128229030,2,3.3,1.3
1,1,06,02,J189,350950,3525118461722,3,5.5,2.5
40,3,12,02,J110,352470,3525135933506,13,6.6,6.4
1,3,09,02,J100,352470,3525104450880,8,5.4,2.6
6,1,12,02,J989,354580,3525135174880,5,6.6,1.6
6,3,09,02,J459,350950,3525128170289,3,3.2,0.2
1,1,09,02,J068,350950,3525121272453,1,3.0,2.0
21,1,12,02,J188,350950,3525132464535,3,7.2,4.2
12,3,04,02,J189,355620,3525118470126,4,6.2,2.2
1,3,11,02,J189,352050,3525134271945,3,5.3,2.3
1,1,06,02,J219,350950,3525118452339,2,5.5,3.5
43,1,08,02,J159,350950,3525123474500,7,8.2,1.2
11,3,04,02,J960,355240,3525104686631,6,6.4,0.4
62,3,02,02,J159,350950,3525111632878,3,8.8,5.8
41,1,03,02,J459,351907,3525117326786,3,6.8,3.8
11,1,05,02,J210,355670,3525114255806,3,5.0,2.0
1,1,05,02,J189,350950,3525118414785,13,5.4,7.6
69,1,12,02,J90,350160,3525104520916,13,10.2,2.8
86,1,06,02,J181,350950,3525121177369,1,7.4,6.4
71,1,11,02,J189,353180,3525135162857,33,8.5,24.5
48,3,12,02,J189,352050,3525134294638,9,8.0,1.0
2,1,08,02,J218,354580,3525128642211,2,5.5,3.5
8,1,03,02,J960,355670,3525104315425,3,6.2,3.2
5,1,07,02,J180,351907,3525104794090,15,5.3,9.7
13,1,05,02,J960,353650,3525120495589,3,6.7,3.7
46,3,12,02,J449,350950,3525135816664,15,6.4,8.6
14,3,08,02,J189,350950,3525121245470,11,6.4,4.6
99,3,09,02,J189,350160,3525128574990,8,7.0,1.0
6,3,12,02,J459,353710,3525104515900,1,3.2,2.2
31,1,07,02,J960,351907,3525104400610,5,8.8,3.8
69,1,07,02,J938,350950,3525104402479,10,10.2,0.2
8,1,08,02,J158,353180,3525104834515,2,5.0,3.0
3,1,08,02,J218,350950,3525121251696,5,5.4,0.4
6,3,06,02,J960,355240,3525104747274,8,6.6,1.4
5,3,09,02,J960,350950,3525128171543,4,6.6,2.6
19,3,08,01,J343,353650,3525104827079,1,1.5,0.5
76,3,06,02,J449,352050,3525122787252,6,7.9,1.9
2,1,09,02,J218,350950,3525128162864,5,5.5,0.5
3,3,04,02,J181,350950,3525118386119,6,5.4,0.6
20,1,05,01,J938,350950,3525118414158,2,5.2,3.2
5,3,05,02,J960,350950,3525104335797,4,6.5,2.5
83,1,11,02,J189,350160,3525134325889,13,7.9,5.1
39,3,03,02,J18,350950,3525111683335,10,6.8,3.2
3,1,04,02,J210,355240,3525118897069,6,5.4,0.6
10,1,05,02,J960,354580,3525104347534,26,6.0,20.0
1,3,06,02,J189,353200,3525111556296,3,5.4,2.4
1,1,01,02,J188,350950,3525111599010,5,5.4,0.4
76,1,10,02,J960,353650,3525133190360,5,10.0,5.0
63,3,04,02,J159,350950,3525118380410,3,8.2,5.2
3,1,08,02,J960,350950,3525121228497,5,7.2,2.2
7,3,09,02,J180,350950,3525121272739,2,5.1,3.1
70,1,07,02,J189,353650,3525122380692,4,8.6,4.6
70,3,08,02,J81,350950,3525121247395,3,9.7,6.7
2,1,05,02,J210,353650,3525120495292,3,5.5,2.5
3,3,08,02,J218,352050,3525126507265,6,5.4,0.6
3,1,05,02,J159,355670,3525114255630,2,5.4,3.4
61,1,07,02,J440,350950,3525121224350,3,7.5,4.5
6,3,03,02,J210,355240,3525104659219,3,5.1,2.1
1,1,09,02,J219,354800,3525128433662,2,5.5,3.5
27,3,11,01,J342,350160,3525104877349,1,1.6,0.6
7,1,07,02,J459,350950,3525104391886,1,3.2,2.2
8,1,10,02,J459,350950,3525128207161,4,3.2,0.8
1,3,04,02,J960,350950,3525118378111,6,7.5,1.5
47,3,11,02,J450,350950,3525128230393,3,6.3,3.3
78,1,04,02,J189,352050,3525119119093,8,8.1,0.1
46,3,05,02,J180,352340,3525111549432,4,7.8,3.8
11,1,12,02,J189,352340,3525111597062,3,5.0,2.0
6,3,03,02,J159,350950,3525111656407,4,5.1,1.1
4,3,06,02,J210,350950,3525118444562,34,5.4,28.6
86,3,08,02,J189,350950,3525121230830,8,7.4,0.6
2,3,05,01,J451,352340,3525104351330,1,3.2,2.2
27,3,01,02,J188,355620,3524127599839,10,7.1,2.9
1,1,05,02,J960,355240,3525120496469,5,8.1,3.1
2,1,07,02,J459,351515,3525120649370,2,3.6,1.6
2,1,06,02,J159,355670,3525114262164,5,5.5,0.5
6,1,08,02,J459,351515,3525120656850,2,3.2,1.2
50,3,12,02,J90,350160,3525136712185,5,10.1,5.1
7,1,05,02,J219,350950,3525118425972,10,5.2,4.8
78,3,03,02,J189,350950,3525111651787,9,8.1,0.9
1,1,05,02,J210,353650,3525118899236,3,5.4,2.4
78,1,02,02,J180,350950,3525111623099,3,8.1,5.1
70,1,08,02,J938,352470,3525128320780,1,10.2,9.2
1,1,04,02,J459,353650,3525118894209,4,4.1,0.1
62,1,07,02,J159,354580,3525118986730,10,8.8,1.2
71,3,01,02,J189,353180,3524102873016,1,8.5,7.5
14,1,05,02,J960,352050,3525119143689,1,7.4,6.4
91,3,09,02,J189,355620,3525128558512,6,7.2,1.2
62,3,09,02,J178,350160,3525131759776,51,8.8,42.2
11,3,08,02,J218,350950,3525121229620,3,5.1,2.1
2,1,05,02,J210,353650,3525118899643,6,5.5,0.5
61,3,06,02,J448,350160,3525121525630,1,7.0,6.0
6,1,07,02,J459,352470,3525126433060,3,3.2,0.2
1,1,06,02,J219,352050,3525119144096,3,5.5,2.5
63,3,07,02,J969,350950,3525121199424,1,9.8,8.8
82,1,08,02,J189,350950,3525121232875,6,7.9,1.9
46,1,09,02,J189,354580,3525128648570,10,8.2,1.8
12,1,08,02,J189,350160,3525128571888,3,6.1,3.1
4,1,10,02,J110,353340,3525130497460,1,5.4,4.4
3,3,12,02,J218,352050,3525136902617,4,5.4,1.4
7,3,03,02,J960,350950,3525104632599,5,6.2,1.2
34,1,08,02,J459,352050,3525126506891,10,6.8,3.2
2,1,08,02,J960,350950,3525121235669,9,8.4,0.6
94,3,06,02,J18,350950,3525121185047,10,7.2,2.8
69,1,06,02,J189,352470,3525121332073,7,8.6,1.6
3,1,07,02,J219,355620,3525125777371,7,5.4,1.6
4,3,09,02,J181,351907,3525131904239,11,5.4,5.6
6,3,11,02,J219,350950,3525128240700,7,5.1,1.9
67,1,03,02,J189,352340,3525111542601,15,8.5,6.5
49,1,02,02,J91,350950,3524102896303,9,9.8,0.8
63,3,05,02,J441,351280,3525122822012,5,7.3,2.3
2,1,02,02,J189,350950,3525111631900,1,5.5,4.5
2,3,10,02,J189,352050,3525131791160,4,5.3,1.3
4,1,03,01,J352,352340,3525111538223,1,1.6,0.6
8,1,05,02,J960,351280,3525104348030,4,6.2,2.2
76,3,01,02,J189,352050,3525111461575,6,8.6,2.6
9,3,04,02,J969,350950,3525104331144,26,6.3,19.7
10,3,09,01,J352,352340,3525111575524,1,1.5,0.5
10,3,11,02,J459,355240,3525104937167,4,3.2,0.8
69,1,11,02,J180,353200,3525133184848,4,8.5,4.5
75,3,02,02,J189,352470,3525114722569,7,8.6,1.6
13,3,04,02,J189,354580,3525111510129,12,6.2,5.8
4,1,06,02,J210,350950,3525118413949,3,5.4,2.4
1,1,08,02,J960,350950,3525121237000,4,7.9,3.9
6,3,02,02,J459,354580,3525104603955,3,3.2,0.2
39,1,11,01,J343,351907,3525104915673,1,1.6,0.6
1,1,11,02,J960,350950,3525128242450,1,8.1,7.1
86,1,04,02,J930,350950,3525118383127,3,8.9,5.9
60,1,02,02,J188,350950,3525111621372,5,8.8,3.8
7,1,07,02,J960,350950,3525104385319,4,6.4,2.4
2,1,08,02,J459,350950,3525121262850,2,3.6,1.6
66,3,12,02,J159,352050,3525134284771,9,8.3,0.7
6,1,02,02,J180,354580,3525111501021,5,5.1,0.1
77,3,02,02,J189,351280,3525113374750,2,7.8,5.8
71,3,07,02,J441,353180,3525104799392,28,8.4,19.6
5,3,10,02,J960,350950,3525121268207,12,6.5,5.5
35,3,06,02,J189,350380,3525120500319,4,7.3,3.3
58,1,05,02,J180,352050,3525119138574,6,9.2,3.2
47,3,03,02,J45,350950,3525111657100,6,6.3,0.3
43,3,12,02,J36,352050,3525134286344,4,4.5,0.5
4,3,08,02,J459,350950,3525121250410,2,3.3,1.3
44,1,11,02,J03,355240,3525135270525,2,3.2,1.2
4,1,11,02,J960,350950,3525128233100,6,7.2,1.2
69,1,06,02,J960,352050,3525119144987,24,10.2,13.8
3,3,06,02,J210,350950,3525118426269,15,5.4,9.6
1,3,01,02,J689,351907,3525114200620,1,7.5,6.5
4,3,07,02,J459,350160,3525125927213,2,3.3,1.3
65,3,05,02,J180,350950,3525118404137,6,8.3,2.3
4,3,07,02,J068,350950,3525104392634,1,3.3,2.3
11,1,02,02,J219,350950,3525111650786,4,5.0,1.0
46,3,11,02,J988,355240,3525104492350,1,9.7,8.7
61,1,08,02,J42,350160,3525125933362,16,7.5,8.5
2,3,09,02,J189,350950,3525128164767,2,5.3,3.3
74,1,11,02,J18,350950,3525128231834,4,8.5,4.5
11,1,08,02,J458,350950,3525121263280,2,3.1,1.1
82,3,05,02,J15,353650,3525120496360,12,7.8,4.2
63,1,10,02,J18,350950,3525128193774,8,8.2,0.2
1,3,02,02,J189,354580,3525111500801,3,5.3,2.3
87,3,07,02,J189,355620,3525125776480,8,7.4,0.6
6,1,10,02,J159,350950,3525128214927,5,5.1,0.1
2,1,08,02,J459,350950,3525121237121,1,3.6,2.6
35,1,06,02,J459,352050,3525122786988,2,6.7,4.7
23,1,03,02,J90,352050,3525116054845,9,7.9,1.1
2,1,10,02,J80,350950,3525128208019,3,8.4,5.4
73,3,09,02,J441,355240,3525104838068,4,7.9,3.9
1,1,12,02,J189,352050,3525134291580,3,5.4,2.4
31,1,08,02,J93,350950,3525128556807,3,8.8,5.8
79,3,08,02,J189,353340,3525121423153,8,8.0,0.0
41,3,05,02,J18,350950,3525118420065,5,7.0,2.0
1,1,05,02,J210,353180,3525104745899,4,5.4,1.4
59,1,09,02,J180,353200,3525113709656,7,9.5,2.5
33,3,10,02,J189,355620,3525133623363,2,8.2,6.2
65,3,02,02,J159,352050,3525111479395,3,8.3,5.3
76,3,06,02,J459,350950,3525118452515,2,7.9,5.9
75,1,10,02,J189,355620,3525133622890,7,8.6,1.6
5,3,11,02,J46,355620,3525135136347,3,3.2,0.2
4,1,11,02,J189,355620,3525133626223,3,5.4,2.4
8,1,02,02,J459,350950,3525111648399,5,3.2,1.8
59,1,12,02,J189,352050,3525134284749,9,9.5,0.5
17,3,03,01,J350,350380,3525104669790,2,1.5,0.5
1,3,06,02,J210,352050,3525119140719,11,5.4,5.6
67,1,11,02,J18,350950,3525135786601,7,8.5,1.5
6,3,02,02,J219,355240,3525104624041,2,5.1,3.1
1,1,04,02,J90,350950,3525111656319,1,8.1,7.1
74,1,06,02,J180,355240,3525104754116,6,8.5,2.5
11,1,09,01,J352,352340,3525111575722,1,1.5,0.5
75,3,03,02,J158,355240,3524102914266,13,8.6,4.4
56,3,06,02,J90,350950,3525118450580,13,9.8,3.2
1,3,04,02,J210,355240,3525104692527,1,5.3,4.3
8,3,06,02,J459,350950,3525118436004,1,3.2,2.2
46,1,07,02,J969,352050,3525122805842,6,9.4,3.4
1,3,10,02,J068,350950,3525128190001,7,3.4,3.6
5,3,07,01,J353,352340,3525111561961,1,1.5,0.5
40,1,10,02,J189,350160,3525131762317,5,8.1,3.1
1,1,04,02,J219,350950,3525118383094,6,5.4,0.6
7,1,06,02,J210,354580,3525118984520,5,5.0,0.0
2,3,11,02,J219,350950,3525135267335,2,5.3,3.3
21,1,09,02,J189,350950,3525128159190,11,7.0,4.0
6,3,04,02,J960,350950,3525118369366,30,6.5,23.5
4,1,07,02,J219,350950,3525121187951,6,5.4,0.6
4,1,07,02,J189,351515,3525120644375,3,5.4,2.4
82,3,04,02,J189,351280,3525117219393,2,7.8,5.8
51,1,05,02,J158,350950,3525118418899,7,8.9,1.9
88,1,04,02,J181,350950,3525118393632,17,7.4,9.6
7,3,03,01,J353,350950,3525111637938,1,1.5,0.5
6,1,04,02,J219,352050,3525116065416,2,5.1,3.1
4,1,01,02,J069,350950,3525111614850,2,3.4,1.4
65,1,06,02,J159,353180,3525118440910,10,8.4,1.6
82,1,12,02,J938,354580,3525137360371,16,10.5,5.5
65,3,06,02,J180,355670,3525121524342,3,8.3,5.3
62,1,01,02,J449,354580,3525111495642,5,7.7,2.7
19,3,02,02,J960,355620,3525111638631,5,7.3,2.3
77,1,04,02,J189,352340,3525111547661,3,7.9,4.9
68,1,05,02,J441,350950,3525118437720,4,8.4,4.4
89,3,11,02,J189,354580,3525135171657,8,7.4,0.6
29,3,04,02,J168,351907,3525120886507,2,6.6,4.6
6,1,09,02,J955,351907,3525104441210,9,6.7,2.3
1,3,04,02,J210,351907,3525104693891,2,5.3,3.3
56,3,08,02,J90,352050,3525126512402,1,9.8,8.8
1,3,11,02,J189,350950,3525128251216,1,5.3,4.3
58,1,07,02,J180,350950,3525104386287,1,9.5,8.5
2,3,06,02,J158,355240,3525104752730,7,5.3,1.7
1,3,04,02,J218,350950,3525118372611,5,5.3,0.3
70,3,03,02,J159,355670,3524132030342,4,8.5,4.5
3,1,04,02,J459,350950,3525118375702,6,3.3,2.7
5,3,08,02,J189,351280,3525104412346,3,5.3,2.3
87,3,04,02,J441,350950,3525118377616,4,7.4,3.4
5,3,11,02,J960,353650,3525135268391,2,6.5,4.5
1,1,03,02,J218,354580,3525111507258,3,5.4,2.4
2,1,05,02,J218,353710,3525119542241,1,5.5,4.5
0,3,06,02,J158,352470,3525124149019,7,6.1,0.9
63,3,09,02,J118,350950,3525128156385,34,8.3,25.7
2,1,08,02,J181,353710,3525128322738,7,5.5,1.5
89,3,06,02,J180,355240,3525104748825,7,7.4,0.4
67,3,07,02,J189,355240,3525126070642,4,8.4,4.4
63,3,11,02,J449,352050,3525131804777,2,7.3,5.3
7,1,04,02,J188,350160,3525118629550,6,5.2,0.8
1,1,06,02,J960,355240,3525104752092,15,7.9,7.1
42,3,04,02,J159,351515,3525118697793,7,7.1,0.1
70,3,12,02,J189,350950,3525135827477,5,8.5,3.5
31,3,11,01,J342,353650,3525104944064,2,1.6,0.4
89,3,07,02,J189,351907,3525127044329,14,7.4,6.6
97,3,05,02,J180,352340,3525118408119,3,7.1,4.1
51,1,03,02,J180,350950,3525111674140,9,8.9,0.1
67,3,07,02,J90,352050,3525122800925,1,9.5,8.5
5,1,05,02,J219,350950,3525118408669,1,5.3,4.3
1,1,07,02,J960,350950,3525121199083,2,7.9,5.9
1,3,03,02,J189,350950,3525111683764,18,5.3,12.7
44,1,04,02,J180,350160,3525118629626,6,8.0,2.0
11,3,08,02,J459,351907,3525104831655,3,3.2,0.2
3,1,09,02,J960,355240,3525133187642,4,7.2,3.2
3,3,05,02,J189,350950,3525118431813,37,5.4,31.6
57,3,04,02,J80,350950,3525118391344,5,8.6,3.6
70,3,05,02,J204,350950,3525118421935,2,8.5,6.5
2,1,10,02,J960,350380,3525104466004,24,8.4,15.6
3,1,07,02,J450,350950,3525121189634,1,3.3,2.3
9,3,05,02,J159,354800,3525121456626,3,5.1,2.1
1,1,06,02,J219,350950,3525118454759,7,5.5,1.5
57,3,07,02,J440,350950,3525121203494,6,7.7,1.7
24,3,05,02,J168,353180,3525120887101,5,6.5,1.5
4,1,01,02,J960,350950,3524102882762,8,7.2,0.8
1,3,06,02,J189,352470,3525124147842,2,5.4,3.4
56,3,10,02,J180,350950,3525128188362,4,8.1,4.1
2,1,09,02,J188,350950,3525128181674,14,5.5,8.5
63,1,09,02,J958,352050,3525131777552,1,10.2,9.2
95,3,09,02,J189,352050,3525126528825,1,7.2,6.2
9,1,09,02,J188,350160,3525122130123,10,5.0,5.0
83,1,05,02,J18,353650,3525118899258,11,7.9,3.1
4,1,09,02,J91,351907,3525104866789,10,7.2,2.8
1,3,07,02,J189,355240,3525126437492,5,5.4,0.4
1,1,05,02,J069,355240,3525104716826,2,3.0,1.0
2,3,09,02,J960,353710,3525104431475,4,7.3,3.3
80,1,10,02,J159,350950,3525128187361,4,7.9,3.9
11,3,12,01,J353,350950,3525135818171,1,1.5,0.5
4,3,01,02,J219,350950,3525111603750,5,5.4,0.4
5,1,04,02,J960,350950,3525118376538,6,6.6,0.6
14,1,09,01,J343,352340,3525104886897,2,1.5,0.5
3,1,10,02,J189,350950,3525128188330,6,5.4,0.6
78,3,05,02,J180,351280,3525122821319,5,8.1,3.1
18,3,11,02,J219,355240,3525104934527,2,6.3,4.3
3,3,08,02,J960,352050,3525126515185,2,7.2,5.2
60,3,06,02,J90,350160,3525118974938,8,11.2,3.2
1,1,04,02,J180,350950,3525118368321,7,5.4,1.6
2,1,02,02,J189,352050,3525111484400,7,5.5,1.5
5,3,03,02,J218,354580,3525111507236,4,5.3,1.3
27,1,06,02,J068,350160,3525121529699,3,2.7,0.3
30,1,10,01,J342,351280,3525104874324,1,1.6,0.6
3,1,12,02,J431,350950,3525135800153,2,3.3,1.3
83,1,07,02,J159,355670,3525114267697,3,7.9,4.9
63,1,07,02,J189,350950,3525121205750,2,8.3,6.3
60,3,10,02,J988,350950,3525128189605,4,10.9,6.9
70,3,04,02,J189,355240,3525118894308,19,8.5,10.5
11,3,05,02,J210,350950,3525118408295,4,5.1,1.1
68,1,05,02,J189,352470,3525119543011,13,8.5,4.5
1,1,05,02,J80,355620,3525121151266,2,8.1,6.1
1,1,05,02,J960,353710,3525104344872,16,8.1,7.9
34,3,08,02,J189,354580,3525118992956,3,7.3,4.3
88,1,03,02,J440,352050,3525116054944,3,7.2,4.2
46,1,04,02,J960,350950,3525118377022,9,9.7,0.7
10,1,09,02,J960,355240,3525104837672,3,6.0,3.0
9,1,03,02,J210,355240,3525104658834,1,5.1,4.1
7,1,11,02,J459,350950,3525128250138,3,3.2,0.2
90,1,11,02,J181,350950,3525128235520,31,7.5,23.5
74,3,04,01,J449,350950,3525501367608,7,8.4,1.4
23,3,01,01,J342,354800,3525104612140,2,1.5,0.5
1,1,07,02,J180,355240,3525104794739,2,5.5,3.5
1,3,06,02,J210,350950,3525118436037,2,5.4,3.4
6,1,02,02,J459,350950,3525111633296,3,3.2,0.2
44,1,12,02,J90,355240,3525104937882,10,8.6,1.4
3,3,07,02,J218,350950,3525121205584,3,5.4,2.4
3,1,10,02,J219,350160,3525134323766,1,5.4,4.4
7,3,07,02,J219,350950,3525121200832,2,5.1,3.1
89,1,06,02,J189,352050,3525122788220,1,7.3,6.3
27,1,05,02,J210,355240,3525104719950,4,7.2,3.2
10,1,03,02,J459,350950,3525111656253,3,3.1,0.1
1,3,03,02,J219,350950,3525111686580,2,5.3,3.3
8,3,12,02,J219,350950,3525135796105,10,5.1,4.9
2,1,07,02,J960,350950,3525121202966,6,8.4,2.4
8,1,06,02,J459,350950,3525121182374,1,3.2,2.2
2,1,09,02,J218,350950,3525128163898,4,5.5,1.5
74,3,07,02,J81,350950,3525118434134,22,9.7,12.3
9,3,11,02,J180,350950,3525128243626,6,5.1,0.9
16,1,06,01,J342,350950,3525121177919,1,1.5,0.5
67,1,02,02,J189,354580,3525111502429,2,8.5,6.5
7,1,07,02,J960,355620,3525104402127,13,6.4,6.6
71,3,07,02,J449,350950,3525121224625,10,8.4,1.6
67,1,01,02,J960,353180,3524102870068,9,9.7,0.7
74,3,12,02,J189,355620,3525135139119,2,8.5,6.5
83,3,10,02,J441,353180,3525133165180,5,7.6,2.6
8,3,06,02,J210,350950,3525104367807,2,5.1,3.1
60,3,08,02,J189,353340,3525121423384,11,8.9,2.1
7,3,12,01,J353,350950,3525135791661,1,1.5,0.5
92,3,05,02,J189,355620,3525121146096,8,7.1,0.9
3,3,05,02,J210,355240,3525104716133,2,5.4,3.4
1,3,09,02,J189,355670,3525123478415,3,5.4,2.4
14,1,02,02,J189,353650,3525116090562,8,6.3,1.7
92,3,01,02,J159,352050,3524131573567,7,7.1,0.1
7,3,09,02,J459,354580,3525104867152,4,3.2,0.8
1,3,04,02,J219,352470,3525117281170,3,5.3,2.3
6,1,10,02,J969,350950,3525104456973,14,6.6,7.4
2,3,11,02,J180,355620,3525133624640,3,5.3,2.3
21,3,01,02,J960,350160,3525112450475,7,7.0,0.0
10,3,04,02,J459,352050,3525119120534,3,3.2,0.2
1,3,12,02,J960,350950,3525135802529,3,7.5,4.5
2,3,12,02,J960,353650,3525104515713,8,7.2,0.8
5,1,02,02,J459,350950,3525111631855,5,3.2,1.8
64,3,03,02,J154,350950,3525111675437,9,8.3,0.7
58,1,04,02,J189,351280,3525117220559,6,9.2,3.2
68,1,09,02,J188,350950,3525121269868,12,8.5,3.5
70,1,02,01,J430,353340,3525100368141,1,7.8,6.8
37,3,10,02,J36,353650,3525133191481,3,4.1,1.1
73,3,11,02,J189,350160,3525136709622,1,8.4,7.4
2,1,06,02,J210,351907,3525121177149,25,5.5,19.5
89,3,07,02,J15,350950,3525121203648,1,7.4,6.4
6,1,05,02,J459,352050,3525119130808,3,3.2,0.2
66,3,06,02,J069,350160,3525121529259,1,4.9,3.9
10,1,07,02,J459,350950,3525104392910,7,3.1,3.9
16,1,11,01,J352,352340,3525111588361,1,1.5,0.5
1,3,09,02,J80,350950,3525128153888,2,7.5,5.5
11,3,05,02,J180,352050,3525119126815,3,5.1,2.1
46,1,02,02,J938,351907,3525114721360,4,9.7,5.7
63,3,11,02,J189,350950,3525128246574,2,8.2,6.2
87,3,06,02,J189,350950,3525118454540,2,7.4,5.4
3,3,05,02,J98,350950,3525118415951,1,7.1,6.1
55,1,01,01,J380,350950,3524102878978,2,1.6,0.4
18,1,11,01,J848,350950,3525104500236,1,5.6,4.6
2,1,12,02,J960,351907,3525135823682,1,8.4,7.4
49,3,02,02,J449,355620,3525111817205,6,6.3,0.3
87,1,09,02,J90,350160,3525128576651,9,8.2,0.8
85,1,08,02,J159,355670,3525114271020,15,7.5,7.5
69,1,12,02,J189,353180,3525135830084,7,8.5,1.5
2,1,07,02,J96,350950,3525121200546,30,8.4,21.6
7,1,09,02,J210,350950,3525128163040,5,5.0,0.0
72,3,08,02,J180,352340,3525111567912,8,8.5,0.5
54,1,03,02,J938,354580,3525111503826,6,10.5,4.5
5,1,02,02,J458,350950,3525111643922,3,3.2,0.2
2,1,04,02,J159,350160,3525118629440,7,5.5,1.5
10,3,12,02,J159,352470,3525104981013,6,5.1,0.9
21,1,02,01,J351,350950,3525111619040,1,1.5,0.5
78,1,05,02,J189,353650,3525118900116,9,8.1,0.9
49,3,09,02,J180,352340,3525111575337,1,8.1,7.1
23,3,11,02,J359,352050,3525133162254,1,3.4,2.4
2,3,08,02,J219,350950,3525121242830,2,5.3,3.3
41,1,07,02,J159,350160,3525125929622,13,8.6,4.4
64,1,08,02,J189,350160,3525128572306,2,8.4,6.4
1,3,05,02,J188,350950,3525118423816,4,5.3,1.3
8,3,07,02,J219,350950,3525121199127,3,5.1,2.1
4,3,06,02,J069,350950,3525118463801,3,3.3,0.3
11,1,05,02,J209,350950,3525118420153,2,5.0,3.0
3,3,05,02,J431,350950,3525118420351,3,3.2,0.2
9,3,04,02,J180,351907,3525119450721,8,5.1,2.9
1,3,03,02,J80,350950,3525111686173,4,7.5,3.5
82,1,01,02,J690,353710,3525111698196,5,10.5,5.5
69,3,01,02,J181,350950,3525111604124,7,8.5,1.5
67,3,09,02,J960,350950,3525104435468,12,9.5,2.5
2,3,10,02,J159,350950,3525104476311,6,5.3,0.7
79,1,07,02,J189,354580,3525118987577,3,8.1,5.1
74,1,05,02,J81,352050,3525119126793,4,9.9,5.9
75,3,07,02,J80,350950,3525121205640,19,9.8,9.2
3,3,05,02,J851,355670,3525104359997,13,7.1,5.9
16,1,12,02,J189,352050,3525134291536,6,6.5,0.5
40,1,12,02,J189,353650,3525104515130,1,8.1,7.1
89,3,10,02,J189,350950,3525128212969,6,7.4,1.4
63,3,06,02,J189,351280,3525122822848,3,8.3,5.3
68,3,10,02,J441,353710,3525134930900,6,8.2,2.2
5,3,12,02,J189,350950,3525135794631,7,5.3,1.7
7,1,04,02,J189,354580,3525118973706,4,5.2,1.2
1,1,02,02,J80,351280,3525111642503,14,8.1,5.9
50,1,11,02,J960,353650,3525135270470,3,10.4,7.4
1,3,06,02,J219,352470,3525121331061,7,5.4,1.6
4,3,10,02,J159,352470,3525104442101,15,5.4,9.6
59,1,11,02,J180,353200,3525133184826,2,9.5,7.5
83,3,06,02,J180,350160,3525121525948,6,7.8,1.8
12,1,12,01,J342,350950,3525135790858,1,1.5,0.5
61,1,09,02,J189,353650,3525133186091,10,8.8,1.2
7,3,07,02,J960,350950,3525104797621,4,6.3,2.3
4,3,11,02,J960,350950,3525128252206,38,7.1,30.9
12,1,07,01,J352,352340,3525111565404,1,1.5,0.5
8,1,02,02,J219,350950,3525111650830,6,5.1,0.9
0,3,09,02,J90,350950,3525128160686,13,9.6,3.4
13,3,07,02,J189,350950,3525121191900,16,6.2,9.8
70,1,07,02,J159,352470,3525126433720,11,8.6,2.4
82,3,07,02,J90,350160,3525104401038,13,9.4,3.6
10,1,03,02,J188,350950,3525111658662,2,5.0,3.0
1,3,05,02,J960,353650,3525118900248,3,7.5,4.5
2,3,07,02,J159,350950,3525104391920,5,5.3,0.3
72,1,10,02,J189,350950,3525128188120,12,8.5,3.5
6,1,07,02,J218,350950,3525121199886,2,5.1,3.1
88,3,09,02,J930,350950,3525128159300,7,8.5,1.5
1,3,01,02,J219,350950,3524130870986,3,5.3,2.3
1,1,01,02,J960,355240,3525104594165,3,8.1,5.1
81,1,06,02,J189,351907,3525124268127,2,7.9,5.9
4,1,01,02,J189,350950,3525111614299,12,5.4,6.6
41,1,07,02,J960,353650,3525126437283,16,8.0,8.0
46,3,03,02,J441,350950,3525111666747,10,6.4,3.6
79,3,09,02,J938,355620,3525128556224,11,9.5,1.5
4,1,10,02,J80,350950,3525128200264,3,7.2,4.2
34,3,10,02,J36,352050,3525131790279,3,4.1,1.1
6,1,04,02,J960,350950,3525111695622,5,6.6,1.6
38,1,03,02,J938,350950,3525111654944,12,9.2,2.8
71,1,06,02,J969,352050,3525122789705,2,10.2,8.2
50,1,11,02,J391,351907,3525104501600,6,4.4,1.6
3,1,11,02,J431,350950,3525128246112,1,3.3,2.3
2,1,12,02,J91,352050,3525134290183,11,8.4,2.6
30,1,07,02,J178,351280,3525104398486,11,7.5,3.5
1,1,07,02,J311,353340,3525121422856,1,4.8,3.8
7,3,02,02,J189,350950,3525111636464,15,5.1,9.9
6,3,11,02,J960,354800,3525104488280,6,6.5,0.5
69,1,08,02,J441,350950,3525126843975,6,8.3,2.3
8,3,02,01,J960,353650,3525116091410,1,5.5,4.5
32,3,06,02,J189,353650,3525120502222,4,7.4,3.4
8,3,11,02,J459,351907,3525135166773,2,3.2,1.2
76,1,07,02,J960,353340,3525121422560,4,10.0,6.0
16,3,04,01,J342,350160,3525104687820,1,1.5,0.5
49,3,01,02,J189,352340,3525111528499,1,8.0,7.0
64,1,05,02,J189,350160,3525118631815,8,8.4,0.4
4,3,06,02,J80,350950,3525118444947,25,7.2,17.8
6,1,06,02,J219,350950,3525118451272,7,5.1,1.9
6,1,09,02,J459,350950,3525128171411,1,3.2,2.2
60,1,04,02,J189,350950,3525118377429,6,8.8,2.8
3,3,11,02,J459,350950,3525128234661,4,3.2,0.8
66,1,11,02,J180,350950,3525135784710,5,8.4,3.4
10,3,05,02,J210,353650,3525118900260,7,5.1,1.9
5,3,02,02,J189,352340,3525111536529,4,5.3,1.3
5,1,02,02,J459,350950,3524102894015,1,3.2,2.2
57,1,10,02,J90,352470,3525104470360,6,9.3,3.3
12,3,04,02,J068,355670,3525114251692,2,3.4,1.4
1,1,11,02,J80,350950,3525128248785,11,8.1,2.9
1,1,07,02,J219,355240,3525104795400,2,5.5,3.5
5,3,05,02,J459,353650,3525120495347,6,3.2,2.8
81,1,03,02,J158,350160,3525116088990,3,7.9,4.9
44,3,05,01,J342,352050,3525104730983,2,1.6,0.4
59,1,07,02,J189,355620,3525125777790,6,9.5,3.5
2,3,07,02,J960,350950,3525121222337,2,7.3,5.3
64,3,09,01,J328,350160,3525104454905,3,1.6,1.4
74,3,03,02,J180,353650,3525116098890,6,8.5,2.5
8,3,04,02,J189,355620,3525118470137,2,5.1,3.1
87,1,01,02,J440,350950,3525111613650,5,7.6,2.6
73,3,12,02,J441,355240,3525104967296,3,8.1,5.1
2,1,07,02,J960,350950,3525104395153,5,8.4,3.4
7,1,08,02,J459,350950,3525121248605,4,3.2,0.8
4,1,07,02,J219,350950,3525121191867,2,5.4,3.4
78,3,07,02,J181,350950,3525121190877,23,8.1,14.9
2,1,04,02,J159,350950,3525118371379,6,5.5,0.5
44,3,10,02,J91,352340,3525111583334,2,7.6,5.6
1,1,02,02,J219,350950,3525111626817,1,5.4,4.4
10,1,10,02,J218,351907,3525131908078,3,5.0,2.0
85,1,04,02,J189,353650,3525118894066,1,7.7,6.7
67,3,06,02,J969,350950,3525104379478,2,9.5,7.5
70,3,11,02,J960,350950,3525104498817,2,9.8,7.8
1,3,07,02,J431,350950,3525121204506,2,3.9,1.9
43,1,07,02,J189,352050,3525122793500,2,8.2,6.2
9,3,11,02,J46,355620,3525133627103,2,3.2,1.2
29,3,10,01,J342,355240,3525104470448,1,1.6,0.6
5,3,05,02,J218,355240,3525121409250,2,5.3,3.3
2,1,07,02,J219,352470,3525126433840,1,5.5,4.5
92,3,07,02,J180,350950,3525121197587,1,7.2,6.2
80,1,11,02,J960,353650,3525133194803,5,10.5,5.5
1,1,03,02,J040,350950,3525111675514,3,3.0,0.0
39,1,05,02,J180,353200,3525113708446,1,8.3,7.3
53,3,07,02,J449,352050,3525122800628,7,6.1,0.9
3,1,01,02,J960,350950,3524102867186,6,7.2,1.2
38,1,05,02,J159,351515,3525118719111,5,8.3,3.3
4,3,05,02,J189,353340,3525121419039,6,5.4,0.6
7,3,12,02,J210,355240,3525104969089,3,5.1,2.1
74,3,08,02,J189,350160,3525128572152,3,8.4,5.4
92,3,10,02,J189,350950,3525128156374,4,7.1,3.1
48,3,10,02,J189,353710,3525134930944,3,8.0,5.0
57,1,01,02,J180,350950,3524130863143,7,9.3,2.3
58,3,11,02,J18,350950,3525128225575,18,8.5,9.5
39,3,12,02,J938,350950,3525135810262,3,8.6,5.6
63,1,03,02,J189,351907,3525117326170,2,8.2,6.2
6,1,05,02,J960,350950,3525118414653,12,6.6,5.4
4,1,12,02,J459,352050,3525134289292,2,3.3,1.3
62,3,11,02,J80,350950,3525128233605,2,11.3,9.3
4,3,10,02,J218,350950,3525128200990,3,5.4,2.4
68,3,08,02,J189,350950,3525121236725,3,8.5,5.5
78,1,12,02,J189,352050,3525136902738,2,8.1,6.1
81,1,02,02,J189,352470,3525114722294,3,7.9,4.9
74,1,08,02,J180,350950,3525121228706,3,8.5,5.5
52,1,06,02,J960,352050,3525122786812,9,10.2,1.2
70,1,12,02,J189,355240,3525104514866,2,8.5,6.5
87,3,11,02,J189,353650,3525135267643,8,7.4,0.6
4,3,08,02,J189,355670,3525114272196,4,5.4,1.4
77,3,10,02,J189,353650,3525133193330,1,7.8,6.8
3,3,11,02,J969,351907,3525104505736,56,7.1,48.9
1,3,05,02,J040,355240,3525104715760,3,3.4,0.4
2,1,07,02,J960,350950,3525121217585,9,8.4,0.6
7,1,07,02,J218,350950,3525121184750,4,5.0,1.0
61,1,07,02,J189,352340,3525111563700,6,8.8,2.8
12,3,05,02,J159,355240,3525118429503,8,6.2,1.8
8,1,02,02,J960,350950,3524102889220,2,6.2,4.2
34,3,07,02,J459,355240,3525104383009,1,6.4,5.4
35,3,03,02,J36,353650,3525116098295,6,4.1,1.9
1,3,07,02,J181,353340,3525104797600,5,5.4,0.4
26,3,04,02,J218,350950,3525118384172,20,6.6,13.4
4,1,09,02,J459,350950,3525121272222,2,3.3,1.3
48,1,08,02,J81,350950,3525121233337,1,10.4,9.4
2,3,11,01,J955,353340,3525104497244,8,9.0,1.0
6,3,11,02,J209,350950,3525128244374,10,5.1,4.9
8,1,08,02,J210,350950,3525121247087,31,5.0,26.0
2,1,02,02,J189,352340,3525111536353,4,5.5,1.5
37,3,04,02,J189,353650,3525118891998,10,6.8,3.2
65,3,09,02,J449,350950,3525128155098,1,7.8,6.8
10,3,09,02,J960,350950,3525104444741,15,6.2,8.8
61,1,01,02,J180,350950,3524130877036,10,8.8,1.2
88,1,10,02,J18,350950,3525128222352,1,7.4,6.4
48,1,08,02,J159,355620,3525125778746,19,8.6,10.4
17,1,09,02,J36,355670,3525123478503,1,3.4,2.4
49,3,05,02,J189,352050,3525119140488,6,8.0,2.0
5,3,07,02,J219,350950,3525121204176,11,5.3,5.7
82,1,09,02,J189,351280,3525131645431,3,7.9,4.9
1,3,06,02,J210,351907,3525104750211,15,5.4,9.6
51,3,11,02,J984,350950,3525132901774,27,10.1,16.9
90,1,11,02,J189,352340,3525111586942,7,7.5,0.5
4,1,01,02,J960,350950,3524102885480,2,7.2,5.2
79,1,07,02,J189,350950,3525121209401,5,8.1,3.1
2,3,02,02,J159,350950,3525111651644,3,5.3,2.3
34,1,03,02,J36,350950,3525111669630,1,4.1,3.1
33,1,04,02,J459,352050,3525116061490,2,7.1,5.1
5,3,11,02,J950,352470,3525104491293,2,6.5,4.5
2,1,05,02,J068,350950,3525104344300,1,3.6,2.6
1,1,01,02,J960,350950,3524130801488,13,8.1,4.9
30,1,02,02,J188,350950,3525111636497,4,7.6,3.6
1,1,10,02,J189,351907,3525131910278,7,5.4,1.6
80,1,10,02,J189,355620,3525128560888,29,7.9,21.1
69,1,07,02,J960,350950,3525121219609,30,10.2,19.8
87,3,06,02,J189,352050,3525119143601,6,7.4,1.4
71,3,08,02,J180,353200,3525113709282,6,8.5,2.5
11,1,10,02,J189,352050,3525131802270,4,5.0,1.0
2,3,04,02,J210,350950,3525118390156,3,5.3,2.3
59,3,08,02,J449,350160,3525128570216,5,7.6,2.6
6,1,05,02,J210,350950,3525118414708,2,5.1,3.1
72,3,08,02,J189,353710,3525125213269,14,8.5,5.5
9,3,04,02,J068,350950,3525118375636,1,3.4,2.4
66,1,09,02,J189,350950,3525121273036,7,8.4,1.4
1,1,08,02,J210,350950,3525121256613,7,5.5,1.5
4,1,05,02,J110,353340,3525121419875,3,5.4,2.4
64,3,12,02,J180,350950,3525135826113,11,8.3,2.7
2,1,09,01,J459,352340,3525104456786,1,4.3,3.3
2,1,06,02,J219,350950,3525118465935,2,5.5,3.5
49,3,03,02,J449,353200,3525113708127,3,6.3,3.3
49,3,12,02,J930,352340,3525111597106,11,9.6,1.4
4,1,07,02,J218,354580,3525118987478,6,5.4,0.6
89,1,04,02,J189,355620,3525116078836,8,7.4,0.6
78,3,04,02,J948,350160,3525118629406,19,9.6,9.4
92,1,12,02,J189,352340,3525111596050,10,7.0,3.0
43,1,07,02,J18,350950,3525121191163,4,8.2,4.2
89,1,08,02,J159,352050,3525126505440,6,7.3,1.3
5,3,09,02,J960,350950,3525121268020,7,6.6,0.4
1,3,06,02,J80,350950,3525121176566,21,7.5,13.5
52,1,12,02,J189,350950,3525104512567,7,9.0,2.0
11,3,08,02,J188,350950,3525121254215,6,5.1,0.9
2,1,10,02,J040,350160,3525131763780,2,3.6,1.6
11,3,03,02,J431,350950,3525111658508,7,3.2,3.8
86,3,07,02,J18,350950,3525121191251,4,7.4,3.4
6,3,04,02,J189,350950,3525118374151,7,5.1,1.9
5,1,09,01,J353,352340,3525111578747,1,1.5,0.5
93,1,04,02,J449,350950,3525111696128,10,7.4,2.6
78,3,12,02,J180,350950,3525135814761,13,8.1,4.9
63,3,01,01,J330,351515,3525100350068,1,1.6,0.6
3,3,08,02,J459,350950,3525121244194,3,3.3,0.3
53,1,01,02,J189,353650,3525111772655,2,8.5,6.5
1,3,08,02,J189,350950,3525125780990,2,5.4,3.4
11,3,03,02,J189,350950,3525111676163,5,5.1,0.1
71,1,09,02,J440,352470,3525130107092,15,8.2,6.8
4,3,10,02,J159,355670,3525123481297,2,5.4,3.4
2,1,09,02,J210,350380,3525104444092,8,5.5,2.5
66,3,04,02,J180,350950,3525111694060,2,8.3,6.3
84,3,08,02,J189,350160,3525128567906,2,8.1,6.1
10,1,11,02,J218,354580,3525128660383,2,5.0,3.0
1,3,09,02,J210,350950,3525121272486,2,5.4,3.4
3,1,07,02,J180,352050,3525122796129,4,5.4,1.4
81,1,03,02,J189,353710,3525117221307,7,7.9,0.9
87,1,03,02,J159,350950,3525111636167,11,7.4,3.6
81,3,03,02,J449,353650,3525116098108,17,7.6,9.4
82,3,10,02,J189,354580,3525128652793,5,7.8,2.8
8,1,07,01,J353,355670,3525114267422,1,1.5,0.5
1,1,09,02,J219,350950,3525128168860,6,5.5,0.5
6,3,10,02,J960,355240,3525104465223,26,6.5,19.5
54,3,07,02,J188,350950,3525121189502,4,8.2,4.2
1,1,03,02,J218,350950,3525111681069,4,5.4,1.4
84,3,05,02,J189,350160,3525118635830,3,8.1,5.1
77,1,04,02,J189,350950,3525118376550,60,7.9,52.1
2,3,09,02,J459,350950,3525121272520,1,3.4,2.4
1,3,10,02,J960,350380,3525128225432,1,7.5,6.5
74,1,04,02,J180,350950,3525111692993,5,8.5,3.5
10,1,06,02,J459,350950,3525118448599,1,3.1,2.1
47,3,11,02,J90,353180,3525104938960,18,10.1,7.9
7,3,05,02,J218,351907,3525121412439,12,5.1,6.9
75,1,08,02,J158,352050,3525126520740,3,8.6,5.6
8,3,05,02,J219,353710,3525119542153,3,5.1,2.1
71,1,02,02,J448,350160,3525116080080,8,8.4,0.4
77,1,06,02,J189,353340,3525121420832,2,7.9,5.9
87,1,07,02,J159,350950,3525121213559,4,7.3,3.3
43,1,05,02,J189,353710,3525117222242,4,8.0,4.0
10,3,02,02,J180,350950,3525111624133,5,5.1,0.1
1,3,11,02,J188,350950,3525128233748,4,5.3,1.3
9,3,05,02,J459,350950,3525104745877,1,3.2,2.2
3,3,02,02,J189,352340,3525111536200,1,5.4,4.4
2,1,07,02,J960,350950,3525104384747,3,8.4,5.4
69,3,11,02,J189,351280,3525134932660,1,8.5,7.5
10,3,10,02,J960,352340,3525104481998,15,6.2,8.8
6,1,11,02,J46,355620,3525133626729,2,3.2,1.2
32,1,01,01,J342,354800,3525104615846,2,1.6,0.4
2,1,06,02,J459,350380,3525104381403,2,3.6,1.6
2,1,04,02,J180,350950,3525118373799,6,5.5,0.5
6,3,01,01,J353,352340,3525111530116,1,1.5,0.5
1,3,10,02,J960,350950,3525128199660,6,7.5,1.5
58,1,11,02,J90,352340,3525104507100,7,11.8,4.8
64,3,02,01,J342,350950,3525111637564,2,1.6,0.4
43,3,06,02,J180,350950,3525121180944,56,7.4,48.6
98,3,01,02,J189,350950,3524130873934,5,6.9,1.9
50,1,09,02,J180,353200,3525113709568,1,8.9,7.9
48,1,08,02,J159,353710,3525113906127,1,8.6,7.6
69,1,04,02,J91,352340,3525111548607,14,10.2,3.8
2,3,05,02,J219,353340,3525114060809,7,5.3,1.7
2,1,10,02,J209,350950,3525128184842,1,5.5,4.5
74,3,01,02,J180,350950,3524130869688,4,8.5,4.5
1,1,05,02,J459,355240,3525104714560,2,4.1,2.1
56,1,01,02,J159,352050,3524131576559,30,9.3,20.7
68,3,03,01,J90,352340,3525111541590,24,6.1,17.9
67,3,06,02,J441,350160,3525121527257,1,7.9,6.9
38,3,06,01,J100,354580,3525118984673,4,10.1,6.1
71,1,12,01,J342,350950,3525104515119,2,2.2,0.2
70,3,09,02,J128,353650,3525133185761,4,8.5,4.5
81,3,07,02,J441,351280,3525122824003,4,7.6,3.6
71,1,05,02,J90,350950,3525118414565,33,10.3,22.7
58,3,05,01,J324,354580,3525104341286,2,1.6,0.4
10,1,07,02,J459,351907,3525104392546,1,3.1,2.1
51,3,10,02,J180,350160,3525131761790,4,8.4,4.4
43,1,01,02,J960,351907,3525114200290,17,8.7,8.3
50,1,10,02,J189,350950,3525128186921,14,8.9,5.1
62,1,08,02,J439,350950,3525104412764,4,8.1,4.1
9,1,08,02,J219,355240,3525126441287,4,5.0,1.0
5,3,03,02,J180,351907,3525117325059,3,5.3,2.3
64,1,09,01,J449,353650,3525126441573,3,8.2,5.2
4,3,06,01,J955,352470,3525104377410,1,6.2,5.2
75,3,11,02,J189,352340,3525111590726,1,8.6,7.6
2,3,07,02,J189,350950,3525121219565,3,5.3,2.3
2,3,08,02,J459,351907,3525126440385,2,3.4,1.4
2,1,04,02,J180,350950,3525118373854,4,5.5,1.5
24,3,12,02,J218,351907,3525136920228,6,6.5,0.5
47,3,04,02,J449,350950,3525118370720,1,6.3,5.3
71,3,07,02,J180,350160,3525125928874,1,8.5,7.5
67,1,08,02,J960,352340,3525111568759,6,9.8,3.8
66,3,07,02,J159,352470,3525126433928,12,8.3,3.7
5,1,06,02,J960,350950,3525118413839,5,6.7,1.7
8,3,07,02,J188,350950,3525121188721,4,5.1,1.1
1,3,01,02,J969,355240,3524102870926,6,7.5,1.5
2,1,08,02,J218,350950,3525121230510,10,5.5,4.5
96,3,05,02,J189,350160,3525121520525,4,7.2,3.2
4,1,07,02,J159,350950,3525121222403,8,5.4,2.6
61,1,07,02,J961,352050,3525122791608,30,11.6,18.4
3,3,11,02,J459,350160,3525134329794,5,3.2,1.8
65,1,09,02,J91,351905,3525104431596,10,9.7,0.3
4,3,08,02,J459,354580,3525128644301,3,3.3,0.3
3,3,07,02,J988,350950,3525104390566,4,7.2,3.2
6,1,09,02,J960,350950,3525128169398,4,6.7,2.7
2,1,05,02,J205,350950,3525118407470,8,5.5,2.5
1,3,09,02,J219,353650,3525133189853,5,5.4,0.4
76,1,09,02,J180,350160,3525128574286,4,8.6,4.6
68,3,05,02,J159,351907,3525118431098,4,8.5,4.5
2,1,03,02,J210,350950,3525111684160,5,5.5,0.5
67,3,05,02,J449,350950,3525104342848,5,7.9,2.9
1,1,04,02,J219,350950,3525118374052,1,5.4,4.4
44,1,07,01,J958,353180,3525104798468,1,4.8,3.8
74,1,08,02,J189,354580,3525128642101,4,8.5,4.5
7,3,05,02,J189,352340,3525111553810,4,5.1,1.1
47,1,09,01,J343,353180,3525104839586,1,1.6,0.6
6,1,02,02,J180,354580,3525104627572,2,5.1,3.1
1,3,11,02,J189,354580,3525128660152,1,5.3,4.3
76,1,08,01,J81,355240,3525118120953,11,7.7,3.3
81,1,08,02,J180,350950,3525121251355,7,7.9,0.9
2,3,09,02,J960,355240,3525133186300,2,7.3,5.3
1,1,05,02,J218,350950,3525118411200,3,5.4,2.4
65,3,01,02,J441,350950,3525111613661,3,7.6,4.6
5,3,09,02,J218,350950,3525128181520,1,5.3,4.3
75,3,09,02,J189,352340,3525111573841,4,8.5,4.5
11,3,08,02,J218,350950,3525121230059,2,5.1,3.1
47,3,04,01,J324,353710,3525501551671,1,1.6,0.6
6,3,04,02,J219,350950,3525118378892,1,5.1,4.1
28,3,06,02,J960,351907,3525104755931,12,7.8,4.2
9,1,03,02,J219,350950,3525117279629,3,5.1,2.1
56,1,11,02,J90,353650,3525135267710,3,10.8,7.8
6,3,01,02,J960,350160,3525104594517,4,6.5,2.5
3,3,11,02,J459,351280,3525133195397,4,3.2,0.8
1,3,05,02,J210,353650,3525120496029,11,5.3,5.7
84,3,10,02,J189,350160,3525134324130,10,8.1,1.9
9,3,02,02,J459,350950,3525111630755,4,3.2,0.8
6,1,07,02,J459,355240,3525104797930,2,3.2,1.2
5,1,09,02,J459,350950,3525128163810,3,3.2,0.2
53,1,04,02,J180,353180,3525120886276,2,8.5,6.5
35,1,09,02,J938,350950,3525104455246,4,8.7,4.7
1,1,03,02,J218,354580,3525111508700,2,5.4,3.4
27,3,10,02,J189,353710,3525134930878,43,7.1,35.9
4,1,05,02,J219,350950,3525118414830,6,5.4,0.6
4,3,10,02,J189,355620,3525133621702,2,5.4,3.4
56,3,07,01,J324,352050,3525118462657,1,1.6,0.6
92,3,03,02,J180,353650,3525116095303,6,7.1,1.1
64,1,05,02,J159,355670,3525114259249,5,8.4,3.4
11,1,01,02,J189,350950,3525111603695,7,5.0,2.0
18,1,04,01,J343,352050,3525104690602,1,1.5,0.5
13,1,06,02,J181,350950,3525118454396,2,6.1,4.1
74,1,10,02,J449,352050,3525131789730,7,8.6,1.6
61,1,07,02,J189,350950,3525104400862,17,8.8,8.2
80,3,04,02,J960,353180,3525120885957,1,9.5,8.5
2,3,03,02,J181,353340,3525114058378,7,5.3,1.7
6,3,05,02,J459,350950,3525118402267,4,3.2,0.8
2,1,04,02,J218,352050,3525119119621,3,5.5,2.5
1,1,04,02,J180,350160,3525118633619,4,5.4,1.4
64,3,01,02,J449,350950,3525111613617,3,7.6,4.6
81,1,05,02,J189,353650,3525118899687,5,7.9,2.9
71,3,07,02,J110,354580,3525118989249,8,8.5,0.5
2,1,06,02,J219,354800,3525124147204,6,5.5,0.5
10,3,06,02,J960,350160,3525104723371,9,6.2,2.8
46,3,02,02,J80,350950,3525111639478,13,9.7,3.3
3,1,09,02,J960,355240,3525104837936,15,7.2,7.8
1,3,04,01,J984,354580,3525104687478,5,8.1,3.1
7,1,08,02,J210,352050,3525126518023,2,5.0,3.0
2,1,04,02,J459,352470,3525119541120,4,3.6,0.4
2,3,11,02,J189,354580,3525128657820,11,5.3,5.7
7,1,06,02,J188,355240,3525117361788,7,5.0,2.0
1,1,01,02,J980,352470,3524102879902,4,8.1,4.1
8,1,09,02,J960,355240,3525133186927,10,6.4,3.6
66,1,03,01,J320,352340,3525111540456,1,1.7,0.7
2,3,10,02,J180,353200,3525113709788,2,5.3,3.3
90,3,04,02,J180,350160,3525118629505,2,7.4,5.4
2,3,08,02,J040,353340,3525121423758,3,3.4,0.4
12,3,06,02,J158,350160,3525121526960,4,6.2,2.2
8,1,06,02,J040,350950,3525118451789,13,3.2,9.8
10,3,10,02,J80,350950,3525128221846,6,6.2,0.2
46,1,05,02,J188,350950,3525117351162,6,8.2,2.2
58,1,09,02,J940,350160,3525104448460,2,11.9,9.9
1,3,04,02,J189,350950,3525118893164,2,5.3,3.3
81,3,09,02,J449,353650,3525133185948,4,7.6,3.6
25,1,11,02,J159,350950,3525128227710,6,6.7,0.7
2,1,05,02,J21,350950,3525118411771,6,5.5,0.5
74,1,08,02,J180,350950,3525121237275,13,8.5,4.5
3,3,07,02,J218,353180,3525127045627,2,5.4,3.4
1,3,04,02,J219,355240,3525118898741,5,5.3,0.3
31,3,10,02,J180,350950,3525128188857,1,6.9,5.9
86,1,07,02,J930,350950,3525121184442,2,8.9,6.9
81,1,06,02,J170,350160,3525121525673,3,7.9,4.9
1,3,06,02,J960,350950,3525118448016,3,7.5,4.5
4,3,07,02,J210,351907,3525104756888,5,5.4,0.4
11,3,02,01,J358,352050,3525111618765,1,1.5,0.5
10,1,04,02,J180,352340,3525111548563,4,5.0,1.0
56,1,12,02,J390,350950,3525104508288,8,4.8,3.2
2,3,09,02,J219,352470,3525132976079,1,5.3,4.3
69,3,06,02,J189,350160,3525121527730,6,8.5,2.5
88,3,01,02,J18,350950,3524130862197,18,7.4,10.6
2,1,07,02,J219,351907,3525104794211,1,5.5,4.5
2,1,09,02,J91,352470,3525130108160,2,8.4,6.4
1,3,12,02,J219,350950,3525135800494,6,5.3,0.7
8,3,09,02,J189,355620,3525128556972,7,5.1,1.9
4,1,07,02,J219,350950,3525121204473,8,5.4,2.6
62,3,08,02,J80,354800,3525121258450,2,11.4,9.4
1,3,07,02,J960,351907,3525104397640,3,7.5,4.5
68,3,01,02,J189,350160,3525112451388,19,8.5,10.5
23,1,07,02,J210,350950,3525121213361,2,6.7,4.7
95,1,05,02,J180,350160,3525118631804,9,6.5,2.5
1,1,09,02,J219,350950,3525128162589,7,5.5,1.5
72,1,02,02,J449,350950,3525111621449,12,8.4,3.6
3,3,04,02,J210,355670,3525114250603,2,5.4,3.4
65,3,08,02,J189,350950,3525121230862,3,8.3,5.3
3,1,09,02,J189,350950,3525128163007,3,5.4,2.4
54,3,02,02,J180,350950,3525111622362,13,8.1,4.9
6,1,06,02,J068,350950,3525118465320,1,3.2,2.2
36,3,07,02,J81,354580,3525118990547,2,8.8,6.8
3,3,10,02,J80,350950,3525128217600,4,7.1,3.1
68,3,07,02,J189,351907,3525111563875,4,8.5,4.5
6,1,10,02,J180,351907,3525131906373,5,5.1,0.1
9,1,07,02,J431,350950,3525121189095,3,3.2,0.2
1,1,05,02,J159,350950,3525118404160,6,5.4,0.6
45,1,02,02,J930,350160,3525116080300,17,10.1,6.9
70,3,01,02,J960,351907,3525114198936,4,9.8,5.8
49,3,12,02,J960,354580,3525135175133,7,9.6,2.6
85,3,03,02,J189,350950,3525111673490,4,7.8,3.8
23,3,08,02,J180,351907,3525129001064,19,6.5,12.5
31,3,03,01,J323,351907,3525104654544,1,1.6,0.6
72,3,05,02,J441,350950,3525118398660,7,8.1,1.1
67,3,11,02,J449,351907,3525133195133,6,7.9,1.9
5,1,04,02,J960,352050,3525116062644,3,6.6,3.6
3,1,05,02,J180,350950,3525104350911,7,5.4,1.6
3,1,05,02,J210,350950,3525118408900,7,5.4,1.6
1,1,11,02,J80,350950,3525128248741,5,8.1,3.1
71,3,06,02,J159,352340,3525111557836,2,8.5,6.5
41,1,02,02,J80,355240,3525111650148,8,8.7,0.7
60,1,01,02,J449,352050,3525111457890,5,8.1,3.1
6,3,01,01,J353,350950,3524130802951,1,1.5,0.5
80,1,05,02,J150,350950,3525118420208,2,7.9,5.9
1,1,08,02,J960,355240,3525126440100,5,7.9,2.9
4,1,12,02,J218,351907,3525136919690,4,5.4,1.4
10,3,05,02,J960,353650,3525118900281,4,6.2,2.2
66,3,02,02,J181,353180,3525114363166,2,8.3,6.3
54,1,11,01,J343,350160,3525104935088,1,1.6,0.6
66,3,01,02,J90,350160,3525112452400,6,9.2,3.2
89,3,01,02,J180,350160,3525112451344,2,7.4,5.4
47,1,09,02,J180,350950,3525104448602,8,8.7,0.7
2,1,03,02,J80,350950,3525111666472,16,8.4,7.6
95,3,12,02,J80,350950,3525135811824,7,5.9,1.1
75,1,12,02,J178,355620,3525104511280,3,8.6,5.6
19,1,09,02,J938,354580,3525128651110,5,7.6,2.6
69,1,03,02,J449,352050,3525111469132,30,8.8,21.2
6,1,11,02,J219,350950,3525128237411,2,5.1,3.1
82,3,04,02,J180,350160,3525118633344,6,7.8,1.8
70,1,06,02,J449,350950,3525121175598,16,8.3,7.7
15,3,03,02,J039,353650,3525116096205,12,3.2,8.8
1,3,03,02,J371,350950,3525111658442,2,4.8,2.8
69,1,05,02,J189,353710,3525117221846,5,8.5,3.5
92,3,09,02,J189,355670,3525123478294,12,7.2,4.8
29,1,06,01,J342,355670,3525114262417,1,1.6,0.6
1,1,04,02,J210,350950,3525118391630,4,5.4,1.4
70,3,01,02,J90,350950,3524130867763,9,9.8,0.8
35,1,11,02,J168,353180,3525133165917,6,8.3,2.3
31,1,06,02,J181,350950,3525118465143,2,7.9,5.9
72,1,01,02,J180,350950,3524102869562,8,8.5,0.5
9,1,04,02,J459,353650,3525118894231,6,3.2,2.8
7,1,08,02,J189,353340,3525121423978,3,5.0,2.0
6,1,08,02,J129,354580,3525104831424,3,5.1,2.1
45,3,04,02,J90,350950,3525118383820,7,9.2,2.2
1,1,11,02,J180,351907,3525135165860,3,5.4,2.4
1,1,05,02,J210,354580,3525118979130,4,5.4,1.4
1,1,09,02,J36,353650,3525133188984,2,4.8,2.8
74,1,11,01,J952,350950,3525128232637,3,7.9,4.9
87,3,06,02,J189,354580,3525118985102,6,7.4,1.4
1,1,10,02,J210,350950,3525128198031,4,5.4,1.4
11,3,05,02,J960,350950,3525118408108,4,6.4,2.4
31,1,06,02,J188,350950,3525117357620,8,7.9,0.1
1,1,02,02,J459,352050,3525111478647,2,4.1,2.1
35,3,04,02,J869,352050,3525116055857,1,9.1,8.1
58,3,08,02,J90,354580,3525127090199,17,11.0,6.0
55,3,09,01,J342,354800,3525104838123,1,1.6,0.6
4,1,05,02,J219,350950,3525118422815,1,5.4,4.4
5,1,02,02,J431,350950,3525111649906,3,3.2,0.2
78,3,09,02,J679,350160,3525104450538,13,9.6,3.4
64,3,05,02,J189,350160,3525118636920,16,8.3,7.7
83,3,05,02,J189,355670,3525114258590,10,7.8,2.2
77,1,01,02,J180,352340,3525111528235,3,7.9,4.9
77,3,10,02,J189,355620,3525133620756,15,7.8,7.2
22,3,05,01,J448,351907,3525104352605,16,2.7,13.3
4,1,04,02,J90,350950,3525118383490,29,7.2,21.8
1,1,07,02,J960,355240,3525104388069,3,7.9,4.9
81,1,07,02,J189,355620,3525125777756,6,7.9,1.9
19,3,11,02,J80,350950,3525128224596,6,7.3,1.3
54,3,03,02,J36,350950,3525111685690,2,4.4,2.4
8,1,08,02,J459,351907,3525129000734,6,3.2,2.8
61,3,10,02,J960,350950,3525128194907,7,11.3,4.3
69,3,01,02,J80,350950,3525111607094,3,9.8,6.8
8,1,03,02,J219,353650,3525116095545,2,5.1,3.1
3,1,04,02,J218,350950,3525111693004,2,5.4,3.4
8,3,06,02,J218,350950,3525121180702,6,5.1,0.9
2,1,06,02,J069,350950,3525118461470,2,3.6,1.6
71,3,06,02,J189,352050,3525122787516,7,8.5,1.5
3,1,02,02,J960,350950,3524130872053,14,7.2,6.8
71,1,01,02,J189,355670,3524132023071,12,8.5,3.5
43,1,05,02,J390,350950,3525118426610,5,4.5,0.5
9,1,12,02,J159,350950,3525135825684,8,5.1,2.9
5,3,10,02,J960,350950,3525128187647,14,6.5,7.5
14,3,12,02,J350,350950,3525132454305,2,3.4,1.4
31,1,10,02,J189,350950,3525128214245,5,7.9,2.9
6,1,09,02,J459,352470,3525128322529,3,3.2,0.2
57,1,03,02,J449,353340,3525114058356,7,8.3,1.3
30,3,05,02,J180,353200,3525113708501,1,6.6,5.6
90,1,11,02,J441,350950,3525128235960,5,7.2,2.2
3,1,05,02,J21,350950,3525118414312,30,5.4,24.6
82,1,04,02,J159,355240,3525104325380,5,7.9,2.9
3,3,05,02,J219,355620,3525121147295,2,5.4,3.4
74,3,01,02,J18,350950,3524130868346,20,8.5,11.5
14,1,09,02,J100,352470,3525132976310,5,6.3,1.3
2,1,08,02,J989,352050,3525126509443,5,8.4,3.4
83,3,12,02,J18,350950,3525135826510,2,7.8,5.8
5,1,01,02,J80,350950,3525111606490,3,6.6,3.6
1,3,05,02,J960,353650,3525118900435,4,7.5,3.5
1,3,09,02,J159,355240,3525104455851,22,5.4,16.6
45,3,05,02,J988,350950,3525104335522,6,9.2,3.2
7,3,05,02,J219,350950,3525118416314,10,5.1,4.9
78,3,04,02,J189,352340,3525111544845,6,8.1,2.1
11,3,07,01,J342,350950,3525118445079,1,1.5,0.5
59,3,09,02,J189,352050,3525126520256,8,8.2,0.2
10,1,04,02,J219,355240,3525104694925,1,5.0,4.0
56,1,06,02,J188,352050,3525119140763,11,9.5,1.5
7,1,11,02,J960,354800,3525104488334,3,6.3,3.3
67,1,06,02,J150,350950,3525118463691,1,8.5,7.5
3,3,10,02,J189,355620,3525133623693,3,5.4,2.4
14,1,02,01,J342,350950,3525111600880,1,1.5,0.5
78,3,07,02,J188,350950,3525121200436,4,8.1,4.1
8,3,11,02,J218,350950,3525128197096,22,5.1,16.9
45,1,02,02,J189,355620,3525111817964,7,8.6,1.6
11,1,04,02,J209,350950,3525118396448,10,5.0,5.0
6,3,04,01,J353,352340,3525111545142,1,1.5,0.5
38,3,07,02,J189,350950,3525121219785,15,7.1,7.9
63,3,09,02,J449,352050,3525126520872,5,7.7,2.7
46,3,07,02,J180,350950,3525121223965,4,7.9,3.9
73,1,08,02,J189,354580,3525128643036,8,8.5,0.5
53,1,09,02,J81,350950,3525128179507,1,9.9,8.9
7,3,04,02,J218,350950,3525118371820,6,5.1,0.9
62,1,10,02,J158,354580,3525128647172,30,8.7,21.3
8,3,06,02,J218,350950,3525118463625,9,5.1,3.9
24,3,07,02,J219,350950,3525121188590,4,6.5,2.5
46,1,07,02,J960,353180,3525104794310,22,9.4,12.6
69,3,09,02,J960,350950,3525104440198,18,9.7,8.3
2,3,07,02,J218,351907,3525127045870,7,5.3,1.7
9,1,08,02,J210,353340,3525121423824,3,5.0,2.0
8,3,01,02,J189,355240,3525111771973,5,5.1,0.1
74,1,11,02,J441,350950,3525135785787,2,8.6,6.6
94,1,09,02,J189,355620,3525128558732,6,7.5,1.5
73,3,11,02,J449,353650,3525135271691,8,8.1,0.1
76,3,09,01,J189,350950,3525104417318,59,12.3,46.7
59,3,03,02,J159,350950,3525100832980,2,8.5,6.5
8,3,06,02,J458,355240,3525104755942,2,3.2,1.2
11,1,09,02,J459,350950,3525128180695,1,3.1,2.1
58,3,01,02,J960,350950,3524130866366,19,10.8,8.2
3,3,01,02,J040,350950,3524102886678,1,3.3,2.3
1,1,05,02,J960,350950,3525104342452,3,8.1,5.1
85,3,07,02,J189,350160,3525125931514,5,7.8,2.8
3,1,11,02,J189,355620,3525134349572,3,5.4,2.4
28,3,10,02,J90,350380,3525104450604,10,7.8,2.2
88,3,01,02,J80,350950,3525111598668,2,8.5,6.5
61,3,06,02,J189,351280,3525122822507,3,8.8,5.8
70,1,08,02,J189,350160,3525128572284,4,8.6,4.6
4,3,11,02,J459,354580,3525135171448,5,3.2,1.8
7,1,01,02,J969,350950,3524102877581,6,6.3,0.3
81,3,03,02,J189,350950,3525111659993,1,7.8,6.8
45,1,07,02,J81,353180,3525126071148,6,9.4,3.4
56,3,07,02,J459,355240,3525104404404,2,7.6,5.6
88,1,03,02,J189,354580,3525111504893,3,7.4,4.4
3,3,06,02,J960,351907,3525104747461,3,7.2,4.2
7,3,10,02,J189,350950,3525128201200,7,5.1,1.9
84,1,05,02,J189,350950,3525118434915,6,8.0,2.0
68,1,08,02,J18,353180,3525126072314,2,8.5,6.5
59,3,05,02,J441,352050,3525119130115,30,7.9,22.1
5,1,05,02,J969,352050,3525119142974,20,6.6,13.4
4,3,02,02,J189,355670,3524132025513,6,5.4,0.6
73,1,05,02,J189,355620,3525121147867,6,8.5,2.5
5,3,07,02,J431,350950,3525121188127,4,3.2,0.8
89,1,07,02,J159,350950,3525121209918,5,7.3,2.3
6,1,12,02,J219,355620,3525135140560,2,5.1,3.1
70,3,09,02,J449,353650,3525133186003,13,8.4,4.6
67,3,07,02,J90,352050,3525122800936,13,9.5,3.5
29,1,08,02,J189,350160,3525128570183,40,7.5,32.5
8,3,05,02,J459,353340,3525104715902,6,3.2,2.8
50,1,12,02,J189,352470,3525135935508,6,8.9,2.9
60,3,09,02,J449,353200,3525113709546,2,7.7,5.7
1,3,04,02,J459,355240,3525118895991,3,3.9,0.9
76,3,06,02,J960,353180,3525120887882,5,9.7,4.7
60,1,11,02,J189,350950,3525128236135,6,8.8,2.8
64,1,08,02,J180,350160,3525104408804,2,8.4,6.4
1,3,06,02,J80,350950,3525118451338,11,7.5,3.5
90,3,03,02,J189,350950,3525111672423,4,7.4,3.4
84,1,06,02,J960,350950,3525104368170,3,9.9,6.9
6,1,10,02,J210,354800,3525128214707,2,5.1,3.1
10,1,05,02,J459,350950,3525118409000,6,3.1,2.9
1,3,11,02,J969,353650,3525135269139,13,7.5,5.5
3,1,11,02,J180,351907,3525104920975,2,5.4,3.4
5,1,06,02,J960,350950,3525118452537,5,6.7,1.7
80,1,02,02,J189,351280,3525113375707,10,7.9,2.1
2,3,11,02,J218,350160,3525136709700,2,5.3,3.3
4,1,04,02,J960,355240,3525118894594,6,7.2,1.2
1,1,07,02,J960,350950,3525121199479,7,7.9,0.9
66,3,08,02,J18,350950,3525121257670,3,8.3,5.3
42,1,11,02,J950,350950,3525128238456,6,8.7,2.7
59,3,06,02,J449,350950,3525118459555,8,7.6,0.4
8,1,09,02,J459,352050,3525131779158,2,3.2,1.2
10,1,04,02,J21,350950,3525118380366,3,5.0,2.0
2,3,06,02,J210,355240,3525104755502,5,5.3,0.3
18,3,12,02,J91,350160,3525136715826,4,7.3,3.3
36,1,06,02,J120,350950,3525118451020,1,8.1,7.1
8,1,11,02,J960,350950,3525128234540,2,6.2,4.2
75,1,09,02,J189,350160,3525131758621,4,8.6,4.6
18,1,09,02,J948,355240,3525104867075,5,7.6,2.6
56,3,06,02,J958,352050,3525119147814,1,9.8,8.8
1,1,11,02,J80,355620,3525133626938,1,8.1,7.1
53,1,09,02,J188,350950,3525128172522,20,8.5,11.5
2,1,10,01,J459,350950,3525104470668,1,4.1,3.1
5,1,07,02,J219,350950,3525121222854,4,5.3,1.3
2,1,09,02,J219,355240,3525126443410,3,5.5,2.5
10,1,10,02,J180,352050,3525111582949,3,5.0,2.0
21,3,07,01,J343,352470,3525104806553,2,1.5,0.5
5,3,06,02,J219,350950,3525114262494,1,5.3,4.3
25,3,11,01,J351,355240,3525104920150,1,1.5,0.5
8,1,08,02,J219,350950,3525121251432,6,5.0,1.0
80,1,10,02,J440,350950,3525128154119,9,8.1,0.9
70,3,09,02,J90,353650,3525126444367,2,9.7,7.7
7,3,10,02,J180,354580,3525128654278,9,5.1,3.9
96,1,07,02,J189,355670,3525114269226,2,6.6,4.6
86,3,04,02,J159,355670,3525114251395,6,7.4,1.4
1,1,04,02,J430,350950,3525118384612,5,4.1,0.9
2,1,08,02,J960,350950,3525121248759,3,8.4,5.4
21,3,01,02,J189,353650,3525111776164,1,5.6,4.6
3,1,03,02,J218,350950,3525111680915,5,5.4,0.4
2,1,04,02,J219,350950,3525118396492,2,5.5,3.5
74,3,01,02,J449,350950,3524130860998,11,8.1,2.9
12,1,07,02,J459,350950,3525104387200,1,3.2,2.2
0,1,09,02,J80,350950,3525128160466,36,11.1,24.9
7,1,04,02,J459,351515,3525118696539,4,3.2,0.8
52,1,09,02,J90,350950,3525125134388,3,10.2,7.2
76,3,12,02,J189,355620,3525135137546,15,8.6,6.4
15,1,07,02,J450,350950,3525121211744,2,3.3,1.3
1,1,09,02,J989,350950,3525128180684,3,7.9,4.9
71,1,02,02,J449,352050,3525111462994,8,8.4,0.4
71,1,05,02,J449,353650,3525120495325,2,8.4,6.4
84,1,05,02,J448,350160,3525118633840,4,8.4,4.4
1,1,08,02,J960,355240,3525104429320,4,7.9,3.9
4,1,12,02,J189,354580,3525135173868,5,5.4,0.4
6,3,07,02,J459,353180,3525127042415,7,3.2,3.8
57,1,11,02,J180,353200,3525133184892,1,9.3,8.3
9,1,03,02,J960,350950,3525111656055,4,6.2,2.2
30,1,10,02,J90,350950,3525112597204,7,9.0,2.0
81,1,04,02,J159,352050,3525116065295,6,7.9,1.9
12,1,03,02,J91,350950,3525111662710,31,6.7,24.3
44,3,11,02,J189,355620,3525133626388,2,6.6,4.6
5,3,08,02,J189,351280,3525104412357,4,5.3,1.3
3,3,05,02,J189,355670,3525104344795,11,5.4,5.6
5,3,08,02,J450,350950,3525121238166,3,3.2,0.2
70,1,05,02,J219,350950,3525118423794,15,8.5,6.5
35,3,01,02,J969,354580,3524131995890,30,9.1,20.9
1,1,10,02,J189,352340,3525111580595,3,5.4,2.4
3,1,11,01,J459,353180,3525104488158,1,2.8,1.8
8,1,08,02,J459,355240,3525104833228,3,3.2,0.2
9,1,03,02,J219,353180,3525104658394,1,5.1,4.1
13,3,07,02,J181,352050,3525104395220,7,6.2,0.8
6,1,11,02,J459,350950,3525128230129,2,3.2,1.2
65,3,01,02,J189,352050,3524131575701,5,8.3,3.3
60,3,10,02,J128,353650,3525133192185,1,8.9,7.9
4,3,05,02,J969,350950,3525118431670,12,7.1,4.9
1,1,07,02,J189,352340,3525111561741,3,5.5,2.5
71,3,03,02,J440,350950,3525111660356,1,8.1,7.1
1,3,05,01,J459,353650,3525104347127,1,3.9,2.9
14,1,10,02,J039,355620,3525133620602,2,3.1,1.1
39,1,07,02,J188,350950,3525121197301,49,8.4,40.6
1,3,11,02,J989,355240,3525135270096,2,7.5,5.5
16,3,05,02,J189,355620,3525121147383,5,6.5,1.5
74,1,05,02,J960,355240,3525104353485,5,9.9,4.9
61,1,12,02,J068,350160,3525104983136,1,5.2,4.2
70,1,10,02,J189,352340,3525111582168,3,8.5,5.5
20,1,07,02,J449,352340,3525111563567,1,3.3,2.3
4,3,06,02,J218,351907,3525124269557,5,5.4,0.4
12,3,11,02,J960,353650,3525135271031,2,6.6,4.6
72,1,12,02,J189,350950,3525135806214,8,8.5,0.5
87,3,11,02,J189,352470,3525134390460,5,7.4,2.4
2,3,03,02,J189,351280,3525113376147,1,5.3,4.3
6,1,11,02,J459,350950,3525128233121,7,3.2,3.8
71,3,06,02,J441,350160,3525121524474,2,8.4,6.4
2,3,04,02,J18,355240,3525118898940,1,5.3,4.3
10,1,02,02,J189,352050,3525111484675,3,5.0,2.0
1,3,10,02,J960,350950,3525128209801,3,7.5,4.5
72,3,08,02,J960,350950,3525104426833,2,9.7,7.7
4,1,11,02,J218,352340,3525111587624,3,5.4,2.4
2,1,06,02,J210,350950,3525118445740,16,5.5,10.5
4,1,09,02,J960,353650,3525133186950,3,7.2,4.2
3,1,08,02,J189,350950,3525121261607,1,5.4,4.4
2,3,09,02,J459,350950,3525128180255,2,3.4,1.4
86,1,01,02,J449,350950,3524130857808,25,7.7,17.3
83,3,08,02,J81,353650,3525126438350,10,9.4,0.6
1,3,07,02,J159,350950,3525104392645,2,5.4,3.4
2,1,04,02,J219,350950,3525104686500,2,5.5,3.5
29,3,09,02,J159,350950,3525104438394,1,6.6,5.6
2,1,02,02,J431,350950,3525111644769,1,3.6,2.6
7,1,05,02,J90,350950,3525118419482,14,6.3,7.7
1,1,06,02,J040,352050,3525122781697,3,3.0,0.0
24,3,04,02,J81,350950,3525114249866,7,7.9,0.9
73,1,08,02,J159,351905,3525104428032,15,8.5,6.5
85,1,05,02,J91,350950,3525118411100,27,10.1,16.9
56,3,07,02,J459,355240,3525104398695,6,7.6,1.6
1,3,04,02,J980,355620,3525118472546,2,7.5,5.5
3,3,04,02,J459,352050,3525119120347,3,3.2,0.2
14,1,11,02,J459,352050,3525134281768,3,3.3,0.3
57,3,01,02,J90,350950,3524102861741,16,8.6,7.4
3,1,11,02,J210,350950,3525128249511,1,5.4,4.4
2,3,10,02,J459,350950,3525128223188,4,3.4,0.6
31,1,06,02,J168,353180,3525120888498,5,7.9,2.9
37,1,06,01,J323,350160,3525104748484,1,1.6,0.6
87,3,10,02,J189,350160,3525131765287,11,7.4,3.6
2,3,10,02,J180,350950,3525128204785,3,5.3,2.3
6,3,02,02,J459,350950,3525111648070,2,3.2,1.2
65,3,06,02,J189,355670,3525114263121,20,8.3,11.7
79,3,02,02,J960,353650,3525116090947,5,9.5,4.5
4,3,02,02,J459,354580,3525104626472,3,3.2,0.2
74,3,07,02,J189,350160,3525125932911,10,8.4,1.6
52,1,06,02,J91,351280,3525122823167,5,10.2,5.2
6,3,05,02,J218,353340,3525121420007,3,5.1,2.1
91,1,03,02,J189,352340,3525111542183,11,7.0,4.0
47,1,12,02,J180,350950,3525104511731,8,8.6,0.6
1,3,05,02,J219,350950,3525118425752,2,5.3,3.3
27,3,07,01,J342,352340,3525104823603,2,1.6,0.4
32,3,09,02,J189,352050,3525131781534,2,7.4,5.4
2,1,07,02,J219,352470,3525126432663,2,5.5,3.5
4,1,06,02,J189,352340,3525111559189,2,5.4,3.4
5,1,07,02,J459,350950,3525121189447,1,3.2,2.2
31,1,01,02,J189,351280,3525113374190,3,7.9,4.9
9,1,04,02,J189,353340,3525114060061,4,5.1,1.1
2,1,05,02,J219,355620,3525121146085,5,5.5,0.5
54,3,09,02,J189,350950,3525121269780,44,8.2,35.8
40,1,05,02,J90,350950,3525118392180,18,10.1,7.9
1,3,07,02,J459,350950,3525121203197,4,3.9,0.1
3,1,05,02,J210,352050,3525119132062,8,5.4,2.6
70,3,09,02,J91,353180,3525104439285,5,9.7,4.7
6,1,03,02,J219,351907,3525111654130,2,5.1,3.1
34,3,08,02,J44,350950,3525121258318,30,6.4,23.6
30,1,03,02,J069,355240,3525104632390,1,2.7,1.7
75,1,08,02,J180,353650,3525126438120,2,8.6,6.6
16,3,05,02,J210,350950,3525118408537,1,6.5,5.5
4,1,11,02,J960,350950,3525128234200,16,7.2,8.8
66,1,01,02,J960,352050,3525111460332,14,9.6,4.4
5,3,11,02,J459,352050,3525134275476,1,3.2,2.2
65,3,05,02,J159,350950,3525118407756,4,8.3,4.3
3,1,04,02,J459,355670,3525114248898,3,3.3,0.3
38,3,03,01,J320,350950,3525111663953,1,1.6,0.6
5,3,04,02,J210,355240,3525104690591,4,5.3,1.3
64,1,03,02,J441,352470,3525114724252,2,8.4,6.4
63,1,04,02,J188,350950,3525118372831,4,8.2,4.2
69,1,05,02,J159,355670,3525114259315,2,8.5,6.5
79,1,08,02,J09,353650,3525126440869,1,8.1,7.1
4,1,01,02,J180,350950,3525111614849,1,5.4,4.4
76,1,06,02,J189,350950,3525104373220,10,8.6,1.4
83,3,08,02,J960,350950,3525104416537,2,9.4,7.4
88,3,02,02,J170,352050,3525111470419,9,7.4,1.6
40,3,09,02,J189,353650,3525133187917,18,6.7,11.3
1,3,08,02,J189,350950,3525121249309,6,5.4,0.6
55,3,01,02,J449,352340,3525111528202,9,6.4,2.6
91,3,07,02,J189,352470,3525124149338,8,7.2,0.8
72,1,04,02,J180,350950,3525111689308,3,8.5,5.5
5,1,04,02,J180,351907,3525104694991,5,5.3,0.3
1,3,06,02,J998,352470,3525121331512,3,7.5,4.5
89,1,02,02,J159,350950,3525111618457,6,7.4,1.4
13,1,11,01,J342,350950,3525128233693,1,1.5,0.5
71,1,06,02,J960,352050,3525122789716,24,10.2,13.8
85,3,09,02,J159,350950,3525128155560,25,7.8,17.2
4,1,02,02,J459,355670,3524132026349,2,3.3,1.3
84,3,06,02,J189,352050,3525122784360,4,8.1,4.1
78,1,07,02,J069,350160,3525125931327,1,4.0,3.0
7,3,07,02,J459,354580,3525118987258,3,3.2,0.2
4,3,05,02,J459,350950,3525118426467,3,3.2,0.2
6,1,11,02,J219,352470,3525104496111,3,5.1,2.1
8,1,06,02,J100,350160,3525121524518,6,5.0,1.0
49,3,09,02,J80,350950,3525128158805,2,9.6,7.6
71,3,11,02,J80,350950,3525128246630,5,9.9,4.9
19,1,06,02,J100,352050,3525122789970,20,6.6,13.4
9,3,02,02,J80,350950,3525111650302,9,6.3,2.7
25,3,10,02,J459,355240,3525104873389,1,3.5,2.5
17,1,05,01,J351,351907,3525104744029,2,1.5,0.5
55,1,05,02,J181,355240,3525104354300,30,9.3,20.7
73,1,08,02,J980,353340,3525121423110,10,9.9,0.1
44,3,04,02,J159,350950,3525111660411,2,6.6,4.6
43,1,07,02,J189,350950,3525121196399,4,8.2,4.2
2,3,09,02,J988,350950,3525104433367,5,7.3,2.3
65,1,06,02,J942,353650,3525120501056,8,9.7,1.7
78,1,09,02,J189,350950,3525128179628,12,8.1,3.9
1,3,04,02,J180,350950,3525118396790,2,5.3,3.3
50,3,03,02,J931,355240,3525104655281,13,10.1,2.9
50,1,03,02,J938,355670,3525114248139,9,10.4,1.4
89,3,07,02,J180,350950,3525121224042,9,7.4,1.6
5,3,01,02,J459,350950,3524130868951,4,3.2,0.8
1,3,07,02,J218,351907,3525127043537,4,5.4,1.4
2,1,09,02,J180,351907,3525129003869,13,5.5,7.5
8,1,01,01,J955,355240,3524102876415,4,5.5,1.5
4,3,10,02,J459,350950,3525128226081,3,3.2,0.2
3,3,08,02,J459,350950,3525121260364,1,3.3,2.3
70,1,05,02,J90,352050,3525116068221,8,10.2,2.2
1,3,06,02,J210,352050,3525119139817,15,5.4,9.6
5,3,05,02,J459,352340,3525111553436,2,3.2,1.2
68,3,12,02,J36,350160,3525136711162,2,4.3,2.3
2,3,12,02,J90,352050,3525134279953,3,7.2,4.2
1,1,03,02,J218,350950,3525111670586,1,5.4,4.4
8,3,06,02,J189,354580,3525118987643,3,5.1,2.1
47,1,04,02,J219,355620,3525118468212,5,8.6,3.6
54,1,08,02,J189,350950,3525126843194,2,9.1,7.1
8,3,07,02,J218,352050,3525122803720,2,5.1,3.1
1,3,06,02,J00,355240,3525104748748,1,3.3,2.3
56,3,02,02,J189,351280,3525113375300,3,8.1,5.1
78,1,08,02,J189,353710,3525125772465,4,8.1,4.1
6,1,06,02,J960,350950,3525118454792,3,6.7,3.7
93,1,01,02,J938,355620,3525111816589,8,7.0,1.0
11,3,05,02,J219,350950,3525118420043,2,5.1,3.1
5,3,11,02,J218,350950,3525128233044,1,5.3,4.3
15,1,07,02,J189,353180,3525126071170,1,6.3,5.3
1,3,09,02,J218,350950,3525128162292,3,5.4,2.4
2,1,08,02,J180,355240,3525104828289,6,5.5,0.5
45,1,05,02,J180,355240,3525104722843,2,8.6,6.6
22,3,06,02,J459,353650,3525120497910,6,3.6,2.4
2,1,11,02,J459,350950,3525128243483,2,3.6,1.6
76,1,06,02,J18,350950,3525118461150,30,8.6,21.4
71,3,02,02,J181,350950,3525111626641,19,8.5,10.5
2,3,07,02,J431,350950,3525121210336,2,3.4,1.4
48,1,05,02,J930,350950,3525118372424,16,10.4,5.6
1,3,07,02,J219,350950,3525104385770,3,5.4,2.4
44,1,09,02,J189,352050,3525126532180,5,8.2,3.2
4,1,12,02,J960,350950,3525104515625,2,7.2,5.2
29,3,08,02,J960,350950,3525121251740,4,7.8,3.8
84,3,04,02,J938,355670,3525114250570,2,9.7,7.7
84,3,06,02,J189,352050,3525119140500,4,8.1,4.1
4,3,01,02,J960,350950,3524130865101,9,7.1,1.9
4,1,12,02,J218,350950,3525136919535,2,5.4,3.4
6,1,01,02,J960,350950,3524102857968,6,6.6,0.6
76,1,02,02,J189,353710,3525111699120,2,8.6,6.6
69,1,11,02,J960,353650,3525133194979,1,10.2,9.2
5,1,04,02,J159,355620,3525104329550,32,5.3,26.7
9,1,12,02,J040,354580,3525104511852,1,3.2,2.2
19,3,07,02,J188,350950,3525117377914,5,6.3,1.3
77,1,05,02,J189,351280,3525122821132,2,7.9,5.9
8,1,03,02,J219,350950,3525111662996,4,5.1,1.1
86,1,01,02,J80,350950,3524130862626,7,8.9,1.9
56,1,09,02,J939,355670,3525123478250,6,10.9,4.9
8,1,06,02,J219,350950,3525104367257,1,5.0,4.0
9,3,04,02,J459,350950,3525118374261,8,3.2,4.8
7,1,06,02,J218,350950,3525118463460,3,5.0,2.0
10,1,04,02,J159,352050,3525116071280,6,5.0,1.0
77,1,11,01,J329,350950,3525135789846,1,2.1,1.1
14,1,04,02,J180,350160,3525118632277,7,6.3,0.7
63,3,03,02,J189,350950,3525111659795,8,8.2,0.2
1,3,08,02,J219,350950,3525121246537,3,5.4,2.4
6,1,03,02,J459,352470,3525114723790,2,3.2,1.2
65,3,06,02,J159,355670,3525114262934,8,8.3,0.3
6,3,01,02,J960,350950,3524102875018,2,6.5,4.5
3,3,09,02,J960,350950,3525104393503,53,7.2,45.8
3,3,09,02,J984,352050,3525121753164,9,7.2,1.8
1,3,09,02,J960,350950,3525128179661,9,7.5,1.5
38,1,05,02,J853,355240,3525118399979,4,9.2,5.2
71,1,09,02,J189,350950,3525128154317,5,8.5,3.5
77,1,07,02,J189,350950,3525121209819,5,7.9,2.9
7,1,04,02,J210,355670,3525115842457,3,5.2,2.2
1,3,06,02,J960,351907,3525104721952,11,7.5,3.5
4,1,04,02,J80,350950,3525118378530,3,7.2,4.2
63,1,04,02,J938,350950,3525104324489,6,9.6,3.6
3,1,06,02,J210,350950,3525118464109,2,5.4,3.4
7,1,05,02,J218,351907,3525121411174,4,5.2,1.2
45,3,05,02,J189,350160,3525118637986,3,7.5,4.5
43,1,05,02,J180,352340,3525111549762,1,8.0,7.0
8,1,03,02,J960,350950,3525111659894,4,6.2,2.2
4,1,11,02,J219,350950,3525128244462,7,5.4,1.6
53,1,05,02,J18,353180,3525120887761,3,8.5,5.5
1,1,05,02,J960,354800,3525104347590,2,8.1,6.1
88,1,03,02,J189,354800,3525117000449,4,7.4,3.4
5,1,02,02,J188,350950,3524130876662,5,5.3,0.3
27,1,04,01,J342,352050,3525104662057,1,1.6,0.6
15,3,07,02,J36,350950,3525121197961,2,3.5,1.5
5,3,10,02,J180,350950,3525128214949,30,5.3,24.7
59,1,07,02,J189,350950,3525121212349,13,9.5,3.5
64,1,11,02,J159,355670,3525123489811,8,8.4,0.4
52,3,01,02,J189,352340,3524124073833,6,8.4,2.4
4,3,04,02,J458,350950,3525111696469,2,3.2,1.2
47,1,05,02,J068,353650,3525104313368,1,3.7,2.7
1,1,07,02,J960,353650,3525126436810,3,7.9,4.9
9,3,05,02,J188,350950,3525117340680,15,5.1,9.9
4,1,12,02,J459,352340,3525111592948,2,3.3,1.3
79,1,03,02,J189,355620,3525118468333,1,8.1,7.1
93,1,08,02,J189,352050,3525126506902,4,7.4,3.4
55,3,08,02,J459,350950,3525104424215,1,6.4,5.4
71,3,12,02,J930,352340,3525111594906,5,9.9,4.9
28,1,06,02,J219,355240,3525104752807,3,7.5,4.5
1,1,10,02,J960,350950,3525128210330,1,8.1,7.1
1,1,10,02,J210,350160,3525134324162,4,5.4,1.4
10,3,07,01,J342,350950,3525121183903,1,1.5,0.5
90,3,05,02,J189,350950,3525118438435,13,7.4,5.6
72,1,04,01,J985,350950,3525118374096,4,7.4,3.4
44,1,10,02,J18,350950,3525128205863,6,8.0,2.0
36,1,09,02,J180,350950,3525128155747,2,8.1,6.1
64,3,05,02,J180,350950,3525118434706,33,8.3,24.7
3,3,06,02,J218,352050,3525119140257,20,5.4,14.6
48,3,04,02,J18,350950,3525118897795,1,8.0,7.0
66,1,06,02,J949,351907,3525104756360,1,9.7,8.7
95,3,10,02,J189,354580,3525128650990,9,7.1,1.9
1,1,04,02,J40,350950,3525111690860,5,4.1,0.9
2,3,07,02,J219,350950,3525121218366,3,5.3,2.3
8,3,03,02,J210,350950,3525111684248,5,5.1,0.1
58,3,06,02,J449,355620,3525121149935,3,8.0,5.0
4,3,03,02,J960,352050,3525116051424,1,7.1,6.1
80,3,07,02,J180,350950,3525121193165,4,7.8,3.8
60,1,01,02,J960,352050,3525111459991,9,11.2,2.2
3,1,08,02,J459,350950,3525121250937,3,3.3,0.3
2,1,05,02,J960,350950,3525104348843,6,8.4,2.4
1,1,09,02,J960,350950,3525128179232,4,7.9,3.9
89,3,04,02,J189,353710,3525117221220,3,7.4,4.4
71,1,07,02,J440,350950,3525121208158,6,8.2,2.2
6,3,05,02,J960,350950,3525118406580,26,6.5,19.5
2,1,08,02,J960,350950,3525104404591,26,8.4,17.6
1,3,05,02,J210,355240,3525118899313,2,5.3,3.3
60,3,08,02,J969,354580,3525128644752,12,11.2,0.8
1,1,02,02,J180,350160,3525116079749,3,5.4,2.4
1,3,11,02,J985,352050,3525127905486,9,7.5,1.5
1,1,08,02,J218,352050,3525126513040,6,5.5,0.5
5,3,11,01,J353,352340,3525000486722,1,1.5,0.5
4,1,04,02,J210,351907,3525104690778,1,5.4,4.4
50,1,12,02,J188,350950,3525135825300,2,8.9,6.9
7,3,04,02,J219,350950,3525118376747,2,5.1,3.1
62,3,01,02,J449,353650,3525111772710,3,7.2,4.2
68,1,06,02,J988,351515,3525104367862,4,10.0,6.0
2,1,06,02,J960,350950,3525118464395,38,8.4,29.6
89,1,09,02,J188,350950,3525128164085,9,7.3,1.7
8,1,05,02,J960,350950,3525118402553,4,6.2,2.2
11,1,08,02,J218,351907,3525129001185,3,5.0,2.0
58,3,08,02,J90,354580,3525122388580,23,11.0,12.0
10,1,05,02,J219,350950,3525118408999,2,5.0,3.0
38,1,12,02,J39,351907,3525135816213,5,4.1,0.9
42,1,11,02,J189,352340,3525111590264,3,9.0,6.0
17,1,04,02,J219,350950,3525118376714,1,6.5,5.5
15,3,10,01,J351,352340,3525111579264,1,1.5,0.5
36,1,05,02,J189,350950,3525118429481,1,8.8,7.8
10,3,11,02,J218,354580,3525128658788,4,5.1,1.1
70,1,11,02,J189,352340,3525111590330,1,8.5,7.5
3,1,06,02,J069,350950,3525121182770,3,3.3,0.3
79,1,03,02,J984,350950,3525111654988,28,9.9,18.1
2,1,07,02,J960,350950,3525104387211,3,8.4,5.4
5,3,04,02,J969,352050,3525116063579,2,6.5,4.5
23,1,06,02,J181,350950,3525121175785,3,6.7,3.7
83,3,02,02,J80,355620,3525116074766,5,9.5,4.5
82,3,08,02,J189,354580,3525118991823,10,7.8,2.2
69,1,08,02,J159,350950,3525121261630,14,8.6,5.4
4,3,04,02,J960,350950,3525118369058,6,7.1,1.1
86,3,04,02,J159,355240,3525104694782,3,7.4,4.4
2,1,04,02,J449,352050,3525116062919,5,3.6,1.4
9,3,05,02,J180,350950,3525118414829,10,5.1,4.9
14,3,12,02,J210,355620,3525135801407,8,6.4,1.6
2,1,08,02,J209,350950,3525121254138,2,5.5,3.5
77,3,09,02,J189,355620,3525128560240,2,7.8,5.8
12,1,05,02,J110,354580,3525118982275,1,6.1,5.1
1,3,05,02,J21,351280,3525118707550,13,5.3,7.7
90,1,06,02,J36,350950,3525118441174,4,4.3,0.3
2,1,08,02,J068,350950,3525121239893,2,3.6,1.6
2,1,12,02,J960,350950,3525135823946,5,8.4,3.4
2,3,06,02,J80,350950,3525118443693,6,7.3,1.3
3,3,09,02,J210,350950,3525121267107,4,5.4,1.4
2,1,11,02,J960,355620,3525104508343,11,8.4,2.6
16,3,04,02,J210,350950,3525118378232,7,6.5,0.5
77,1,06,02,J100,355620,3525112026975,2,7.9,5.9
70,3,01,02,J81,350950,3525111603959,5,9.8,4.8
11,1,08,02,J210,350950,3525121263246,3,5.0,2.0
4,1,06,02,J458,350950,3525118447488,7,3.3,3.7
1,3,04,02,J218,351907,3525118394974,1,5.3,4.3
74,1,03,02,J180,350160,3525116086239,1,8.5,7.5
90,1,07,02,J180,351280,3525126841918,4,7.3,3.3
77,3,06,02,J100,352050,3525122783589,6,7.8,1.8
13,1,10,01,J351,350950,3525128191409,1,1.5,0.5
43,3,06,02,J930,350950,3525118448820,3,7.3,4.3
38,1,02,02,J180,350380,3524102892684,3,8.3,5.3
68,3,09,02,J441,353180,3525126073183,9,8.2,0.8
1,1,10,02,J209,350950,3525128223155,29,5.4,23.6
3,3,09,02,J459,350950,3525121272695,4,3.3,0.7
76,1,07,02,J18,350950,3525121203000,20,8.6,11.4
6,3,08,02,J459,351907,3525128996477,5,3.2,1.8
8,3,04,02,J960,355240,3525104687874,5,6.3,1.3
9,1,11,01,J352,352340,3525111590803,1,1.5,0.5
1,3,08,02,J218,355620,3525104422576,4,5.4,1.4
87,3,01,02,J180,350950,3524130869655,17,7.4,9.6
6,3,11,02,J459,351907,3525135164320,4,3.2,0.8
6,1,07,02,J180,354580,3525118986224,2,5.1,3.1
4,3,08,02,J159,350160,3525128570810,10,5.4,4.6
70,1,04,02,J189,350950,3525118394479,10,8.5,1.5
53,1,03,01,J343,352340,3525111543393,1,1.6,0.6
9,1,02,02,J219,350950,3525111644505,2,5.1,3.1
24,1,11,01,J958,351907,3525104877866,2,5.1,3.1
57,1,07,02,J45,353650,3525126436051,4,8.6,4.6
14,3,10,02,J960,352340,3525111581123,32,7.8,24.2
2,3,03,02,J041,350950,3525104314028,2,3.4,1.4
66,3,03,02,J441,350950,3525111682059,29,7.8,21.2
35,1,07,02,J188,350950,3525121186752,4,8.3,4.3
93,3,05,02,J180,350950,3525118418877,8,7.1,0.9
31,1,05,02,J920,353180,3525120887794,1,8.8,7.8
1,1,02,02,J459,353710,3525114723042,1,4.1,3.1
49,1,01,02,J90,350950,3524102876437,1,9.8,8.8
64,3,01,02,J90,350160,3524133097298,20,9.3,10.7
46,1,09,02,J189,354580,3525128654366,11,8.2,2.8
71,1,06,02,J189,352050,3525119138211,2,8.5,6.5
56,3,08,02,J90,352050,3525126512380,5,9.8,4.8
38,3,07,02,J36,353650,3525126437624,3,4.1,1.1
65,1,05,02,J180,350160,3525118628746,5,8.4,3.4
97,3,03,02,J189,350160,3525116086206,5,7.1,2.1
11,3,05,02,J158,355240,3525104722051,3,5.1,2.1
2,1,01,02,J218,354580,3525111496588,3,5.5,2.5
45,1,09,02,J010,353650,3525133188159,1,3.3,2.3
78,3,05,01,J342,350950,3525501369050,1,2.6,1.6
7,1,08,02,J188,350950,3525121246592,4,5.0,1.0
6,1,09,02,J219,355240,3525133187884,3,5.1,2.1
62,1,12,02,J188,350950,3525135800340,9,8.7,0.3
55,3,07,02,J459,352050,3525121186598,4,6.4,2.4
80,1,01,02,J040,350950,3525111607710,4,4.7,0.7
60,1,05,02,J852,350160,3525118637040,8,11.2,3.2
70,1,11,02,J91,352340,3525111589637,8,10.2,2.2
2,1,11,02,J960,355240,3525135268402,5,8.4,3.4
4,3,08,02,J219,355240,3525126440858,6,5.4,0.6
63,1,08,02,J189,353710,3525125213181,5,8.3,3.3
3,3,08,02,J960,350950,3525104418022,4,7.2,3.2
78,3,07,02,J110,352340,3525111566152,7,8.1,1.1
1,1,07,02,J80,350950,3525121220203,2,7.9,5.9
83,3,08,02,J960,355240,3525126441133,1,9.4,8.4
7,3,02,02,J989,354580,3525111500780,3,6.2,3.2
84,3,07,02,J40,350160,3525125930359,16,8.6,7.4
2,1,02,02,J431,350950,3525111649576,5,3.6,1.4
3,3,07,02,J960,355240,3525104757075,2,7.2,5.2
46,3,12,02,J80,350950,3525135810780,3,9.7,6.7
86,3,07,02,J168,353180,3525126070895,3,7.4,4.4
47,1,09,02,J18,350950,3525128178418,13,8.7,4.3
60,3,08,02,J90,350160,3525104416581,9,11.2,2.2
2,3,05,02,J960,354580,3525104724966,18,7.2,10.8
16,1,08,02,J210,351907,3525121265578,8,6.5,1.5
1,1,08,02,J21,355240,3525126440253,3,5.5,2.5
3,3,09,02,J180,350160,3525131758896,2,5.4,3.4
63,3,07,02,J449,354580,3525118987599,7,7.7,0.7
31,3,10,02,J459,350950,3525128212540,4,5.2,1.2
43,1,05,02,J189,351280,3525122821220,25,8.0,17.0
58,1,02,02,J938,355620,3525116076086,4,11.8,7.8
7,3,07,02,J189,353340,3525121422449,3,5.1,2.1
37,1,11,02,J90,352050,3525134281339,3,9.0,6.0
4,1,09,02,J181,351907,3525129003870,3,5.4,2.4
16,3,02,02,J45,350950,3525111633516,6,3.4,2.6
52,3,08,01,J955,350950,3525120365096,2,6.6,4.6
5,1,10,02,J159,350950,3525123484102,5,5.3,0.3
89,3,01,02,J159,352050,3524131572071,16,7.4,8.6
1,1,09,02,J960,350160,3525104871960,4,7.9,3.9
6,1,03,02,J960,352050,3525116046188,1,6.6,5.6
2,1,08,02,J96,350950,3525121252059,3,8.4,5.4
1,3,04,02,J210,350950,3525111689803,5,5.3,0.3
85,3,01,02,J81,355620,3524132712199,29,9.8,19.2
45,1,05,01,J90,351907,3525101659112,59,7.5,51.5
66,3,03,02,J159,350950,3525111651677,2,8.3,6.3
31,3,05,02,J188,350950,3525117351228,7,6.9,0.1
56,1,07,02,J189,355620,3525125776106,4,9.5,5.5
52,3,10,02,J129,353650,3525133194088,3,8.4,5.4
49,1,10,02,J851,350950,3525104479347,14,9.8,4.2
6,1,07,02,J189,351515,3525120644133,3,5.1,2.1
69,1,11,02,J80,350950,3525128246849,6,10.2,4.2
5,1,05,02,J210,350950,3525120494412,3,5.3,2.3
35,1,05,02,J039,350160,3525121522802,3,3.2,0.2
5,3,07,02,J189,354580,3525118988336,2,5.3,3.3
40,1,02,02,J180,350160,3525112457878,27,8.1,18.9
50,1,10,02,J189,350160,3525131766783,1,8.9,7.9
2,1,09,02,J180,351907,3525131905416,3,5.5,2.5
84,1,08,02,J159,350950,3525121257878,19,7.8,11.2
1,1,09,02,J00,355240,3525133185453,4,3.0,1.0
91,3,06,02,J338,355620,3525125776590,2,4.5,2.5
17,1,05,02,J210,353650,3525120497162,3,6.5,3.5
9,1,10,02,J110,353340,3525130497196,1,5.1,4.1
78,3,06,02,J189,350160,3525121526388,18,8.1,9.9
3,1,06,02,J219,351905,3525121331193,6,5.4,0.6
63,1,07,02,J189,353710,3525125213104,17,8.3,8.7
2,1,05,02,J458,350950,3525118404049,6,3.6,2.4
9,1,05,02,J218,353180,3525121412923,5,5.1,0.1
77,1,10,02,J189,352050,3525134269437,7,7.9,0.9
1,3,12,02,J459,353710,3525135810988,1,3.9,2.9
1,1,06,02,J219,352470,3525121332128,4,5.5,1.5
73,3,01,02,J90,350950,3524130875012,12,9.7,2.3
87,3,10,02,J441,355240,3525104919424,7,7.4,0.4
80,3,12,02,J440,351280,3525134935333,1,7.6,6.6
9,3,01,02,J459,350950,3524130867532,5,3.2,1.8
62,3,07,02,J449,354580,3525118987588,3,7.6,4.6
8,3,07,02,J219,353180,3525104757856,4,5.1,1.1
2,1,12,02,J458,350950,3525135808282,10,3.6,6.4
51,3,03,02,J390,350950,3525111664624,2,4.4,2.4
7,1,08,01,J353,352340,3525111569925,1,1.5,0.5
1,3,05,02,J180,350950,3525118411210,1,5.3,4.3
56,1,12,02,J449,352050,3525134286730,6,8.5,2.5
10,3,05,02,J219,350950,3525118398857,5,5.1,0.1
91,3,02,02,J189,350950,3525111632658,12,7.0,5.0
8,3,05,02,J210,353650,3525118897300,5,5.1,0.1
73,3,05,02,J180,350160,3525121521075,3,8.4,5.4
5,1,09,02,J218,350950,3525128172566,2,5.3,3.3
54,3,10,02,J441,350950,3525104446655,7,6.4,0.6
30,3,12,02,J459,352050,3525134294088,2,4.6,2.6
48,1,10,02,J171,352470,3525132977751,5,8.6,3.6
1,1,03,02,J218,350950,3525111653129,8,5.4,2.6
3,3,08,02,J459,355670,3525123473840,3,3.3,0.3
78,3,07,02,J189,350160,3525125927620,3,8.1,5.1
2,1,04,02,J159,350950,3525118369278,5,5.5,0.5
11,3,07,02,J189,351515,3525120641867,3,5.1,2.1
88,1,08,02,J168,353180,3525126071852,9,7.3,1.7
44,3,03,02,J180,353200,3525113708149,2,6.6,4.6
35,1,12,02,J90,350950,3525135798239,3,9.3,6.3
1,1,09,01,J459,352470,3525104456093,1,5.1,4.1
1,1,05,02,J205,350950,3525118413762,2,5.4,3.4
63,3,10,01,J189,353180,3525104473913,4,8.8,4.8
7,1,05,02,J219,350950,3525118406348,2,5.2,3.2
5,1,04,01,J353,352340,3525111545351,1,1.5,0.5
62,3,09,02,J189,350950,3525128183820,6,8.8,2.8
18,1,04,02,J218,350950,3525118394424,12,6.6,5.4
1,1,03,02,J960,350950,3524102910218,5,8.1,3.1
3,3,07,02,J210,353180,3525104801900,5,5.4,0.4
1,1,07,02,J960,350950,3525118413806,13,7.9,5.1
37,3,10,02,J189,355670,3525123482188,5,6.8,1.8
2,1,07,02,J180,350160,3525125931536,9,5.5,3.5
83,3,03,02,J159,352050,3525116051908,7,7.8,0.8
35,3,06,02,J450,350950,3525121180900,2,6.4,4.4
77,1,03,02,J180,350950,3525111665251,5,7.9,2.9
69,1,04,02,J189,353650,3525118896662,6,8.5,2.5
2,1,06,02,J36,355620,3525125775787,2,3.6,1.6
63,3,06,02,J80,351907,3525118462680,4,9.8,5.8
2,3,11,02,J459,350950,3525128249710,3,3.4,0.4
4,1,09,02,J188,350160,3525122127736,5,5.4,0.4
12,1,02,02,J459,350950,3525111635991,3,3.2,0.2
9,1,05,02,J91,350950,3525118421748,25,6.2,18.8
10,1,10,02,J068,350950,3525104479149,11,3.2,7.8
9,1,08,02,J210,353710,3525128320736,1,5.0,4.0
76,1,03,02,J91,350160,3525116084534,17,10.0,7.0
2,1,11,02,J180,350950,3525128230602,6,5.5,0.5
32,1,05,02,J189,350160,3525118636182,3,7.9,4.9
3,1,07,02,J459,350950,3525121208367,4,3.3,0.7
2,3,09,02,J36,350950,3525128170971,4,3.9,0.1
6,3,08,02,J210,353650,3525126441155,4,5.1,1.1
27,3,08,01,J343,353340,3525104832337,1,1.6,0.6
3,1,05,02,J960,350950,3525118398648,15,7.2,7.8
4,3,07,02,J960,350950,3525121191834,2,7.2,5.2
55,1,08,02,J90,350160,3525128641860,8,10.9,2.9
3,3,06,02,J189,352050,3525122784216,1,5.4,4.4
1,1,05,02,J960,350950,3525118405270,6,8.1,2.1
23,1,10,02,J938,352050,3525126529958,4,7.9,3.9
4,1,04,01,J958,354800,3525104326139,2,6.3,4.3
67,3,03,02,J189,350950,3525111691992,20,8.4,11.6
68,3,01,02,J180,353340,3525104598807,20,8.5,11.5
4,1,08,02,J459,352050,3525126515592,6,3.3,2.7
5,1,06,02,J210,353340,3525121420293,3,5.3,2.3
84,3,05,02,J189,350950,3525118433419,3,8.1,5.1
43,3,05,02,J938,350950,3525104354882,5,7.6,2.6
3,3,03,02,J459,355240,3525104658867,2,3.2,1.2
24,3,07,01,J342,350950,3525121204055,1,1.5,0.5
70,1,03,02,J91,351905,3524102911703,6,10.2,4.2
64,3,09,02,J80,350950,3525128166494,5,9.4,4.4
19,1,01,02,J342,350950,3524130845730,2,3.3,1.3
36,1,06,02,J178,353180,3525118461898,7,8.1,1.1
59,3,06,02,J154,350160,3525125925013,1,8.2,7.2
59,1,08,01,J386,355240,3525104415371,3,1.7,1.3
67,1,07,02,J189,352470,3525126431959,16,8.5,7.5
1,3,08,02,J90,350950,3525121219224,8,7.5,0.5
74,1,07,02,J189,352470,3525126433092,4,8.5,4.5
4,1,06,02,J459,350160,3525121525431,2,3.3,1.3
76,3,06,02,J110,350160,3525118443341,5,8.5,3.5
52,3,02,01,J350,350160,3525104636922,2,1.6,0.4
50,3,03,02,J188,350160,3525100240035,5,8.4,3.4
77,1,01,02,J81,351907,3524102851390,12,9.7,2.3
7,1,03,02,J960,350950,3525111683522,14,6.3,7.7
2,1,10,02,J189,354580,3525128657633,3,5.5,2.5
3,3,07,02,J210,355240,3525121197378,34,5.4,28.6
7,1,12,02,J180,350950,3525135798822,21,5.2,15.8
7,3,04,02,J210,350950,3525118896915,4,5.1,1.1
10,1,04,02,J80,355620,3525118469466,3,6.0,3.0
66,3,06,02,J14,354580,3525118982484,8,8.3,0.3
1,1,12,02,J459,350950,3525135800472,2,4.1,2.1
7,3,06,02,J100,350160,3525121524463,5,5.1,0.1
66,3,05,02,J960,350950,3525118397889,11,9.2,1.8
43,1,05,02,J188,350950,3525118404016,2,8.0,6.0
2,3,08,02,J459,354580,3525128641628,5,3.4,1.6
6,1,06,02,J459,353650,3525120503146,2,3.2,1.2
65,3,10,02,J159,350950,3525128205775,2,8.3,6.3
45,1,09,02,J960,350950,3525128172016,1,9.4,8.4
5,3,12,02,J180,350950,3525135821416,2,5.3,3.3
82,3,06,02,J180,350160,3525121525893,2,7.8,5.8
9,3,08,01,J352,352340,3525111566614,1,1.5,0.5
3,1,08,02,J40,350950,3525121239475,2,3.3,1.3
10,1,05,02,J80,350950,3525118410715,2,6.0,4.0
7,3,02,02,J431,350950,3525111644571,1,3.2,2.2
7,1,11,02,J218,354800,3525134972634,2,5.2,3.2
2,3,07,02,J159,350160,3525125929127,7,5.3,1.7
2,1,01,02,J960,350950,3525111603299,2,8.4,6.4
8,3,06,02,J459,354580,3525104753104,2,3.2,1.2
2,1,06,02,J219,350950,3525118452614,14,5.5,8.5
58,1,10,02,J158,350160,3525134324140,4,9.2,5.2
88,3,02,02,J188,350950,3525111633505,13,7.4,5.6
10,1,09,02,J459,350950,3525128153041,4,3.1,0.9
2,3,10,02,J80,350950,3525128211935,16,7.2,8.8
73,1,06,02,J690,351905,3525104755470,13,9.9,3.1
5,3,10,02,J189,352050,3525131800300,3,5.3,2.3
10,1,05,01,J353,352340,3525111552204,1,1.5,0.5
74,3,12,02,J18,353180,3525133166930,2,8.5,6.5
20,1,02,02,J938,355620,3524102902661,1,7.7,6.7
31,3,07,02,J189,350160,3525125931624,4,6.9,2.9
2,1,10,02,J180,350950,3525128223804,5,5.5,0.5
1,1,12,02,J960,350950,3525135795984,7,8.1,1.1
67,3,07,02,J180,355240,3525104825616,6,8.4,2.4
26,1,09,01,J323,352050,3525104432685,2,1.5,0.5
70,1,01,02,J69,350950,3524130862000,11,10.2,0.8
30,1,12,02,J180,352050,3525134294320,3,7.6,4.6
60,3,02,02,J342,350950,3525111651226,1,4.4,3.4
80,1,08,02,J980,350950,3525121256382,2,10.5,8.5
73,3,03,02,J441,352050,3525116046947,11,8.1,2.9
39,1,05,02,J91,354580,3525104343420,6,10.1,4.1
62,1,04,02,J189,350950,3525111693301,5,8.7,3.7
53,3,09,02,J189,353710,3525125773521,8,7.9,0.1
3,3,06,02,J180,351907,3525118464703,3,5.4,2.4
41,1,01,02,J36,352050,3525111459683,1,4.5,3.5
11,3,03,02,J431,350950,3525111674425,2,3.2,1.2
4,3,08,02,J80,353180,3525121266128,8,7.2,0.8
2,3,12,02,J218,352340,3525111592761,2,5.3,3.3
62,3,06,02,J100,350950,3525118461172,11,8.8,2.2
70,3,07,02,J449,352470,3525126432070,20,8.4,11.6
60,1,07,01,J342,355620,3525104806487,2,1.6,0.4
3,1,09,02,J219,355240,3525133189259,2,5.4,3.4
11,3,08,02,J189,351907,3525129000800,1,5.1,4.1
26,1,03,02,J188,350950,3525111686250,5,6.7,1.7
36,1,03,02,J180,350160,3525116087592,1,8.8,7.8
94,3,08,02,J189,352340,3525111571510,7,7.2,0.2
53,3,10,02,J989,352050,3525131801774,2,9.7,7.7
37,3,09,02,J180,350160,3525131760645,4,7.1,3.1
2,1,08,02,J218,352050,3525126511160,3,5.5,2.5
50,1,05,02,J449,352050,3525119130082,5,6.3,1.3
79,3,04,02,J159,355670,3525114251406,21,8.0,13.0
7,1,04,02,J960,355240,3525104693870,2,6.3,4.3
53,1,08,02,J960,350950,3525104423313,5,9.9,4.9
6,3,03,02,J459,350160,3525104660110,3,3.2,0.2
79,1,10,02,J068,353180,3525104474386,1,4.8,3.8
4,3,07,02,J21,353650,3525126437327,4,5.4,1.4
56,3,08,02,J90,352050,3525126512413,9,9.8,0.8
6,1,05,02,J189,355620,3525121147119,3,5.1,2.1
32,3,05,02,J91,350160,3525118635027,10,9.1,0.9
90,3,07,02,J18,350950,3525121199347,9,7.5,1.5
8,1,06,02,J210,354580,3525118984970,4,5.0,1.0
57,1,06,02,J984,350950,3525118409110,4,9.9,5.9
6,3,07,02,J459,352340,3525104402523,9,3.2,5.8
2,1,07,02,J188,350950,3525121217838,4,5.5,1.5
3,1,05,02,J450,350950,3525118411452,4,3.3,0.7
61,3,03,02,J969,350160,3525116087999,46,11.3,34.7
3,3,10,02,J459,351907,3525104875633,2,3.2,1.2
9,1,11,02,J459,354580,3525135172218,3,3.2,0.2
3,1,04,02,J189,350950,3525118383743,6,5.4,0.6
54,3,05,02,J180,350950,3525104352385,10,8.1,1.9
4,3,04,02,J218,352340,3525111546066,8,5.4,2.6
1,1,05,02,J189,355670,3525114255993,5,5.4,0.4
81,3,06,02,J948,350160,3525125924892,11,9.4,1.6
10,3,12,02,J998,352050,3525136901100,4,6.2,2.2
40,1,05,02,J189,353340,3525121419810,9,8.1,0.9
11,3,05,02,J210,353650,3525120494335,4,5.1,1.1
5,3,05,02,J219,350950,3525118402454,3,5.3,2.3
67,1,09,02,J960,355240,3525104837122,10,9.8,0.2
86,1,07,02,J189,355670,3525114269260,3,7.4,4.4
24,1,05,02,J960,351907,3525104716199,21,7.9,13.1
47,1,09,02,J180,350160,3525128575023,7,8.7,1.7
88,3,08,02,J159,350950,3525121230796,2,7.4,5.4
3,1,10,02,J158,350160,3525104802197,19,5.4,13.6
46,1,11,02,J18,350950,3525135787350,8,8.2,0.2
12,1,11,02,J459,350160,3525134326714,2,3.2,1.2
77,3,06,02,J189,351280,3525122822353,5,7.8,2.8
42,1,03,02,J180,352470,3525114724384,9,9.0,0.0
2,1,06,02,J210,354580,3525118986818,4,5.5,1.5
21,1,10,02,J36,350950,3525104478863,1,4.4,3.4
83,3,06,02,J158,350160,3525118986950,7,7.8,0.8
6,1,05,02,J219,350950,3525118426600,13,5.1,7.9
84,3,03,02,J449,352050,3525116052744,3,8.2,5.2
92,1,08,02,J189,350160,3525128572933,7,7.2,0.2
1,3,02,01,J189,355670,3524132027515,3,5.6,2.6
66,3,10,02,J439,352470,3525132978499,5,7.8,2.8
2,1,04,02,J219,355670,3525114250394,2,5.5,3.5
75,1,01,02,J938,350160,3524133095956,38,10.2,27.8
76,3,06,02,J189,354580,3525118983573,2,8.5,6.5
38,3,07,01,J328,352050,3525104392139,2,1.6,0.4
75,1,10,02,J969,352050,3525134269382,5,10.2,5.2
55,3,07,02,J110,352340,3525111563908,9,8.2,0.8
25,3,02,02,J90,352050,3525111479802,4,7.9,3.9
34,1,11,01,J391,352470,3525104491645,20,1.6,18.4
65,1,08,02,J942,355670,3525114272394,3,9.7,6.7
3,1,10,02,J180,355240,3525104918808,2,5.4,3.4
72,1,01,02,J80,350950,3525111606456,7,10.0,3.0
27,1,09,01,J342,350160,3525104835076,1,1.6,0.6
58,1,10,02,J189,351280,3525131646498,4,9.2,5.2
7,1,10,02,J960,350950,3525128186844,4,6.3,2.3
2,3,11,02,J159,350950,3525135789076,8,5.3,2.7
73,1,07,02,J180,354580,3525118986720,3,8.5,5.5
63,1,07,02,J180,350160,3525125927939,7,8.3,1.3
89,3,12,02,J189,353340,3525136997492,8,7.4,0.6
29,1,07,02,J180,352340,3525111564469,5,7.5,2.5
8,3,07,02,J189,351907,3525127042426,7,5.1,1.9
77,3,04,01,J90,353650,3525102282108,16,7.8,8.2
28,1,09,02,J189,351280,3525131645552,3,7.5,4.5
80,3,04,02,J189,350160,3525118634125,4,7.8,3.8
68,3,12,02,J989,351280,3525134935311,1,9.5,8.5
42,1,12,02,J960,351907,3525135167499,14,8.7,5.3
6,1,07,02,J159,350950,3525104396550,3,5.1,2.1
9,3,04,02,J180,355240,3525104692648,6,5.1,0.9
91,3,05,02,J960,350950,3525118416260,6,6.8,0.8
5,3,01,02,J209,350950,3525111603871,3,5.3,2.3
5,3,07,02,J189,352340,3525111565635,2,5.3,3.3
2,1,05,02,J210,350950,3525120497316,5,5.5,0.5
1,1,05,02,J219,350950,3525118420549,4,5.4,1.4
2,1,08,02,J458,350950,3525121233590,4,3.6,0.4
71,1,04,02,J189,355670,3525114252583,7,8.5,1.5
10,3,07,02,J042,350950,3525104397430,4,3.4,0.6
56,1,08,02,J90,352340,3525104408023,13,10.9,2.1
70,3,04,02,J189,352050,3525116044670,11,8.5,2.5
10,1,04,02,J960,350950,3525118392477,8,6.0,2.0
8,1,07,02,J180,350950,3525121204264,2,5.0,3.0
51,1,08,02,J960,351907,3525104415327,5,10.4,5.4
81,3,01,02,J90,350160,3525112453643,1,9.5,8.5
73,3,01,02,J90,350950,3524130875001,5,9.7,4.7
75,3,12,02,J91,350950,3525135803651,11,9.9,1.1
58,1,12,02,J459,350160,3525136714100,8,8.5,0.5
1,1,04,02,J960,355240,3525118893098,4,8.1,4.1
87,1,09,02,J449,355670,3525123480032,2,7.2,5.2
61,1,05,02,J80,350950,3525118402773,25,11.5,13.5
68,3,09,01,J380,350950,3525128182950,1,1.4,0.4
3,1,04,02,J218,350950,3525118378540,4,5.4,1.4
50,1,07,02,J189,350950,3525121200227,1,8.9,7.9
3,1,02,02,J180,350160,3525116079639,6,5.4,0.6
86,1,08,02,J189,352470,3525126434225,10,7.4,2.6
9,3,11,02,J189,350950,3525128227049,6,5.1,0.9
2,1,06,02,J219,350950,3525118459093,4,5.5,1.5
6,1,07,02,J431,350950,3525121202405,3,3.2,0.2
2,1,12,02,J189,352050,3525134296013,2,5.5,3.5
61,1,02,02,J930,350950,3525111650588,1,11.5,10.5
47,1,06,02,J938,350950,3525118410957,12,10.7,1.3
71,1,08,02,J91,350950,3525121247318,16,10.2,5.8
5,3,11,02,J960,350950,3525128244638,6,6.5,0.5
80,1,03,02,J180,352470,3525114723548,4,7.9,3.9
78,3,01,02,J960,353650,3524102869782,2,9.6,7.6
0,1,09,02,J180,350160,3525131761184,1,6.2,5.2
8,1,10,02,J960,350950,3525128219900,13,6.2,6.8
5,1,11,02,J218,350950,3525128237774,4,5.3,1.3
74,3,03,02,J841,350950,3525116096293,23,9.7,13.3
45,1,07,02,J110,352340,3525111565723,3,8.3,5.3
59,1,01,02,J450,350950,3524130863077,4,8.8,4.8
2,1,09,02,J201,350950,3525128168738,2,5.5,3.5
53,1,04,02,J81,353710,3525117222033,1,9.9,8.9
69,1,01,02,J18,350950,3525111617038,6,8.5,2.5
85,3,06,02,J158,350160,3525121529490,5,7.8,2.8
4,3,05,02,J219,350950,3525118399649,8,5.4,2.6
3,3,07,02,J209,350950,3525121192550,5,5.4,0.4
86,1,12,02,J189,354580,3525135171888,13,7.4,5.6
5,3,05,02,J459,351280,3525104343596,2,3.2,1.2
4,3,12,02,J180,350950,3525135815454,1,5.4,4.4
7,3,01,02,J450,350950,3525111604498,7,3.2,3.8
71,1,02,02,J440,350950,3525111631679,1,8.4,7.4
78,3,03,02,J998,354580,3525111506411,7,9.6,2.6
11,1,07,02,J219,355240,3525104794882,1,5.0,4.0
4,3,10,02,J159,350950,3525128213365,2,5.4,3.4
2,1,07,02,J218,350950,3525121223173,4,5.5,1.5
3,1,07,02,J219,350950,3525104758263,2,5.4,3.4
57,3,07,02,J189,352470,3525126432476,1,8.4,7.4
70,1,09,02,J90,350950,3525128164327,5,10.2,5.2
59,1,04,02,J180,350950,3525118396008,14,9.5,4.5
1,3,07,02,J159,355670,3525104382570,3,5.4,2.4
5,1,05,02,J180,353200,3525113708424,1,5.3,4.3
67,1,03,02,J159,354580,3525111503639,6,8.5,2.5
4,3,10,02,J450,350950,3525128223441,2,3.2,1.2
1,3,09,02,J189,350950,3525121272299,7,5.4,1.6
75,3,10,02,J189,352050,3525131795075,6,8.6,2.6
71,3,05,02,J01,353650,3525118899610,3,5.7,2.7
49,3,12,02,J159,350160,3525136710546,54,8.0,46.0
2,1,07,02,J960,350950,3525104399861,27,8.4,18.6
74,1,06,02,J180,352050,3525119136748,30,8.5,21.5
34,1,11,02,J939,350950,3525128224321,1,9.4,8.4
4,3,09,02,J458,350950,3525121233051,4,3.3,0.7
75,3,07,02,J440,350950,3525121202526,4,7.9,3.9
32,1,01,02,J36,350950,3524102877911,2,3.6,1.6
8,1,05,02,J219,350950,3525118425829,9,5.1,3.9
1,1,06,02,J459,355240,3525104748220,5,4.1,0.9
87,3,01,02,J189,350950,3525111613177,4,7.4,3.4
75,3,04,01,J180,354580,3525104681846,7,9.2,2.2
69,3,04,02,J189,355620,3525118468641,6,8.5,2.5
2,3,06,02,J210,353650,3525120499659,2,5.3,3.3
65,3,09,02,J449,351907,3525129004034,4,7.8,3.8
59,1,12,02,J019,355240,3525135804839,50,5.4,44.6
11,3,06,02,J218,351907,3525124269194,7,5.1,1.9
36,1,03,02,J189,353650,3525116096030,1,8.8,7.8
39,3,01,02,J180,353180,3525114200707,3,6.8,3.8
15,3,05,01,J158,350950,3525118429140,7,6.3,0.7
54,1,07,02,J91,350950,3525121201316,5,10.6,5.6
57,1,02,02,J90,350950,3525111632086,3,9.3,6.3
5,1,06,02,J189,350950,3525118459291,5,5.3,0.3
66,3,01,02,J960,350950,3525111608315,1,9.2,8.2
67,1,07,02,J189,352340,3525111561279,2,8.5,6.5
88,3,03,02,J449,350950,3525111659938,18,7.6,10.4
2,3,11,02,J189,350950,3525128246981,15,5.3,9.7
11,3,11,02,J960,350950,3525104490248,5,6.4,1.4
8,1,09,02,J218,353180,3525121764824,3,5.0,2.0
17,3,12,01,J343,351280,3525104942470,1,1.5,0.5
11,3,06,02,J21,353650,3525120498097,1,5.1,4.1
1,3,12,02,J459,350950,3525104515724,1,3.9,2.9
68,1,09,02,J180,350160,3525131758093,1,8.5,7.5
57,3,10,01,J955,352470,3525104457523,4,6.1,2.1
97,3,10,02,J159,350950,3525128209427,4,7.1,3.1
39,3,07,02,J15,350950,3525121218256,17,7.1,9.9
9,3,05,02,J431,350950,3525118401772,2,3.2,1.2
9,3,02,02,J158,350950,3524102902386,2,5.1,3.1
2,1,05,02,J459,350950,3525104337304,1,3.6,2.6
22,3,03,01,J342,350950,3525111617929,1,1.5,0.5
71,1,05,02,J189,350950,3525118409439,2,8.5,6.5
42,3,01,02,J188,350950,3525111614728,1,7.1,6.1
41,1,10,01,J90,350380,3525104481547,5,5.0,0.0
77,3,06,02,J189,352050,3525122779937,16,7.8,8.2
1,1,01,02,J189,352340,3524102861532,23,5.4,17.6
11,1,10,02,J180,355240,3525104876755,3,5.0,2.0
1,3,01,02,J180,350950,3524102883939,6,5.3,0.7
11,3,01,02,J431,350950,3525111603662,5,3.2,1.8
8,3,07,02,J431,350950,3525121210040,4,3.2,0.8
60,3,11,02,J853,351907,3525135165321,7,10.9,3.9
50,1,06,02,J180,350950,3525121181296,4,8.9,4.9
72,3,07,02,J441,355240,3525104387816,3,8.0,5.0
0,1,12,02,J189,355620,3525135137513,19,5.9,13.1
60,1,07,02,J180,350950,3525121208543,2,8.9,6.9
65,3,02,01,J449,350950,3524130880358,1,6.8,5.8
18,3,04,02,J210,350950,3525118382170,4,6.3,2.3
4,1,06,02,J209,355240,3525121420315,1,5.4,4.4
65,3,01,02,J181,350950,3524130867444,49,8.3,40.7
74,1,07,02,J90,355240,3525104792979,6,9.9,3.9
63,3,07,02,J960,352050,3525122789485,15,9.8,5.2
60,3,12,01,J438,350950,3525135810317,5,6.8,1.8
66,3,05,02,J189,350950,3525118433595,6,8.3,2.3
79,3,11,02,J189,350950,3525128224508,6,8.0,2.0
32,3,11,02,J960,350950,3525104485540,2,9.1,7.1
9,1,01,02,J80,350950,3524130859788,3,6.2,3.2
28,3,04,01,J339,352470,3525104703538,2,1.6,0.4
2,3,06,02,J189,353180,3525124268336,12,5.3,6.7
52,1,09,01,J343,353340,3525104836264,1,1.6,0.6
4,1,09,02,J210,350950,3525121262773,5,5.4,0.4
70,3,06,02,J441,355620,3525125775193,4,8.4,4.4
43,3,09,01,J342,355670,3525104893607,2,1.6,0.4
3,1,01,01,J938,350950,3524102884940,8,6.3,1.7
64,3,12,02,J81,350950,3525135816389,5,9.3,4.3
2,1,07,02,J219,350950,3525121188831,5,5.5,0.5
86,3,10,02,J180,350950,3525128187427,9,7.4,1.6
1,1,01,02,J159,355670,3524132020783,5,5.4,0.4
9,3,05,02,J458,350950,3525118408647,5,3.2,1.8
7,3,07,02,J459,351907,3525127046375,3,3.2,0.2
5,1,12,02,J180,350950,3525135796017,2,5.3,3.3
72,1,10,01,J955,354580,3525104467841,3,7.4,4.4
2,1,05,02,J219,350160,3525119503356,1,5.5,4.5
1,1,05,02,J218,354580,3525118975170,7,5.4,1.6
43,3,11,02,J984,354580,3525135172702,3,7.6,4.6
72,3,04,02,J81,353180,3525114364871,1,9.7,8.7
61,1,01,02,J938,350160,3524127521673,4,11.5,7.5
2,3,06,02,J21,350950,3525118445706,6,5.3,0.7
79,3,04,02,J158,350160,3525118630836,4,8.0,4.0
68,3,06,02,J180,350160,3525121522406,2,8.5,6.5
42,1,09,02,J930,350160,3525131759512,1,8.0,7.0
37,3,11,01,J955,355240,3525104505428,2,4.4,2.4
1,3,06,02,J960,353650,3525104378554,3,7.5,4.5
1,3,09,02,J459,350950,3525128163953,3,3.9,0.9
1,3,12,02,J960,350950,3525135823143,5,7.5,2.5
61,1,09,02,J459,352050,3525126531245,7,7.5,0.5
3,3,07,02,J180,353200,3525113708886,1,5.4,4.4
29,1,07,02,J218,354580,3525118988325,4,7.5,3.5
12,1,02,02,J458,350950,3525111647332,2,3.2,1.2
58,1,01,02,J180,352050,3524102873874,1,9.2,8.2
4,1,01,02,J459,352340,3525111529082,2,3.3,1.3
2,1,12,02,J180,351907,3525104965778,1,5.5,4.5
4,3,08,02,J459,350950,3525121261190,2,3.3,1.3
91,1,11,02,J189,355670,3525123486808,3,7.0,4.0
66,3,06,02,J449,353340,3525121420799,6,7.8,1.8
2,3,04,02,J210,350950,3525118396558,3,5.3,2.3
84,3,04,02,J189,355240,3525104332794,2,8.1,6.1
12,1,07,02,J180,354580,3525118990316,1,6.1,5.1
8,3,06,02,J459,353710,3525118443132,2,3.2,1.2
4,1,08,02,J459,350950,3525121242885,1,3.3,2.3
1,1,07,02,J210,350950,3525121212569,3,5.5,2.5
55,1,06,02,J189,351280,3525122822331,6,9.5,3.5
2,1,02,02,J459,353650,3525116093060,2,3.6,1.6
56,1,08,02,J960,355240,3525126439197,15,10.9,4.1
63,1,02,02,J189,350950,3525111643691,3,8.2,5.2
9,3,06,02,J459,352050,3525119144371,4,3.2,0.8
4,1,01,02,J459,350950,3525111600175,1,3.3,2.3
57,3,09,02,J189,350950,3525128154625,4,8.4,4.4
11,3,09,02,J181,351907,3525129004177,14,5.1,8.9
43,1,01,02,J942,352470,3524102879044,12,8.7,3.3
85,3,05,02,J11,353650,3525120497350,1,7.8,6.8
3,3,08,02,J068,352050,3525126516000,1,3.3,2.3
85,3,09,02,J189,350950,3525128154560,17,7.8,9.2
4,1,09,02,J219,350950,3525121269330,4,5.4,1.4
1,1,08,02,J180,350950,3525104803572,10,5.5,4.5
1,1,06,02,J00,350950,3525104372801,2,3.0,1.0
24,1,10,02,J219,355620,3525133624310,2,6.7,4.7
70,1,11,02,J948,352340,3525104485232,1,10.2,9.2
8,3,07,02,J955,352050,3525122803840,9,6.5,2.5
72,1,12,02,J690,352050,3525136902243,28,10.0,18.0
73,3,01,02,J45,350950,3525111617050,17,8.1,8.9
74,3,05,02,J90,352050,3525119125650,11,9.7,1.3
5,3,12,02,J459,350950,3525135798580,4,3.2,0.8
42,1,03,02,J189,350160,3525116083984,4,9.0,5.0
1,1,04,02,J180,350950,3525118369025,4,5.4,1.4
84,3,06,02,J81,353180,3525120888311,13,9.7,3.3
61,3,04,02,J439,350160,3525118630561,4,7.0,3.0
2,1,10,02,J180,352050,3525131794240,2,5.5,3.5
10,3,04,02,J459,352470,3525117282050,3,3.2,0.2
11,3,12,02,J960,352340,3525104982058,5,6.4,1.4
66,3,10,02,J81,352340,3525111583422,2,9.2,7.2
2,3,06,02,J210,350950,3525104378543,1,5.3,4.3
7,1,06,02,J210,350950,3525104370205,1,5.0,4.0
35,1,12,02,J90,355620,3525135141550,4,9.3,5.3
2,1,02,02,J219,350950,3525111631680,3,5.5,2.5
26,1,04,02,J90,350950,3525118372920,7,8.2,1.2
64,1,09,02,J90,351907,3525131905537,5,9.7,4.7
6,1,05,02,J210,353340,3525121419853,2,5.1,3.1
82,3,03,02,J180,352050,3525116054977,3,7.8,4.8
86,1,10,02,J18,350950,3525128222440,30,7.4,22.6
3,3,12,02,J989,354580,3525135173329,1,7.1,6.1
91,3,09,02,J80,350950,3525128169387,2,6.6,4.6
5,1,05,02,J210,353650,3525120494214,5,5.3,0.3
2,3,09,02,J181,350950,3525131906076,7,5.3,1.7
10,1,07,02,J219,350950,3525121202230,9,5.0,4.0
45,3,01,02,J158,352470,3525111767650,15,7.5,7.5
57,1,06,02,J960,353650,3525120497646,3,9.9,6.9
10,3,12,02,J459,350950,3525135802452,2,3.2,1.2
78,3,07,02,J110,350950,3525121215066,2,8.1,6.1
97,3,11,02,J189,355620,3525135136260,5,7.1,2.1
8,3,12,02,J218,354580,3525135173330,8,5.1,2.9
55,1,10,02,J189,355240,3525131909123,21,9.3,11.7
1,3,05,02,J210,355240,3525104724757,4,5.3,1.3
55,1,04,02,J960,350950,3525118380432,2,10.7,8.7
67,1,10,02,J441,350950,3525128197382,6,8.4,2.4
8,1,02,02,J459,353650,3525116091200,3,3.2,0.2
3,1,04,02,J210,355240,3525118898994,6,5.4,0.6
75,3,02,02,J448,351907,3524102901176,9,8.1,0.9
63,1,10,02,J189,352050,3525131798837,9,8.2,0.8
74,1,12,02,J80,350950,3525135802166,7,9.9,2.9
75,1,02,02,J960,350950,3525111647904,8,10.2,2.2
1,1,04,02,J960,350950,3525118369080,2,8.1,6.1
13,1,12,02,J869,350950,3525135825244,11,6.7,4.3
71,1,12,02,J180,350950,3525135793553,5,8.5,3.5
6,1,11,02,J969,355670,3525104496067,36,6.6,29.4
84,1,09,02,J189,353650,3525133186476,9,7.8,1.2
6,1,10,02,J36,353340,3525130496855,9,3.3,5.7
9,1,07,02,J180,351907,3525127041580,8,5.0,3.0
61,3,12,02,J80,350950,3525135792926,4,11.3,7.3
61,1,06,02,J188,355240,3525104748231,21,8.8,12.2
41,3,12,01,J343,355240,3525104940918,1,1.7,0.7
7,3,01,02,J960,350950,3524102870860,5,6.2,1.2
3,3,05,02,J938,355670,3525104360096,5,7.1,2.1
1,3,09,02,J960,352470,3525104438361,20,7.5,12.5
48,3,06,01,J342,350380,3525104748660,1,1.6,0.6
62,1,12,02,J180,355240,3525104970255,1,8.7,7.7
2,3,07,02,J960,351907,3525104758109,9,7.3,1.7
9,3,08,02,J069,355240,3525104827740,4,3.4,0.6
83,1,05,02,J449,352470,3525121330687,2,8.1,6.1
11,1,06,02,J040,350160,3525104748319,3,3.2,0.2
3,3,06,02,J210,350950,3525118460446,1,5.4,4.4
43,1,09,02,J180,350160,3525128576838,11,8.2,2.8
51,3,08,02,J90,351907,3525128567026,13,10.1,2.9
8,3,11,02,J450,351907,3525135166730,3,3.2,0.2
55,3,03,02,J188,350950,3525111658629,8,8.1,0.1
1,1,03,02,J210,355240,3525104660671,6,5.4,0.6
80,1,06,02,J189,353650,3525120498262,8,7.9,0.1
11,3,03,02,J210,350950,3525111653217,3,5.1,2.1
68,3,06,02,J180,351280,3525122823607,8,8.5,0.5
67,1,01,02,J449,352050,3524131575668,25,8.4,16.6
50,1,03,02,J960,350950,3525111677692,4,10.4,6.4
1,1,05,02,J960,353340,3525104746010,3,8.1,5.1
10,1,11,02,J068,350950,3525128246156,1,3.2,2.2
8,3,04,02,J189,351907,3525118696825,5,5.1,0.1
9,1,03,02,J459,352340,3525111538564,2,3.2,1.2
51,1,06,02,J188,350950,3525118441450,6,8.9,2.9
6,3,11,02,J180,350160,3525134327550,2,5.1,3.1
36,1,06,02,J960,350160,3525104717024,28,9.0,19.0
3,3,06,02,J458,350950,3525118465297,4,3.3,0.7
82,1,06,02,J180,350160,3525121525926,5,7.9,2.9
33,3,10,02,J189,352340,3525111580507,20,8.2,11.8
57,3,05,01,J348,353650,3525104723580,1,1.6,0.6
67,3,10,02,J90,350950,3525104434907,5,9.4,4.4
1,1,09,02,J960,350950,3525104407099,22,7.9,14.1
1,1,05,02,J80,350950,3525118409934,7,8.1,1.1
72,3,01,02,J189,350160,3525112450497,5,8.4,3.4
2,3,03,02,J219,350950,3525111680706,2,5.3,3.3
5,1,07,02,J180,350950,3525121186961,8,5.3,2.7
4,3,07,02,J960,351907,3525104797434,8,7.2,0.8
73,3,11,02,J80,350950,3525135792464,4,9.7,5.7
80,3,01,02,J18,350950,3524130872405,17,7.8,9.2
29,1,10,02,J218,350950,3525128204224,8,7.5,0.5
75,1,07,02,J180,355240,3525104757867,12,8.6,3.4
28,3,03,01,J329,351907,3525114869727,1,1.6,0.6
54,1,08,02,J180,350160,3525128571382,3,9.1,6.1
21,1,04,02,J210,350950,3525118391047,4,7.2,3.2
1,3,10,02,J180,352050,3525131798067,4,5.3,1.3
5,3,03,02,J210,355670,3524132030254,8,5.3,2.7
5,1,08,02,J210,350950,3525121261189,4,5.3,1.3
4,3,11,02,J459,350950,3525135787712,2,3.2,1.2
4,1,10,02,J960,353650,3525133193637,4,7.2,3.2
68,1,07,02,J188,350950,3525121214550,20,8.5,11.5
23,3,03,02,J219,351907,3525104632412,2,6.5,4.5
4,3,07,02,J459,350950,3525121187940,6,3.3,2.7
60,1,01,02,J81,352340,3525111756771,2,11.2,9.2
62,3,07,02,J81,353710,3525125212983,2,11.4,9.4
80,1,07,02,J181,350950,3525121225582,4,7.9,3.9
2,3,06,02,J068,350950,3525104376475,2,3.4,1.4
75,1,11,02,J189,351280,3525134933562,4,8.6,4.6
1,1,07,02,J80,350950,3525121218355,3,7.9,4.9
64,1,02,02,J159,352050,3525111467394,30,8.4,21.6
77,1,09,02,J449,355670,3525123479812,14,7.8,6.2
74,3,02,02,J180,350950,3525111626366,12,8.5,3.5
60,3,09,02,J189,350160,3525131759116,5,8.9,3.9
18,1,11,01,J984,350950,3525104500225,3,5.6,2.6
1,1,09,02,J218,350160,3525131759765,3,5.5,2.5
1,3,03,02,J189,351907,3525117324058,2,5.3,3.3
27,3,11,01,J343,353340,3525104920161,1,1.6,0.6
1,3,06,02,J960,351907,3525104754061,3,7.5,4.5
50,1,01,02,J950,350950,3525111604113,7,10.4,3.4
50,1,08,01,J343,354580,3525104803044,1,1.7,0.7
1,1,03,02,J40,350950,3525111681003,3,4.1,1.1
1,1,11,02,J189,352050,3525131798980,20,5.4,14.6
1,1,02,02,J80,350950,3525111641139,27,8.1,18.9
7,1,02,02,J219,355670,3524132023489,5,5.2,0.2
2,1,07,02,J218,350950,3525121204132,4,5.5,1.5
28,3,11,02,J069,355240,3525135270547,3,3.2,0.2
22,1,01,02,J938,350950,3525111612374,2,7.9,5.9
73,3,05,02,J441,350950,3525118436444,30,8.1,21.9
73,3,10,02,J18,350950,3525128197492,5,8.4,3.4
5,3,11,02,J219,350950,3525128251800,2,5.3,3.3
42,1,12,02,J969,352050,3525134280349,23,8.7,14.3
27,1,11,02,J80,350950,3525128246640,7,8.2,1.2
2,1,05,02,J458,350950,3525118419130,3,3.6,0.6
57,3,02,02,J459,350950,3524102904993,2,7.7,5.7
8,3,07,02,J459,351280,3525104392656,3,3.2,0.2
1,3,10,02,J960,354800,3525104458458,5,7.5,2.5
78,1,09,02,J180,351280,3525104442475,7,8.1,1.1
22,1,02,02,J930,351907,3525114720039,3,7.9,4.9
23,3,04,02,J158,354580,3525118974630,5,6.5,1.5
45,1,10,02,J180,350950,3525128197921,4,8.6,4.6
2,1,09,02,J960,350160,3525104837133,18,8.4,9.6
4,3,11,02,J159,350950,3525135784907,5,5.4,0.4
83,3,11,02,J189,351280,3525131647939,8,7.8,0.2
6,3,01,02,J459,350950,3525111601352,3,3.2,0.2
66,3,07,02,J158,355240,3525104404943,4,8.3,4.3
16,3,03,01,J342,351907,3525104309045,2,1.5,0.5
9,1,03,02,J450,350950,3525111685689,4,3.2,0.8
8,3,02,02,J459,353710,3525114722965,7,3.2,3.8
49,3,06,02,J90,353650,3525120496535,2,9.6,7.6
1,3,12,02,J210,353180,3525135806533,5,5.3,0.3
52,1,07,02,J189,350950,3525121197642,4,8.8,4.8
69,3,06,02,J180,350950,3525121180911,47,8.5,38.5
2,1,06,02,J180,355240,3525104750772,11,5.5,5.5
5,3,03,02,J159,350950,3524102909888,5,5.3,0.3
3,3,02,02,J218,352050,3525111483300,5,5.4,0.4
92,3,04,02,J449,350950,3525111689506,25,7.5,17.5
13,1,02,02,J459,353180,3525114363496,3,3.2,0.2
2,1,10,02,J189,350950,3525131789850,4,5.5,1.5
15,1,05,02,J960,350950,3525118419405,2,7.4,5.4
60,3,06,02,J180,350160,3525125924507,3,8.9,5.9
44,3,10,02,J938,352050,3525134269646,1,7.6,6.6
61,1,07,01,J323,353650,3525104798810,1,1.6,0.6
65,1,07,02,J189,354580,3525118989854,7,8.4,1.4
10,3,07,02,J218,350950,3525104395626,10,5.1,4.9
57,1,09,02,J189,355620,3525128558666,12,9.5,2.5
7,3,03,01,J36,350950,3525500517638,1,1.5,0.5
64,3,09,02,J18,350950,3525128160818,10,8.3,1.7
50,3,06,02,J180,350380,3525125924397,23,8.4,14.6
2,3,08,02,J189,350950,3525128555113,6,5.3,0.7
82,1,05,02,J960,355240,3525104694353,14,10.5,3.5
72,1,10,02,J18,350950,3525128205951,11,8.5,2.5
12,1,10,02,J961,350950,3525104459833,4,6.7,2.7
2,1,10,02,J218,350160,3525134323568,4,5.5,1.5
20,3,11,01,J342,351280,3525104491436,3,1.5,1.5
6,1,03,02,J960,353650,3525116094896,2,6.6,4.6
64,3,08,02,J168,353180,3525126072127,1,8.3,7.3
1,1,07,02,J458,351907,3525121199622,7,4.1,2.9
71,3,10,02,J852,351280,3525104474782,5,9.9,4.9
6,1,05,02,J189,350950,3525118407680,4,5.1,1.1
2,3,03,02,J960,350950,3525111680046,1,7.2,6.2
9,1,05,02,J960,350950,3525104347160,35,6.2,28.8
76,1,06,02,J189,350950,3525118455419,15,8.6,6.4
1,1,09,02,J955,350950,3525104443432,3,7.9,4.9
2,3,07,02,J180,350950,3525121199930,5,5.3,0.3
38,1,06,01,J351,352340,3525104760694,2,1.6,0.4
1,1,08,02,J21,353650,3525126440803,5,5.5,0.5
3,1,11,02,J218,352050,3525134270768,4,5.4,1.4
73,3,05,02,J449,352050,3525119135846,4,8.1,4.1
61,1,07,02,J938,350950,3525121188270,13,11.6,1.4
74,3,07,02,J440,354580,3525118993418,9,7.8,1.2
2,3,11,02,J459,355240,3525104922449,6,3.4,2.6
62,3,11,02,J969,350160,3525134325548,2,11.3,9.3
57,1,01,02,J159,352050,3524131574458,7,9.3,2.3
3,1,05,02,J80,350950,3525118417612,7,7.2,0.2
2,3,06,02,J219,350950,3525118454760,7,5.3,1.7
84,1,10,02,J159,355620,3525123485719,1,8.0,7.0
86,3,02,02,J708,350950,3525111627422,1,8.5,7.5
82,1,04,02,J189,353650,3525118893758,6,7.9,1.9
56,1,08,02,J938,350160,3525128572020,12,10.9,1.1
62,1,08,02,J440,353650,3525126442904,6,8.1,2.1
65,3,10,02,J449,351907,3525131909937,4,7.6,3.6
80,1,11,02,J440,350950,3525128237323,1,8.1,7.1
43,3,01,02,J189,353650,3525111775966,1,6.6,5.6
8,1,05,02,J159,350950,3525118423838,6,5.1,0.9
9,1,10,02,J188,350950,3525128184193,7,5.1,1.9
49,3,12,02,J441,353340,3525136997217,17,6.3,10.7
51,1,06,02,J128,355240,3525104751730,4,8.9,4.9
5,1,04,02,J069,350950,3525118396063,7,3.2,3.8
3,3,05,02,J989,353710,3525121329829,2,7.1,5.1
1,1,04,02,J219,350950,3525118377990,4,5.4,1.4
1,1,05,02,J180,350380,3525104344685,6,5.4,0.6
22,3,11,01,J342,354800,3525104505362,2,1.5,0.5
2,3,06,02,J960,350950,3525118454000,4,7.3,3.3
1,3,05,02,J210,355240,3525104717310,2,5.3,3.3
8,3,07,02,J960,351907,3525104757944,22,6.5,15.5
27,3,01,02,J168,353180,3525114362320,4,7.1,3.1
39,1,03,02,J189,350950,3525111683710,6,8.3,2.3
9,3,08,02,J458,350950,3525121233172,2,3.2,1.2
25,1,07,02,J068,350950,3525121199920,1,2.9,1.9
53,3,08,02,J90,353340,3525130495029,3,9.7,6.7
4,1,09,02,J210,350950,3525128183808,1,5.4,4.4
70,3,07,02,J960,351907,3525127044110,6,9.7,3.7
4,1,06,02,J159,350160,3525121525200,7,5.4,1.6
88,1,05,02,J189,355620,3525121146426,5,7.4,2.4
7,3,06,02,J180,350950,3525121175191,7,5.1,1.9
3,1,03,02,J449,355620,3525118468289,3,3.3,0.3
1,1,11,02,J459,353650,3525135269722,1,4.1,3.1
72,1,09,02,J189,353710,3525125773499,12,8.5,3.5
57,3,06,02,J449,353200,3525113708655,4,7.7,3.7
48,3,06,02,J189,355620,3525121149231,6,8.1,2.1
2,3,05,02,J219,353710,3525121329895,7,5.3,1.7
71,3,02,01,J91,354580,3525104625449,9,7.5,1.5
51,1,01,02,J960,350950,3524102878527,4,10.4,6.4
76,1,04,02,J180,353650,3525118892152,10,8.6,1.4
6,3,11,02,J189,355670,3525123487380,2,5.1,3.1
3,3,08,02,J219,351905,3525128320769,2,5.4,3.4
1,3,10,02,J989,354580,3525128653486,17,7.5,9.5
1,1,11,02,J189,355670,3525123490560,3,5.4,2.4
2,1,02,02,J960,350950,3524130869754,13,8.4,4.6
1,1,08,01,J459,350950,3525104414997,1,5.1,4.1
82,3,03,02,J180,350160,3525116089000,4,7.8,3.8
6,1,12,02,J210,355240,3525104942623,3,5.1,2.1
4,1,06,02,J219,350950,3525118452636,9,5.4,3.6
1,3,08,02,J180,350950,3525121244942,17,5.4,11.6
1,3,05,02,J218,350950,3525118406392,1,5.3,4.3
59,1,02,02,J189,350160,3525112456195,6,9.5,3.5
11,1,07,02,J21,351515,3525120641845,4,5.0,1.0
8,1,07,02,J180,355240,3525104795003,11,5.0,6.0
59,3,10,02,J960,355620,3525133622330,11,10.6,0.4
2,1,12,02,J960,354580,3525104967406,54,8.4,45.6
47,3,01,02,J960,350160,3525112453126,13,10.1,2.9
2,3,06,02,J459,350950,3525118447499,6,3.4,2.6
13,3,11,02,J36,355670,3525123486710,1,3.4,2.4
2,3,06,02,J158,351907,3525104751630,5,5.3,0.3
9,1,09,02,J219,350950,3525121270847,14,5.0,9.0
58,1,02,02,J81,350950,3525111652073,1,11.8,10.8
71,1,07,02,J180,350950,3525121225252,1,8.5,7.5
4,3,02,02,J960,350160,3524102895270,12,7.1,4.9
70,3,07,02,J189,353340,3525121421998,1,8.5,7.5
68,1,01,02,J90,350950,3524130872449,30,9.8,20.2
10,3,12,02,J90,352050,3525134287323,2,6.2,4.2
2,3,06,02,J960,355240,3525120503344,4,7.3,3.3
11,1,06,02,J218,351907,3525124269887,2,5.0,3.0
12,1,07,02,J969,350950,3525104387190,8,6.7,1.3
63,3,09,02,J449,350950,3525121273531,2,7.7,5.7
62,1,08,02,J18,353650,3525126441320,6,8.8,2.8
19,1,05,02,J189,355670,3525114256345,12,6.6,5.4
2,3,10,02,J459,350950,3525113693299,2,3.4,1.4
1,3,08,02,J189,354800,3525128321814,1,5.4,4.4
5,3,05,02,J210,355240,3525118900457,3,5.3,2.3
34,1,05,02,J459,352050,3525119130533,4,6.9,2.9
11,3,06,02,J219,350950,3525118459930,9,5.1,3.9
92,1,05,02,J181,350950,3525118407833,7,7.0,0.0
6,3,02,02,J459,355670,3524132024061,3,3.2,0.2
1,3,12,02,J189,350950,3525135803585,7,5.3,1.7
4,3,01,02,J180,355240,3524103378488,3,5.4,2.4
2,1,06,02,J458,350950,3525118460215,6,3.6,2.4
14,1,11,02,J36,353650,3525135268446,2,3.3,1.3
4,3,05,02,J210,350950,3525118409043,2,5.4,3.4
5,3,12,02,J459,352050,3525134290579,3,3.2,0.2
90,3,07,02,J189,355620,3525125777217,7,7.5,0.5
9,1,05,02,J189,352050,3525119134603,4,5.1,1.1
2,1,04,02,J219,350950,3525118373326,1,5.5,4.5
20,1,01,01,J342,350950,3524130826690,1,1.5,0.5
49,3,09,02,J188,350950,3525128180343,15,8.1,6.9
5,3,10,02,J80,350950,3525128208680,3,6.5,3.5
79,1,03,02,J189,355620,3525116077725,5,8.1,3.1
89,3,12,02,J159,350950,3525135816400,2,7.4,5.4
67,1,06,02,J960,350160,3525121529424,24,9.8,14.2
6,3,11,02,J459,351907,3525135162780,3,3.2,0.2
2,3,03,02,J180,350950,3525111680904,3,5.3,2.3
61,1,12,02,J851,352340,3525111596677,1,11.5,10.5
3,3,05,02,J218,354580,3525118977920,2,5.4,3.4
1,1,10,02,J960,350950,3525128192256,4,8.1,4.1
1,1,06,02,J960,354580,3525104752620,21,7.9,13.1
7,1,10,02,J80,350950,3525128190199,7,6.3,0.7
8,1,08,02,J219,352470,3525128321737,2,5.0,3.0
6,3,08,02,J960,350950,3525121228409,4,6.6,2.6
87,1,02,02,J189,354580,3525111501307,8,7.4,0.6
61,1,05,02,J189,352050,3525119133569,8,8.8,0.8
65,3,06,02,J110,352340,3525111555670,3,8.3,5.3
63,1,03,01,J958,351907,3525104679020,4,7.0,3.0
50,1,01,02,J938,350950,3524130858094,19,10.4,8.6
25,1,09,02,J930,350950,3525128181168,2,8.0,6.0
84,1,05,02,J189,350950,3525118377583,12,8.0,4.0
73,3,04,02,J90,352050,3525116073974,3,9.7,6.7
6,3,06,02,J960,352050,3525119140389,25,6.6,18.4
3,1,03,02,J180,350950,3525111663678,4,5.4,1.4
27,1,08,01,J343,354580,3525104802648,1,1.6,0.6
1,1,06,02,J189,350950,3525118413993,4,5.5,1.5
24,1,06,02,J218,350950,3525118456068,3,6.7,3.7
66,1,09,02,J180,350950,3525121272079,7,8.4,1.4
48,1,02,02,J159,352050,3525111473279,10,8.6,1.4
3,1,09,02,J219,353650,3525133188160,5,5.4,0.4
1,1,05,02,J459,355240,3525118899280,3,4.1,1.1
15,1,03,02,J188,350950,3525100246899,4,6.3,2.3
5,3,09,02,J930,350950,3525121232963,8,6.6,1.4
71,3,05,02,J441,350950,3525118408009,4,8.1,4.1
1,3,11,02,J189,351907,3525135163715,3,5.3,2.3
2,1,04,02,J189,350950,3525111697459,2,5.5,3.5
53,3,10,02,J449,355620,3525133623561,4,6.1,2.1
1,1,08,02,J180,351907,3525129000240,4,5.5,1.5
1,3,09,02,J80,350950,3525121216397,4,7.5,3.5
41,1,01,02,J189,350950,3525111616785,1,8.3,7.3
2,3,06,02,J458,350950,3525118465649,8,3.4,4.6
69,1,10,02,J180,350160,3525131765375,32,8.5,23.5
60,1,09,02,J189,353340,3525130495920,8,8.9,0.9
48,3,06,02,J45,350950,3525118461084,15,6.3,8.7
2,1,12,02,J180,351280,3525104513018,5,5.5,0.5
42,1,01,02,J189,350950,3524130875210,16,9.0,7.0
2,3,08,02,J180,350950,3525121232930,3,5.3,2.3
56,1,12,02,J219,350950,3525135823650,9,9.3,0.3
1,1,05,02,J210,350950,3525118420186,12,5.4,6.6
2,1,02,02,J180,354580,3525104627781,5,5.5,0.5
5,1,08,02,J459,350950,3525121231786,6,3.2,2.8
44,1,07,02,J459,350160,3525125926949,1,6.8,5.8
18,1,11,02,J90,350950,3525128243604,1,7.5,6.5
84,3,05,02,J159,355240,3525118899423,1,8.1,7.1
48,1,05,02,J189,355240,3525118416710,26,8.6,17.4
51,3,02,02,J189,350950,3525116090397,6,8.4,2.4
2,3,12,02,J45,351515,3525134107561,3,3.4,0.4
2,1,07,02,J219,350950,3525104798204,1,5.5,4.5
9,1,06,02,J188,350950,3525118465781,12,5.0,7.0
72,3,02,02,J81,353710,3525111699021,5,9.7,4.7
70,3,09,02,J449,355670,3525123476523,2,8.4,6.4
1,3,08,02,J158,351907,3525104416559,9,5.4,3.6
2,3,04,02,J960,354580,3525111510272,3,7.2,4.2
73,3,10,02,J960,350950,3525128205918,13,9.7,3.3
69,1,06,02,J81,350160,3525121525134,4,10.2,6.2
71,1,01,02,J189,355620,3524132712485,6,8.5,2.5
7,3,10,02,J188,350950,3525127904672,3,5.1,2.1
8,3,04,02,J210,350950,3525118383798,6,5.1,0.9
33,1,03,02,J189,351280,3525117218843,23,8.5,14.5
3,3,11,02,J219,350950,3525128228370,1,5.4,4.4
2,3,11,02,J459,355240,3525128251865,3,3.4,0.4
4,1,10,02,J960,350950,3525128219426,7,7.2,0.2
2,1,05,02,J459,351907,3525121412571,6,3.6,2.4
13,3,01,02,J158,351907,3524102879650,25,6.2,18.8
14,1,01,02,J459,350950,3524130865651,2,3.3,1.3
59,1,04,02,J459,350950,3525104317339,1,8.8,7.8
50,1,05,02,J449,352050,3525119124912,1,6.3,5.3
6,1,05,02,J459,350950,3525118411420,1,3.2,2.2
6,1,10,02,J219,355620,3525133623935,4,5.1,1.1
11,1,06,02,J960,353650,3525120498812,6,6.1,0.1
48,1,05,02,J969,352050,3525119121722,11,10.4,0.6
4,3,07,02,J459,350950,3525121204825,5,3.3,1.7
45,1,08,02,J960,352050,3525126514283,12,9.4,2.6
29,1,05,02,J180,351907,3525104714780,7,7.5,0.5
66,3,04,02,J189,355620,3525118469664,12,8.3,3.7
3,3,03,02,J069,350950,3525111665878,3,3.3,0.3
37,3,11,01,J950,355240,3525104500148,3,4.4,1.4
2,1,05,02,J950,355240,3525104341363,2,8.4,6.4
9,3,02,02,J960,350950,3525116090012,3,6.3,3.3
1,1,10,02,J180,351907,3525104874984,19,5.4,13.6
4,3,09,02,J219,350950,3525121269615,1,5.4,4.4
66,3,08,02,J441,354580,3525128643168,4,7.8,3.8
9,1,06,02,J960,350950,3525118465528,5,6.2,1.2
64,3,07,01,J90,350380,3525104363748,6,6.8,0.8
10,3,09,02,J180,355240,3525104837166,2,5.1,3.1
67,1,09,02,J942,350950,3525121272530,9,9.8,0.8
75,3,07,02,J18,350950,3525121214990,18,8.5,9.5
86,3,08,02,J189,352470,3525128321836,12,7.4,4.6
45,1,02,02,J18,350950,3525111636970,7,8.6,1.6
1,3,06,02,J188,350950,3525121174454,4,5.4,1.4
10,3,02,02,J459,351515,3525114493923,4,3.2,0.8
5,1,09,02,J960,350950,3525121267360,8,6.7,1.3
23,1,03,01,J342,350950,3525111675701,1,1.5,0.5
43,3,12,02,J431,350950,3525135815840,2,5.7,3.7
21,1,10,02,J459,350950,3525128214950,2,4.5,2.5
1,1,04,02,J210,352050,3525116073435,3,5.4,2.4
76,3,12,02,J440,350950,3525135817027,15,8.1,6.9
3,3,08,02,J189,352050,3525126511885,3,5.4,2.4
35,3,12,02,J390,353340,3525104512358,2,4.1,2.1
3,3,09,02,J189,352050,3525126529529,1,5.4,4.4
5,3,08,02,J210,350950,3525104414722,2,5.3,3.3
49,1,12,02,J960,350950,3525135823737,7,9.8,2.8
2,1,12,02,J459,350950,3525135815267,2,3.6,1.6
79,3,07,02,J181,350950,3525121187313,8,8.0,0.0
89,3,08,02,J930,350950,3525121255645,4,8.5,4.5
75,3,06,02,J189,355620,3525125775457,7,8.5,1.5
5,1,04,02,J90,355620,3525104329549,3,6.6,3.6
59,3,06,02,J189,352340,3525111556857,7,8.2,1.2
86,3,02,02,J189,355620,3525116074458,5,7.4,2.4
86,1,01,02,J180,351280,3525113374057,1,7.4,6.4
68,3,09,02,J100,354580,3525128643938,30,8.5,21.5
2,1,11,02,J189,350950,3525135787888,2,5.5,3.5
81,3,01,02,J189,350950,3524130869677,5,7.8,2.8
77,1,06,02,J960,350950,3525121185443,12,10.1,1.9
71,1,10,02,J189,350950,3525128197602,17,8.5,8.5
44,1,05,02,J459,350950,3525118437379,2,6.7,4.7
3,1,04,02,J960,350950,3525118376450,2,7.2,5.2
24,3,05,02,J219,350950,3525118435278,10,6.5,3.5
61,3,09,02,J449,355670,3525123475907,7,7.0,0.0
1,1,06,02,J450,350950,3525118460150,3,4.1,1.1
4,1,04,02,J210,350950,3525118384128,3,5.4,2.4
4,3,07,02,J80,352050,3525121203208,6,7.2,1.2
68,1,07,02,J81,350950,3525121222942,30,10.0,20.0
20,1,09,02,J960,351907,3525104385253,10,7.8,2.2
63,3,01,02,J960,355620,3524132712420,5,9.2,4.2
35,3,09,02,J980,350950,3525128169101,10,8.5,1.5
4,3,08,02,J960,350950,3525128554684,1,7.2,6.2
15,1,08,02,J960,350950,3525121230060,9,7.5,1.5
49,3,07,02,J91,350950,3525121225912,12,9.6,2.4
65,3,06,02,J189,355620,3525121150232,6,8.3,2.3
64,1,09,02,J91,350160,3525128569622,6,9.7,3.7
88,3,11,02,J449,355670,3525123487270,4,7.6,3.6
51,3,11,02,J189,352470,3525134389799,18,8.4,9.6
44,3,10,02,J159,351907,3525104475486,2,6.6,4.6
6,3,04,02,J90,352050,3525116073700,5,6.5,1.5
3,3,05,02,J960,350950,3525118398604,9,7.1,1.9
71,3,10,02,J960,350950,3525104466906,42,9.9,32.1
23,3,06,02,J218,350950,3525121178403,14,6.5,7.5
70,3,08,01,J324,352340,3525111567110,1,1.4,0.4
7,3,11,02,J218,355240,3525135270404,3,5.1,2.1
73,1,11,02,J189,353340,3525130497911,9,8.5,0.5
81,1,12,02,J189,351280,3525134935278,1,7.9,6.9
88,3,11,02,J180,350160,3525134327275,3,7.4,4.4
3,1,03,02,J219,350950,3525111689198,7,5.4,1.6
59,1,02,02,J189,354580,3525111501219,8,9.5,1.5
1,1,09,02,J218,354580,3525128648217,2,5.5,3.5
3,1,11,02,J459,350950,3525128227214,2,3.3,1.3
68,1,11,02,J189,353710,3525134931769,6,8.5,2.5
66,1,08,02,J189,355240,3525126442068,7,8.4,1.4
2,1,10,02,J960,350950,3525128188538,14,8.4,5.6
62,1,09,02,J440,350950,3525121272409,31,8.1,22.9
41,1,08,02,J36,350950,3525104374979,1,4.5,3.5
2,1,09,02,J189,354580,3525128646798,2,5.5,3.5
1,3,05,02,J189,350950,3525118415390,1,5.3,4.3
4,3,10,02,J219,351907,3525104919215,2,5.4,3.4
66,1,01,02,J960,353180,3525114362374,4,9.6,5.6
39,1,10,02,J189,350950,3525128187317,2,8.3,6.3
69,1,09,02,J189,352340,3525111575029,9,8.6,0.4
6,1,08,02,J459,350950,3525121260287,2,3.2,1.2
63,1,03,02,J189,352340,3525111538575,6,8.2,2.2
53,1,09,02,J91,350950,3525121273432,13,9.9,3.1
2,3,03,02,J459,350950,3525111682411,2,3.4,1.4
87,3,12,02,J989,354580,3525135175584,7,8.5,1.5
51,1,04,02,J189,350160,3525118634170,22,8.9,13.1
61,3,05,02,J80,350950,3525118401156,10,11.3,1.3
2,3,07,02,J188,350950,3525121189172,3,5.3,2.3
82,1,06,01,J958,355240,3525104747692,2,8.8,6.8
3,1,02,02,J36,353650,3525116090672,2,3.3,1.3
9,3,10,02,J960,352470,3525104458326,4,6.3,2.3
18,3,06,02,J180,355240,3525104750783,6,6.3,0.3
1,3,12,02,J988,350160,3525136714847,4,7.5,3.5
6,1,02,02,J80,350950,3525111639016,1,6.6,5.6
3,3,02,02,J960,350160,3525111499371,4,7.1,3.1
7,3,08,02,J960,350950,3525121233282,1,6.3,5.3
77,3,11,02,J449,350950,3525128228578,2,7.2,5.2
89,3,06,02,J189,353650,3525120500418,7,7.4,0.4
5,3,03,01,J955,350950,3524102911989,2,5.6,3.6
66,1,04,01,J343,351280,3525104689018,1,1.7,0.7
56,3,10,02,J90,352050,3525131789520,1,9.8,8.8
88,3,01,02,J189,353650,3525111775636,4,7.4,3.4
1,1,03,02,J431,350950,3525111658684,5,4.1,0.9
9,1,05,02,J459,353650,3525118899379,5,3.2,1.8
10,3,06,02,J189,350950,3525118443100,2,5.1,3.1
67,1,04,02,J180,350950,3525118396734,2,8.5,6.5
93,1,03,02,J189,355670,3525114247105,6,7.3,1.3
34,1,11,02,J942,353650,3525134391174,15,9.4,5.6
92,3,09,02,J189,350950,3525128156451,24,7.2,16.8
76,1,07,02,J938,352340,3525104400290,2,10.0,8.0
6,1,03,02,J218,352050,3525116057298,4,5.1,1.1
78,3,09,02,J189,352470,3525130108236,24,8.1,15.9
9,1,08,02,J459,351907,3525129001119,3,3.2,0.2
65,1,12,02,J960,350950,3525135808634,24,9.6,14.4
1,3,02,02,J219,350950,3525111630777,3,5.3,2.3
3,3,05,01,J353,352340,3525111550752,1,1.5,0.5
3,1,05,02,J80,350950,3525118435157,10,7.2,2.8
11,3,05,02,J210,354580,3525118982286,4,5.1,1.1
3,3,12,02,J189,352340,3525111592838,5,5.4,0.4
36,1,12,02,J91,352340,3525111594356,17,10.1,6.9
11,1,05,02,J80,350950,3525118394754,2,6.1,4.1
39,3,06,02,J90,352050,3525119143359,12,8.1,3.9
3,1,08,02,J969,354580,3525104425304,10,7.2,2.8
3,1,04,02,J960,355240,3525104690085,5,7.2,2.2
4,1,08,02,J960,353650,3525126442519,4,7.2,3.2
1,1,01,02,J960,353650,3525111770752,4,8.1,4.1
7,3,08,02,J459,350950,3525121242852,4,3.2,0.8
90,3,12,02,J189,350160,3525136713560,18,7.4,10.6
32,1,09,02,J938,355670,3525123475929,4,8.7,4.7
9,3,05,02,J218,351907,3525121409513,5,5.1,0.1
36,3,01,02,J039,355620,3525111814598,3,4.9,1.9
49,1,12,02,J955,350160,3525136710458,52,9.8,42.2
18,3,04,02,J039,352340,3525111544878,4,3.0,1.0
46,3,07,02,J189,350950,3525121198753,2,7.9,5.9
53,1,10,02,J930,350950,3525128210142,1,9.9,8.9
2,1,03,02,J219,350950,3525111631998,5,5.5,0.5
1,1,06,02,J80,350950,3525118449809,6,7.9,1.9
49,1,12,02,J189,350380,3525129890469,13,8.6,4.4
1,1,04,01,J985,355240,3525104323675,20,8.9,11.1
75,3,03,02,J80,350950,3525111687878,5,9.9,4.9
6,3,06,02,J218,350160,3525121526806,3,5.1,2.1
43,1,04,02,J189,350950,3525118392114,3,8.0,5.0
48,1,08,01,J955,354580,3525104414062,2,6.5,4.5
72,3,07,02,J181,351907,3525121225440,7,8.5,1.5
77,3,09,02,J80,350950,3525128158981,8,9.8,1.8
6,3,03,02,J210,350950,3525111680410,5,5.1,0.1
74,1,05,02,J128,350950,3525120497360,3,8.5,5.5
38,3,08,02,J189,350950,3525121235284,3,7.1,4.1
57,3,04,02,J441,350950,3525118397438,2,7.7,5.7
6,1,01,01,J353,352340,3525111530270,1,1.5,0.5
70,3,11,02,J189,350950,3525128224574,14,8.5,5.5
39,1,09,02,J180,352340,3525111573797,5,8.4,3.4
3,3,05,02,J458,350950,3525118406084,4,3.2,0.8
61,3,06,02,J189,350950,3525123524956,5,8.8,3.8
18,1,09,02,J218,350950,3525128181146,1,6.6,5.6
83,3,03,02,J159,355670,3524132030936,7,7.8,0.8
91,3,07,02,J110,352340,3525111563787,10,7.2,2.8
1,1,11,02,J040,350950,3525104491788,1,3.0,2.0
1,1,11,02,J960,350950,3525128244528,4,8.1,4.1
70,3,06,02,J449,353340,3525121420601,7,8.4,1.4
18,3,10,02,J90,352050,3525131786209,7,7.3,0.3
3,1,06,02,J159,350950,3525121175235,3,5.4,2.4
47,1,11,02,J159,352050,3525131800290,19,8.6,10.4
22,3,07,02,J91,352050,3525122790882,21,9.7,11.3
64,1,06,02,J90,350160,3525121521262,2,9.7,7.7
52,1,08,02,J22,350950,3525121265413,4,8.8,4.8
87,3,10,02,J189,355620,3525133620745,9,7.4,1.6
6,1,07,02,J459,350950,3525121202251,3,3.2,0.2
2,1,03,02,J90,353340,3524102876195,47,8.4,38.6
3,1,05,02,J210,355240,3525120496117,3,5.4,2.4
2,3,07,02,J159,350950,3525121222348,6,5.3,0.7
3,3,03,02,J159,352050,3525116049653,2,5.4,3.4
2,1,06,02,J189,352050,3525122786757,4,5.5,1.5
5,3,02,01,J353,350950,3525111622131,1,1.5,0.5
8,1,02,02,J459,354580,3525111499382,2,3.2,1.2
62,3,01,02,J449,352050,3525111457945,4,7.2,3.2
1,3,12,02,J158,355240,3525104942854,9,5.3,3.7
7,3,03,02,J459,350950,3525111683643,4,3.2,0.8
15,3,10,02,J459,352050,3525131785241,4,3.4,0.6
31,3,09,01,J018,350950,3525121259055,1,3.7,2.7
56,3,09,02,J81,352340,3525111575139,13,9.8,3.2
43,1,07,02,J180,353180,3525126842083,3,8.2,5.2
64,3,11,02,J441,350950,3525104507496,3,7.6,4.6
10,3,03,02,J960,350950,3525111655098,3,6.2,3.2
73,1,09,02,J980,353340,3525130495139,11,9.9,1.1
88,3,04,02,J189,352340,3525111548321,5,7.4,2.4
8,1,04,02,J960,355240,3525104686675,4,6.2,2.2
77,1,12,02,J189,353710,3525134932297,5,7.9,2.9
38,3,03,02,J189,351907,3524102909789,16,6.8,9.2
75,1,11,02,J189,355620,3525133624530,5,8.6,3.6
83,1,10,02,J189,350380,3525104472593,8,7.9,0.1
39,1,03,02,J181,350950,3525111658101,22,8.3,13.7
87,3,09,02,J189,350950,3525128158684,7,7.4,0.4
4,1,05,02,J459,350160,3525118632300,2,3.3,1.3
76,3,12,02,J189,354580,3525135174308,16,8.6,7.4
81,3,04,02,J81,353710,3525117221824,5,9.5,4.5
74,1,06,02,J100,352050,3525122785503,4,8.5,4.5
7,3,09,02,J189,351907,3525131904327,3,5.1,2.1
9,1,09,02,J218,350160,3525127304424,9,5.0,4.0
8,3,06,02,J180,350950,3525118465132,1,5.1,4.1
53,1,06,02,J100,352050,3525119137628,30,8.5,21.5
49,1,06,02,J942,350950,3525118448071,2,9.8,7.8
52,1,09,02,J90,355670,3525123479570,9,10.2,1.2
83,1,10,02,J81,350950,3525128197591,7,9.8,2.8
83,3,01,02,J160,350950,3525111612110,16,7.8,8.2
6,1,06,02,J210,351907,3525104379137,2,5.1,3.1
3,3,06,02,J180,350950,3525118464505,2,5.4,3.4
1,3,02,02,J989,354580,3525111500790,4,7.5,3.5
65,3,04,02,J180,353650,3525118894286,10,8.3,1.7
1,1,12,02,J180,355240,3525104967472,9,5.4,3.6
1,1,06,02,J459,350950,3525118442989,7,4.1,2.9
85,1,07,01,J960,353340,3525104400961,18,8.9,9.1
9,1,05,02,J118,350950,3525118410924,1,5.1,4.1
78,1,11,02,J81,350950,3525104507420,8,9.8,1.8
7,3,03,02,J180,350950,3525111657749,2,5.1,3.1
65,1,05,02,J869,352340,3525104354354,1,9.6,8.6
34,1,03,02,J189,353650,3525116097503,1,8.3,7.3
34,3,02,02,J189,352470,3525114723152,15,7.3,7.7
69,1,11,02,J189,350950,3525104490765,11,8.5,2.5
8,3,09,01,J960,352050,3525104454487,4,5.7,1.7
47,1,12,02,J188,350950,3525135807204,6,8.6,2.6
70,3,12,02,J188,350950,3525135791540,8,8.5,0.5
22,3,07,02,J189,355670,3525114266542,4,6.6,2.6
74,3,10,02,J181,350950,3525128193796,57,8.5,48.5
3,1,12,02,J459,355240,3525104942491,4,3.3,0.7
1,1,12,01,J960,350160,3525136712328,4,8.9,4.9
2,3,09,02,J219,353650,3525133188170,6,5.3,0.7
0,3,08,02,J180,350950,3525121238716,12,6.1,5.9
32,1,10,01,J47,355670,3525123488700,15,4.2,10.8
13,3,02,02,J431,350950,3525111640590,3,3.3,0.3
70,3,12,02,J189,355620,3525135138888,6,8.5,2.5
5,3,08,01,J955,352470,3525104419463,2,5.8,3.8
7,1,05,02,J80,350950,3525118417810,3,6.3,3.3
87,1,09,02,J189,353710,3525125774093,3,7.3,4.3
78,1,03,02,J181,350950,3525111673611,6,8.1,2.1
17,3,04,02,J938,350160,3525118631969,13,7.7,5.3
71,3,06,02,J189,352340,3525111556736,7,8.5,1.5
2,3,08,02,J960,350950,3525121235230,6,7.3,1.3
2,1,09,02,J80,350950,3525121270616,2,8.4,6.4
1,1,01,02,J960,353180,3525104600644,2,8.1,6.1
1,3,04,02,J459,355240,3525104690459,15,3.9,11.1
5,1,02,02,J218,350950,3525111649610,25,5.3,19.7
9,3,08,02,J459,350950,3525121248836,1,3.2,2.2
41,1,03,02,J449,350160,3525116087394,6,6.8,0.8
11,3,05,02,J210,350950,3525118408889,5,5.1,0.1
29,3,12,02,J041,350950,3525104519630,1,3.2,2.2
34,1,08,02,J45,355240,3525126440187,19,6.8,12.2
28,1,01,02,J189,353650,3525111773458,29,7.5,21.5
79,3,07,02,J90,350160,3525125926850,6,9.5,3.5
4,1,05,02,J210,352340,3525111550367,6,5.4,0.6
36,1,10,02,J36,352050,3525131799145,1,4.1,3.1
2,3,08,02,J219,355240,3525104831435,1,5.3,4.3
11,1,08,02,J459,350950,3525121261662,3,3.1,0.1
87,3,05,02,J180,352340,3525111553458,6,7.4,1.4
74,3,07,02,J189,350950,3525121213625,7,8.4,1.4
1,3,09,02,J960,355240,3525133185740,9,7.5,1.5
72,3,11,02,J159,352050,3525134271362,7,8.4,1.4
1,3,06,02,J90,352050,3525122781972,1,7.5,6.5
11,3,07,01,J352,352340,3525111565448,1,1.5,0.5
6,3,01,02,J930,350950,3524130874242,28,6.5,21.5
69,1,01,02,J188,353340,3525109028804,4,8.5,4.5
1,1,04,02,J989,350950,3525104329043,2,8.1,6.1
4,1,08,02,J80,350950,3525121250948,3,7.2,4.2
42,1,08,02,J449,352050,3525122799616,30,7.0,23.0
2,1,09,02,J459,350950,3525128179606,3,3.6,0.6
7,3,08,02,J459,355240,3525104420190,2,3.2,1.2
67,3,04,02,J189,350950,3525118369465,7,8.4,1.4
1,1,11,02,J960,350950,3525128249984,5,8.1,3.1
8,3,07,02,J178,350950,3525121222799,5,5.1,0.1
64,1,01,02,J449,352470,3525111766968,20,8.4,11.6
71,1,09,02,J960,350950,3525121267393,11,10.2,0.8
80,1,05,02,J189,350950,3525118432286,4,7.9,3.9
61,1,11,02,J189,353650,3525135271955,2,8.8,6.8
80,1,01,02,J189,350950,3524132021234,12,7.9,4.1
6,1,02,02,J459,354580,3525111502638,2,3.2,1.2
3,3,02,02,J431,350950,3525111649224,1,3.2,2.2
28,1,12,02,J068,350950,3525135807611,3,2.8,0.2
80,3,11,02,J159,350950,3525135790242,30,7.8,22.2
1,1,08,02,J80,350950,3525121240894,2,7.9,5.9
1,3,09,02,J459,355240,3525104837155,1,3.9,2.9
30,1,12,02,J180,352050,3525134290832,3,7.6,4.6
3,3,05,02,J459,350380,3525104335071,1,3.2,2.2
70,3,04,02,J168,353180,3525114364827,1,8.5,7.5
52,1,09,02,J189,350160,3525128575408,7,8.8,1.8
1,3,05,02,J960,350950,3525118404005,3,7.5,4.5
1,1,04,02,J181,350160,3525118628416,15,5.4,9.6
8,1,08,02,J989,354580,3525128644323,4,6.4,2.4
49,1,08,02,J90,350160,3525121251751,4,9.8,5.8
7,1,11,01,J958,350950,3525104505637,1,5.5,4.5
81,1,03,02,J189,351515,3525114507332,6,7.9,1.9
9,3,07,02,J189,350950,3525121187984,2,5.1,3.1
11,1,11,02,J459,353650,3525135270591,3,3.1,0.1
19,3,11,02,J159,350950,3525128229590,3,6.3,3.3
60,1,04,01,J342,350950,3525118371852,1,1.6,0.6
2,1,11,02,J040,350950,3525135789714,30,3.6,26.4
37,3,10,02,J90,352050,3525131786099,7,8.3,1.3
2,3,08,02,J210,350950,3525121236153,8,5.3,2.7
1,1,10,02,J219,353650,3525133193142,7,5.4,1.6
3,1,08,02,J180,355240,3525104832029,7,5.4,1.6
65,3,11,02,J459,350950,3525135786370,12,7.6,4.4
9,3,01,02,J960,350950,3525111608073,3,6.3,3.3
42,1,10,02,J189,350950,3525131908331,4,9.0,5.0
4,3,07,02,J210,351907,3525104795300,1,5.4,4.4
72,1,06,02,J159,350950,3525114265300,45,8.5,36.5
53,1,07,02,J189,350950,3525121203538,3,8.5,5.5
25,3,04,02,J90,350950,3525118387846,5,7.9,2.9
9,1,04,02,J960,350950,3525118376527,6,6.2,0.2
5,1,04,02,J180,350950,3525118371357,9,5.3,3.7
59,1,05,02,J90,352050,3525119125374,3,11.0,8.0
6,1,04,02,J153,350950,3525111697349,1,5.1,4.1
70,3,06,02,J189,350950,3525118445343,3,8.5,5.5
5,1,10,02,J960,355670,3525104463639,12,6.6,5.4
66,3,08,01,J958,353710,3525104417362,2,6.8,4.8
51,3,04,01,J958,350950,3525118374481,1,6.7,5.7
42,3,06,02,J90,352340,3525118449864,8,7.4,0.6
9,1,11,02,J218,354580,3525135172383,2,5.1,3.1
1,1,08,02,J180,350950,3525121239508,4,5.5,1.5
6,1,02,01,J353,352340,3525111535099,1,1.5,0.5
66,1,07,02,J188,350950,3525121200777,11,8.4,2.6
58,3,02,02,J189,350950,3525111632603,18,8.5,9.5
10,1,11,02,J218,355620,3525133624232,3,5.0,2.0
1,3,02,02,J159,351905,3525114722360,2,5.3,3.3
58,3,08,02,J96,350950,3525121227672,20,11.0,9.0
72,3,10,02,J180,350950,3525104874126,11,8.4,2.6
8,3,11,02,J960,350950,3525135787008,2,6.3,4.3
49,1,11,01,J950,352470,3525104505131,3,6.2,3.2
77,1,06,02,J950,350160,3525121526113,13,10.1,2.9
1,1,11,02,J219,350950,3525128238050,12,5.4,6.6
24,1,03,02,J930,355240,3525116099065,4,7.9,3.9
60,3,03,02,J189,351280,3525117218557,3,8.9,5.9
9,1,04,02,J960,351907,3525104695090,9,6.2,2.8
26,1,05,02,J180,353200,3525113708457,4,6.7,2.7
1,1,05,02,J189,352470,3525119542770,5,5.4,0.4
59,3,05,02,J189,350950,3525118433320,3,8.5,5.5
30,1,07,02,J955,351280,3525104398497,26,9.3,16.7
54,1,07,02,J984,350950,3525121201470,24,10.6,13.4
47,3,07,02,J189,352340,3525111563336,2,8.1,6.1
2,1,07,02,J180,353200,3525113708908,1,5.5,4.5
1,3,11,02,J960,350950,3525128228457,3,7.5,4.5
11,3,10,02,J219,352470,3525130107499,2,5.1,3.1
65,3,01,02,J189,350950,3524130873087,6,8.3,2.3
39,1,02,02,J90,354580,3525111497600,10,10.1,0.1
52,3,08,02,J984,351907,3525104428472,10,10.0,0.0
87,1,05,02,J449,355670,3525114257930,9,7.6,1.4
80,3,01,02,J960,355620,3525111816501,12,9.5,2.5
5,1,05,02,J189,355620,3525121149484,2,5.3,3.3
4,1,12,02,J218,350950,3525135792651,3,5.4,2.4
1,1,03,02,J80,350950,3525111652470,4,8.1,4.1
4,1,07,02,J955,351907,3525104382305,7,7.2,0.2
58,3,09,02,J189,355620,3525128559062,6,8.4,2.4
1,1,04,02,J459,355240,3525118896079,2,4.1,2.1
4,3,07,02,J459,351907,3525104795531,3,3.3,0.3
4,1,06,02,J459,350950,3525104749342,4,3.3,0.7
44,3,06,01,J324,350950,3525118445233,1,1.6,0.6
7,3,04,02,J969,350950,3525118384524,4,6.2,2.2
7,1,04,02,J459,354580,3525104691097,3,3.2,0.2
4,3,08,02,J459,350950,3525121262938,5,3.3,1.7
57,1,12,02,J189,355620,3525135137568,29,9.3,19.7
28,3,04,02,J219,350950,3525118391597,3,6.6,3.6
36,1,11,02,J90,353200,3525133184738,3,10.1,7.1
7,3,09,02,J180,350950,3525128160060,3,5.1,2.1
36,3,06,02,J180,350950,3525118450800,2,7.5,5.5
1,3,11,02,J459,350950,3525135270316,3,3.9,0.9
76,1,03,02,J180,355240,3525104661122,2,8.6,6.6
9,3,12,02,J960,353650,3525104516747,5,6.3,1.3
20,1,06,02,J218,352050,3525119147715,6,6.6,0.6
20,1,11,01,J342,355240,3525104921041,1,1.5,0.5
68,3,09,02,J189,353710,3525125774071,6,8.5,2.5
82,1,01,02,J989,354580,3525111495653,8,10.5,2.5
49,1,10,02,J938,350950,3525128213937,6,9.8,3.8
69,1,06,02,J44,350950,3525118442516,12,8.3,3.7
66,1,07,01,J189,351907,3525104386100,5,9.5,4.5
2,3,12,02,J960,355240,3525104983170,3,7.2,4.2
6,1,09,02,J459,350950,3525121272904,7,3.2,3.8
23,1,08,02,J210,350950,3525121264115,5,6.7,1.7
49,3,11,02,J90,355620,3525135138151,13,9.6,3.4
76,3,12,02,J80,350950,3525135820085,4,9.8,5.8
6,3,09,02,J189,355620,3525128558600,4,5.1,1.1
76,1,07,02,J449,352340,3525111566570,1,8.1,7.1
43,1,10,02,J189,350160,3525131764858,6,8.0,2.0
82,3,06,02,J449,351907,3525124268578,5,7.6,2.6
1,1,10,02,J219,350950,3525128204720,5,5.4,0.4
31,3,03,02,J36,355240,3524102910460,1,3.5,2.5
1,1,11,02,J219,350950,3525128249720,6,5.4,0.6
1,1,09,02,J189,350950,3525121273113,2,5.5,3.5
74,3,11,02,J441,350950,3525128241734,10,8.1,1.9
61,3,07,02,J449,350950,3525121194485,11,7.0,4.0
7,1,04,02,J210,350160,3525118632541,3,5.2,2.2
69,3,01,02,J440,350160,3525112449342,5,8.3,3.3
9,1,09,01,J958,355240,3525104455455,1,5.4,4.4
69,1,07,02,J189,350950,3525121192879,8,8.6,0.6
15,1,06,02,J960,354580,3525104723052,11,7.5,3.5
6,3,02,02,J960,350950,3524130878488,6,6.5,0.5
62,1,11,02,J189,355620,3525133626620,16,8.7,7.3
28,3,05,02,J960,350950,3525118424619,4,7.8,3.8
66,1,02,02,J189,354580,3525111498073,1,8.4,7.4
9,3,11,02,J36,355620,3525104501765,11,3.5,7.5
4,1,11,02,J960,352340,3525104496210,6,7.2,1.2
54,1,07,02,J189,354580,3525118985036,9,9.1,0.1
93,3,04,02,J189,355620,3525118472304,4,7.1,3.1
16,3,09,01,J343,351907,3525104867966,1,1.5,0.5
24,1,04,02,J930,355670,3525114249888,10,7.9,2.1
82,1,02,02,J189,354580,3525111500845,4,7.9,3.9
49,3,01,02,J189,354580,3525111497644,4,8.0,4.0
75,1,06,02,J189,353340,3525121420645,6,8.6,2.6
9,1,07,01,J353,350950,3525121205089,1,1.5,0.5
1,1,07,02,J219,350950,3525104383449,2,5.5,3.5
4,3,04,02,J219,355240,3525118896827,5,5.4,0.4
57,1,09,02,J189,350950,3525104407210,25,9.5,15.5
7,3,08,02,J960,353650,3525126441089,3,6.3,3.3
56,3,01,02,J189,353650,3525111775108,3,8.1,5.1
6,1,02,02,J068,355670,3524132027108,3,3.2,0.2
10,1,04,02,J209,350950,3525111697492,5,5.0,0.0
46,3,11,02,J189,351515,3525134093745,10,7.8,2.2
5,1,08,02,J459,350950,3525121249276,1,3.2,2.2
1,1,01,02,J180,355240,3525104598906,5,5.4,0.4
8,1,06,02,J210,354800,3525124147853,3,5.0,2.0
2,1,04,02,J960,355240,3525104695211,10,8.4,1.6
72,3,06,02,J159,350950,3525118440569,3,8.5,5.5
32,3,06,02,J390,355670,3525114260954,2,3.5,1.5
28,3,05,01,J323,351280,3525104746163,1,1.6,0.6
42,3,01,02,J960,355240,3524102871278,8,7.9,0.1
5,3,03,02,J158,354580,3525104632401,4,5.3,1.3
30,3,06,02,J210,350160,3525125925057,5,6.6,1.6
7,3,08,02,J180,355240,3525104831952,3,5.1,2.1
53,1,02,02,J158,350950,3524102888537,1,8.5,7.5
1,1,10,02,J218,352470,3525132975870,5,5.4,0.4
52,3,11,02,J960,353650,3525135272098,2,10.2,8.2
3,1,06,02,J068,350950,3525118444287,1,3.3,2.3
87,3,07,02,J960,355620,3525125776194,5,8.5,3.5
49,1,08,02,J189,350950,3525121237320,5,8.6,3.6
11,3,02,02,J219,350950,3525111644494,4,5.1,1.1
76,1,07,02,J189,352470,3525126433940,4,8.6,4.6
34,3,12,02,J180,355240,3525104970167,7,7.3,0.3
32,1,05,02,J938,350950,3525118426643,3,8.8,5.8
73,3,08,02,J90,352050,3525126511313,5,9.7,4.7
10,3,08,02,J459,350160,3525128568764,2,3.2,1.2
19,1,05,02,J159,350950,3525111963330,4,6.6,2.6
5,1,04,02,J459,350950,3525118380905,2,3.2,1.2
37,3,10,02,J180,350950,3525128196095,8,6.8,1.2
28,3,10,02,J96,350950,3525128159960,7,7.8,0.8
19,1,07,02,J189,352050,3525122791652,30,6.6,23.4
65,3,08,02,J449,350950,3525126441045,7,7.8,0.8
41,3,09,01,J948,354580,3525104869044,8,4.4,3.6
58,3,07,01,J942,351907,3525104406175,2,7.3,5.3
80,1,08,02,J189,352050,3525126509290,6,7.9,1.9
84,1,02,02,J18,350950,3525111642767,3,8.0,5.0
5,1,09,02,J069,350950,3525133188478,4,3.2,0.8
19,1,07,02,J189,352340,3525111562269,3,6.6,3.6
70,3,07,02,J180,350950,3525121202482,36,8.5,27.5
9,1,08,01,J353,352340,3525111572697,1,1.5,0.5
10,1,10,02,J219,350950,3525133623891,2,5.0,3.0
2,1,04,02,J159,350950,3525118373040,4,5.5,1.5
80,3,11,02,J189,350160,3525134330036,5,7.8,2.8
51,1,09,02,J189,353650,3525133186630,17,8.9,8.1
93,3,11,02,J81,352050,3525134278699,5,6.4,1.4
7,1,05,02,J218,354580,3525118977325,2,5.2,3.2
88,3,05,02,J96,350950,3525118415918,2,8.5,6.5
44,1,06,02,J950,350950,3525121179680,1,8.0,7.0
80,1,07,02,J159,350160,3525125929040,2,7.9,5.9
57,1,02,02,J189,351907,3525109420118,5,9.3,4.3
80,3,04,02,J180,353200,3525113708325,2,7.8,5.8
71,3,07,02,J189,350950,3525121209467,6,8.5,2.5
71,1,07,02,J189,350950,3525125778295,6,8.5,2.5
94,1,07,02,J189,350950,3525121209368,12,7.5,4.5
74,1,01,02,J189,354580,3525111495521,12,8.5,3.5
4,1,06,02,J969,350950,3525118413828,3,7.2,4.2
84,3,05,02,J159,355670,3525114255784,1,8.1,7.1
71,3,07,02,J189,354580,3525118987830,8,8.5,0.5
57,3,04,02,J960,350950,3525104324445,7,8.6,1.6
7,1,08,02,J219,355240,3525104831567,8,5.0,3.0
7,3,12,02,J210,354580,3525137359360,2,5.1,3.1
2,3,04,02,J189,352340,3525111546682,2,5.3,3.3
10,3,03,02,J210,353340,3525114058906,3,5.1,2.1
5,1,01,02,J459,355240,3525104600094,5,3.2,1.8
11,3,05,02,J180,351907,3525121409315,6,5.1,0.9
62,1,04,02,J189,355620,3525118469004,5,8.7,3.7
70,1,10,02,J188,350160,3525104483505,10,8.5,1.5
6,1,11,02,J218,354580,3525135172009,4,5.1,1.1
91,1,09,02,J129,352050,3525126522082,6,7.2,1.2
2,1,09,02,J189,352050,3525126533225,3,5.5,2.5
6,1,07,02,J930,350950,3525121215649,10,6.7,3.3
6,3,04,02,J159,350950,3525118369102,6,5.1,0.9
3,3,06,02,J219,350950,3525118413730,5,5.4,0.4
88,1,12,02,J188,350950,3525135810064,2,7.4,5.4
79,3,09,02,J449,355620,3525128558259,7,7.9,0.9
10,3,05,02,J210,350950,3525118437742,35,5.1,29.9
98,3,09,02,J189,355620,3525128558644,2,7.0,5.0
90,1,05,02,J159,352050,3525119124890,9,7.5,1.5
53,1,12,01,J958,350950,3525104940929,2,6.5,4.5
3,3,06,02,J219,350950,3525118461436,10,5.4,4.6
17,1,09,02,J219,355240,3525104835758,2,6.5,4.5
6,1,04,02,J218,351907,3525119450457,2,5.1,3.1
18,1,05,01,J342,350160,3525104720005,1,1.5,0.5
2,3,11,02,J459,355240,3525104935671,3,3.4,0.4
54,3,10,01,J343,353180,3525104873455,1,1.6,0.6
71,1,10,02,J189,350950,3525128193818,13,8.5,4.5
37,1,03,02,J189,350950,3525111667154,8,8.3,0.3
7,3,03,02,J189,350950,3525111667880,4,5.1,1.1
56,3,03,02,J440,353340,3525114058807,39,7.5,31.5
73,3,05,02,J189,350160,3525118634961,17,8.4,8.6
7,1,01,02,J210,350950,3524130868907,3,5.2,2.2
11,1,08,02,J989,350380,3525104419089,7,6.1,0.9
6,1,11,02,J960,350950,3525128227170,9,6.6,2.4
65,1,06,02,J441,350950,3525121174751,13,8.4,4.6
79,3,06,02,J440,350950,3525104375342,19,7.9,11.1
67,1,01,02,J960,355620,3525111814642,20,9.7,10.3
6,3,01,01,J350,350950,3524130857874,1,1.5,0.5
73,1,01,02,J159,350950,3524130867158,14,8.5,5.5
74,3,08,02,J960,353650,3525126442783,4,9.7,5.7
7,3,04,02,J960,350950,3525118375482,17,6.2,10.8
4,1,10,02,J960,351907,3525104874599,2,7.2,5.2
6,1,07,02,J219,350950,3525121210171,2,5.1,3.1
31,1,03,01,J955,355240,3524102911725,5,5.7,0.7
1,1,12,02,J960,351905,3525104982168,8,8.1,0.1
59,1,02,02,J441,353340,3525114057290,19,8.8,10.2
1,1,12,02,J218,350950,3525135824970,3,5.4,2.4
12,3,05,01,J358,352050,3525117353395,1,1.5,0.5
25,3,07,02,J459,352050,3525122793973,4,3.5,0.5
44,1,07,02,J459,352050,3525122806425,2,6.8,4.8
7,3,03,02,J219,351907,3525104658955,3,5.1,2.1
68,1,09,02,J931,350950,3525104439428,3,10.0,7.0
65,3,07,02,J189,352050,3525122782930,30,8.3,21.7
67,3,05,02,J189,350950,3525118433452,3,8.4,5.4
63,3,05,02,J189,350950,3525118426324,13,8.2,4.8
69,3,07,02,J180,350950,3525121189975,10,8.5,1.5
3,1,07,02,J80,350950,3525121184321,4,7.2,3.2
82,3,11,02,J189,355240,3525135270822,9,7.8,1.2
6,1,08,02,J218,350950,3525121263774,2,5.1,3.1
54,1,11,02,J189,351280,3525134932870,2,9.1,7.1
5,3,01,02,J36,350950,3525111614893,4,3.4,0.6
1,3,04,02,J218,353340,3525114060534,9,5.3,3.7
1,1,05,02,J80,350950,3525118431439,15,8.1,6.9
88,3,05,02,J449,355240,3525118899160,6,7.6,1.6
5,3,02,02,J459,350950,3525111640292,3,3.2,0.2
4,3,09,02,J960,355240,3525133189732,6,7.2,1.2
81,3,04,02,J180,350950,3525111694632,6,7.8,1.8
60,3,09,01,J330,354580,3525104448240,2,1.6,0.4
71,3,06,02,J80,350950,3525121183420,15,9.7,5.3
16,1,05,02,J391,355670,3525114259183,1,3.3,2.3
43,1,08,02,J960,350950,3525121231720,4,8.0,4.0
9,3,05,02,J219,350160,3525118636589,6,5.1,0.9
5,1,07,02,J80,350950,3525121209247,5,6.7,1.7
68,1,01,02,J189,351907,3525114201708,4,8.5,4.5
84,1,02,02,J189,353650,3525111776054,7,8.0,1.0
1,1,01,02,J210,351907,3525114199244,5,5.4,0.4
51,1,12,02,J938,352050,3525134289864,4,10.4,6.4
1,1,11,02,J180,355240,3525104938179,2,5.4,3.4
73,1,08,02,J189,351280,3525126843612,1,8.5,7.5
69,3,06,02,J189,351280,3525122823123,10,8.5,1.5
5,3,07,02,J180,350950,3525121222370,5,5.3,0.3
5,1,08,02,J459,350950,3525121249342,1,3.2,2.2
4,1,06,02,J960,351907,3525104721908,12,7.2,4.8
64,3,05,02,J449,352050,3525119133558,4,7.6,3.6
60,3,04,02,J180,350160,3525118633113,7,8.9,1.9
14,3,09,02,J189,350950,3525121267448,5,6.4,1.4
4,3,04,02,J459,355240,3525104693880,1,3.2,2.2
59,3,04,02,J46,355620,3525118468861,3,7.9,4.9
2,3,05,02,J219,350950,3525118402421,1,5.3,4.3
4,3,05,02,J459,352470,3525121330478,2,3.2,1.2
10,1,01,01,J353,352340,3525111529533,1,1.5,0.5
73,1,04,02,J938,355620,3525116079034,10,9.9,0.1
26,1,11,02,J960,355240,3525104940544,14,8.2,5.8
58,3,02,02,J18,350950,3525111637069,8,8.5,0.5
1,1,04,02,J189,350950,3525114252220,3,5.4,2.4
86,3,02,02,J180,355670,3524132024413,15,7.4,7.6
7,1,04,02,J218,350950,3525118372370,8,5.2,2.8
50,1,06,01,J958,350950,3525118448181,3,6.9,3.9
2,1,08,02,J219,355240,3525104831765,6,5.5,0.5
7,3,02,02,J960,353650,3525116091981,2,6.2,4.2
29,3,08,02,J110,350950,3525121253544,7,6.6,0.4
2,1,04,02,J960,355240,3525104689854,10,8.4,1.6
77,1,12,02,J189,353710,3525137025840,2,7.9,5.9
15,1,12,02,J960,350950,3525128244264,2,7.4,5.4
10,1,04,02,J218,350950,3525111691013,1,5.0,4.0
66,3,12,02,J180,350160,3525136716002,2,8.3,6.3
82,3,04,02,J189,352470,3525119541801,1,7.8,6.8
5,3,01,02,J069,353180,3525104594143,4,3.3,0.7
3,3,05,02,J80,350950,3525118410308,9,7.1,1.9
58,3,03,01,J324,350950,3525111681432,1,1.6,0.6
2,3,11,02,J209,350950,3525128230173,2,5.3,3.3
1,1,07,02,J219,350950,3525121218267,1,5.5,4.5
74,1,05,02,J159,352050,3525119131480,20,8.5,11.5
71,1,12,02,J189,350950,3525134935399,4,8.5,4.5
2,3,03,02,J960,350950,3525111665911,4,7.2,3.2
5,1,03,02,J459,353650,3525116096370,3,3.2,0.2
60,1,03,02,J22,350950,3525111673655,11,8.8,2.2
70,3,09,02,J938,355620,3525128558996,10,9.7,0.3
1,3,05,02,J218,351907,3525121412164,3,5.3,2.3
9,3,02,02,J189,355620,3525116074910,3,5.1,2.1
64,1,10,01,J342,355620,3525104909733,2,1.6,0.4
0,3,07,02,J181,350950,3525121214296,5,6.1,1.1
25,1,08,02,J219,351907,3525104423434,9,6.7,2.3
1,1,05,02,J960,350950,3525118414598,1,8.1,7.1
2,1,07,02,J960,355240,3525104398068,9,8.4,0.6
5,1,05,02,J440,350950,3525118433090,6,3.2,2.8
78,1,06,02,J189,350950,3525118454748,2,8.1,6.1
88,3,04,02,J189,355620,3525118471908,3,7.4,4.4
2,3,07,02,J218,350950,3525104403073,2,5.3,3.3
9,1,09,02,J180,351907,3525129004221,2,5.0,3.0
5,3,05,02,J040,350950,3525118437676,8,3.3,4.7
25,3,07,02,J440,350950,3525121192681,4,3.5,0.5
67,3,03,02,J449,355670,3524132029407,14,7.9,6.1
1,1,07,02,J180,350950,3525121199864,4,5.5,1.5
6,3,03,02,J459,353650,3525116094676,4,3.2,0.8
1,3,05,02,J219,350950,3525118426357,2,5.3,3.3
1,3,10,02,J960,355240,3525104916751,22,7.5,14.5
5,3,08,02,J042,354580,3525104831336,3,3.3,0.3
44,1,12,02,J449,355620,3525135137910,22,6.7,15.3
69,3,11,02,J90,354800,3525104459460,5,9.8,4.8
5,1,03,02,J189,354580,3525111504013,5,5.3,0.3
45,1,05,02,J93,353180,3525120887630,4,10.1,6.1
1,3,07,02,J960,350950,3525121200337,7,7.5,0.5
9,3,03,02,J960,350950,3525111682147,6,6.3,0.3
7,1,05,02,J219,354800,3525104342606,6,5.2,0.8
2,3,08,02,J218,350950,3525121246460,8,5.3,2.7
2,3,06,02,J218,352050,3525119144778,8,5.3,2.7
1,1,06,02,J80,350950,3525121178030,2,7.9,5.9
82,1,10,02,J188,352470,3525132978246,8,7.9,0.1
10,1,07,02,J985,350950,3525121187918,2,6.0,4.0
45,1,02,02,J930,350160,3525116080299,28,10.1,17.9
57,1,01,02,J189,355620,3524124074010,3,9.3,6.3
79,3,07,01,J81,350950,3525501586244,21,9.1,11.9
3,1,06,02,J219,352470,3525124149008,5,5.4,0.4
48,1,01,01,J955,352470,3524102852941,10,6.5,3.5
78,3,07,02,J159,354580,3525118989910,7,8.1,1.1
76,3,05,02,J189,350950,3525118415610,4,8.6,4.6
11,1,12,02,J960,355240,3525104942524,3,6.1,3.1
1,1,07,02,J019,350950,3525121186664,5,3.0,2.0
1,3,07,02,J210,350950,3525121201525,6,5.4,0.6
81,1,03,02,J18,350950,3525111669101,7,7.9,0.9
82,3,03,02,J159,355670,3524132029220,17,7.8,9.2
1,3,04,02,J209,350950,3525111697327,4,5.3,1.3
1,3,06,02,J219,350950,3525118445409,4,5.4,1.4
41,3,01,02,J039,352050,3525111467460,4,4.2,0.2
74,3,09,02,J81,354580,3525128642134,30,9.7,20.3
1,3,11,02,J159,355670,3525123489844,2,5.3,3.3
2,1,04,02,J210,351907,3525104694430,2,5.5,3.5
23,1,05,02,J189,353650,3525120494170,1,6.7,5.7
3,1,05,02,J450,350950,3525118408504,7,3.3,3.7
4,3,02,02,J960,353650,3525116090683,4,7.1,3.1
9,1,03,02,J458,350950,3525111663722,3,3.2,0.2
5,3,08,02,J210,350950,3525126439615,4,5.3,1.3
63,1,09,02,J958,352050,3525126532532,20,10.2,9.8
1,1,05,02,J960,350950,3525118437291,3,8.1,5.1
1,3,05,02,J80,352470,3525118422694,6,7.5,1.5
6,3,10,02,J80,350950,3525128207997,4,6.5,2.5
4,3,04,02,J210,351907,3525104694090,3,5.4,2.4
3,1,07,02,J459,350950,3525121217629,7,3.3,3.7
2,3,08,02,J181,355240,3525126440484,7,5.3,1.7
1,3,11,02,J219,355620,3525133624694,3,5.3,2.3
3,1,06,02,J159,350950,3525118461480,5,5.4,0.4
84,3,01,02,J189,350950,3524130873923,2,8.1,6.1
68,1,01,02,J159,350950,3524130877113,43,8.5,34.5
20,3,09,02,J36,352050,3525131779170,3,3.4,0.4
17,3,09,02,J36,352340,3525111574732,3,3.4,0.4
1,3,07,02,J218,350950,3525121190426,4,5.4,1.4
52,3,10,02,J981,350950,3525128184138,20,10.2,9.8
9,1,09,02,J189,355240,3525133188390,8,5.0,3.0
24,1,03,02,J219,350950,3525111654306,1,6.7,5.7
74,3,09,02,J449,352050,3525126512072,24,7.8,16.2
69,3,05,02,J459,350950,3525118405919,8,8.3,0.3
57,1,02,02,J180,351280,3525113374772,5,9.3,4.3
37,1,02,02,J03,350950,3525116093675,1,3.3,2.3
2,1,05,02,J219,355240,3525104722513,1,5.5,4.5
3,1,06,02,J219,350950,3525118440657,2,5.4,3.4
3,1,11,02,J218,350950,3525135787030,3,5.4,2.4
5,3,08,02,J459,350950,3525121228354,5,3.2,1.8
3,1,07,02,J180,350950,3525121201536,15,5.4,9.6
14,1,10,02,J210,352340,3525111581200,5,6.3,1.3
6,1,03,02,J459,350950,3525111667847,1,3.2,2.2
5,1,05,02,J210,355240,3525104723833,4,5.3,1.3
1,1,05,02,J210,353180,3525104718234,8,5.4,2.6
80,3,06,02,J09,350950,3525120502365,7,7.8,0.8
1,1,12,02,J188,350950,3525135821350,4,5.4,1.4
10,3,01,02,J960,351280,3524102867428,6,6.2,0.2
73,3,07,02,J18,350950,3525121203307,3,8.5,5.5
7,3,11,02,J159,350380,3525104493064,2,5.1,3.1
5,3,03,02,J960,350950,3525111666945,7,6.5,0.5
32,1,01,01,J189,351907,3525101655504,11,8.7,2.3
73,1,05,02,J188,350950,3525118402531,2,8.5,6.5
72,1,04,02,J189,350950,3525118393270,11,8.5,2.5
1,1,12,02,J219,352470,3525135935222,4,5.4,1.4
54,1,05,02,J90,352050,3525119130027,9,10.5,1.5
46,1,10,02,J91,350950,3525128172313,5,9.7,4.7
6,1,08,01,J352,350950,3525121227925,1,1.5,0.5
2,3,10,02,J459,350950,3525131906472,2,3.4,1.4
1,1,11,02,J219,355240,3525104934505,3,5.4,2.4
4,3,08,02,J459,350160,3525125934121,2,3.3,1.3
7,1,05,02,J459,353650,3525104343145,5,3.2,1.8
45,3,04,02,J969,350950,3525104318219,7,9.2,2.2
37,3,03,02,J90,353180,3525104658328,11,8.3,2.7
7,1,05,02,J459,350950,3525118406128,3,3.2,0.2
11,1,05,02,J219,350950,3525118411441,25,5.0,20.0
7,1,04,01,J180,350160,3525118630715,1,4.0,3.0
49,1,02,02,J189,350950,3525111618292,2,8.6,6.6
2,1,03,02,J189,350950,3525111678759,3,5.5,2.5
83,1,03,02,J189,350950,3525111671389,5,7.9,2.9
58,3,08,02,J09,355240,3525126440847,2,8.4,6.4
66,1,01,02,J441,350950,3525111616334,9,8.4,0.6
5,3,05,02,J069,355240,3525104714934,2,3.3,1.3
43,1,11,02,J90,350160,3525134327946,20,8.7,11.3
42,1,02,02,J189,350950,3524130875221,48,9.0,39.0
9,3,05,02,J159,350160,3525121523660,7,5.1,1.9
32,1,07,02,J960,350950,3525104386771,7,8.7,1.7
62,3,03,02,J189,350160,3525116088450,8,8.8,0.8
4,1,01,02,J218,351907,3525114199321,5,5.4,0.4
1,3,05,02,J218,355670,3525114257665,8,5.3,2.7
3,1,08,02,J459,350950,3525121252125,5,3.3,1.7
85,3,06,02,J110,352050,3525122787329,5,7.8,2.8
79,1,03,02,J80,350950,3525111653745,13,9.9,3.1
4,1,08,02,J459,354580,3525128641958,2,3.3,1.3
5,1,08,02,J21,353650,3525126438801,8,5.3,2.7
1,1,10,02,J210,350160,3525131761570,1,5.4,4.4
7,3,05,02,J219,350950,3525118411331,7,5.1,1.9
1,1,09,02,J960,350950,3525128170201,2,7.9,5.9
8,1,06,02,J210,355670,3525114264716,8,5.0,3.0
2,3,11,01,J969,353340,3525104497255,49,9.0,40.0
2,1,12,02,J189,352470,3525135934155,2,5.5,3.5
8,1,06,02,J219,350950,3525118450953,6,5.0,1.0
55,1,09,02,J955,355240,3525104872388,1,10.9,9.9
1,3,07,02,J218,350950,3525104397661,7,5.4,1.6
2,3,12,02,J159,354580,3525135173549,2,5.3,3.3
7,1,09,02,J100,352050,3525131780775,2,5.0,3.0
71,1,04,02,J188,350950,3525118377440,4,8.5,4.5
66,3,12,02,J938,355620,3525135138426,5,9.2,4.2
17,3,10,01,J348,350160,3525104468590,2,1.5,0.5
4,1,04,02,J459,354580,3525118974828,2,3.3,1.3
2,1,08,01,J352,352340,3525111570520,1,2.3,1.3
4,1,07,02,J960,354580,3525104796334,37,7.2,29.8
4,1,03,02,J189,352340,3525100244303,21,5.4,15.6
89,3,08,02,J189,353710,3525125772400,2,7.4,5.4
5,1,08,02,J459,353180,3525104831600,3,3.2,0.2
10,1,08,02,J431,350950,3525121248781,4,3.1,0.9
3,1,02,02,J960,350950,3525116093191,2,7.2,5.2
8,3,03,02,J459,350950,3525111676141,2,3.2,1.2
58,1,11,02,J90,352340,3525104507111,2,11.8,9.8
38,1,04,02,J960,352340,3525111545791,5,9.2,4.2
85,3,09,02,J81,350950,3525128178748,5,9.8,4.8
8,1,11,02,J960,350950,3525128224288,6,6.2,0.2
6,3,01,02,J459,355240,3525104593813,1,3.2,2.2
1,1,03,02,J219,350950,3525111657573,1,5.4,4.4
71,3,10,02,J960,351907,3525131909046,16,9.9,6.1
16,3,01,02,J36,353650,3525111770895,3,3.4,0.4
96,1,05,02,J189,355670,3525114257720,7,6.5,0.5
4,3,08,02,J459,352050,3525126514184,3,3.3,0.3
10,3,10,02,J80,350950,3525128220647,2,6.2,4.2
38,1,10,02,J180,353180,3525104467929,1,8.3,7.3
65,3,01,02,J80,350950,3524130857710,13,9.3,3.7
57,3,07,02,J100,350950,3525121187511,8,8.4,0.4
39,3,05,02,J159,350950,3525104547459,3,6.8,3.8
70,3,12,02,J189,350950,3525135793817,3,8.5,5.5
55,1,07,02,J441,350950,3525121198313,5,7.2,2.2
41,1,07,01,J351,354800,3525104815606,2,1.7,0.3
85,1,06,02,J690,355240,3525104753478,13,10.0,3.0
4,3,06,02,J189,355620,3525121151035,3,5.4,2.4
8,1,05,02,J210,353650,3525118897322,4,5.1,1.1
55,3,06,01,J90,350950,3525104364310,2,6.5,4.5
73,1,02,02,J90,350950,3524130871547,8,9.9,1.9
71,3,09,02,J189,353650,3525133187378,11,8.5,2.5
1,1,03,02,J218,350950,3525111665955,2,5.4,3.4
6,3,03,02,J189,350950,3524130874264,17,5.1,11.9
80,3,02,02,J449,355620,3525116074755,2,7.6,5.6
11,1,08,01,J352,352340,3525111568748,1,1.5,0.5
76,1,08,02,J189,353340,3525121423208,5,8.6,3.6
85,3,09,02,J189,350950,3525128178726,6,7.8,1.8
2,1,06,02,J189,353340,3525121420271,9,5.5,3.5
61,3,02,02,J44,355240,3525116094148,2,7.0,5.0
8,3,07,02,J459,351907,3525127041568,4,3.2,0.8
60,1,03,01,J841,350950,3524102909624,13,7.4,5.6
4,3,12,02,J218,350950,3525135802100,4,5.4,1.4
1,1,05,02,J189,353340,3525121419611,5,5.4,0.4
2,1,11,02,J040,355240,3525104492019,9,3.6,5.4
13,1,12,02,J342,351515,3525134992456,1,3.2,2.2
3,1,05,02,J459,355240,3525104724075,5,3.3,1.7
2,1,12,02,J90,350950,3525135800351,22,8.4,13.6
5,1,07,02,J210,350950,3525121201789,6,5.3,0.7
26,3,07,02,J180,355240,3525104794629,7,6.6,0.4
38,3,10,02,J90,353200,3525104463496,5,8.2,3.2
1,1,02,02,J189,350950,3524102899867,5,5.4,0.4
45,3,05,01,J351,350380,3525104726198,2,1.8,0.2
38,1,06,01,J343,351907,3525104746559,1,1.6,0.6
60,1,07,02,J930,350160,3525121200634,5,11.5,6.5
59,3,06,01,J960,350380,3525119619978,30,7.2,22.8
65,3,09,02,J180,352340,3525111573731,8,8.3,0.3
2,1,07,02,J431,350950,3525121187973,3,3.6,0.6
3,1,07,02,J960,350950,3525104399872,8,7.2,0.8
5,3,09,02,J459,353710,3525104435523,1,3.2,2.2
75,3,07,02,J189,352470,3525126432718,7,8.5,1.5
1,3,04,02,J218,350950,3525118378529,4,5.3,1.3
9,1,08,02,J069,353180,3525121231995,4,3.2,0.8
59,1,04,01,J869,350950,3525104331463,17,7.5,9.5
9,1,10,02,J189,350950,3525128187064,7,5.1,1.9
4,1,07,02,J159,355670,3525114265651,3,5.4,2.4
57,3,11,02,J448,353710,3525134931725,2,7.7,5.7
67,3,09,02,J18,350950,3525121267129,31,8.4,22.6
74,1,08,02,J938,350950,3525121248352,5,9.9,4.9
8,3,04,01,J353,352340,3525111547386,1,1.5,0.5
68,1,10,02,J984,350950,3525104479028,2,9.8,7.8
80,3,03,02,J849,350950,3524102910273,12,9.5,2.5
3,3,10,02,J431,350950,3525128187086,4,3.2,0.8
1,3,08,02,J960,350950,3525104414128,4,7.5,3.5
3,3,08,02,J960,353710,3525104417000,4,7.2,3.2
75,1,05,02,J80,350950,3525118421011,3,10.2,7.2
57,1,11,02,J180,352470,3525134389580,5,9.3,4.3
60,1,10,02,J189,352050,3525131797759,12,8.8,3.2
6,1,05,02,J159,350950,3525118408449,5,5.1,0.1
81,3,05,02,J189,354580,3525118976819,11,7.8,3.2
3,1,03,02,J180,350950,3525111682114,6,5.4,0.6
84,3,05,02,J189,350160,3525121521207,2,8.1,6.1
3,3,06,02,J219,350950,3525118446091,12,5.4,6.6
26,1,02,01,J350,353200,3525104650760,2,1.5,0.5
68,3,06,02,J459,353340,3525121420580,6,8.2,2.2
2,3,03,02,J180,354580,3525104632962,7,5.3,1.7
1,3,05,02,J219,350950,3525118416336,3,5.3,2.3
13,3,07,01,J353,355240,3525121622649,2,1.5,0.5
2,1,03,02,J960,354580,3525111507930,2,8.4,6.4
9,3,08,02,J960,350950,3525104416317,2,6.3,4.3
35,3,05,01,J36,351905,3525104353617,1,1.6,0.6
92,3,08,02,J159,350950,3525121232853,3,7.2,4.2
31,1,03,02,J960,355240,3525104659780,6,8.8,2.8
46,1,03,02,J189,351907,3525117326490,6,8.2,2.2
24,1,05,02,J930,350380,3525104334290,5,7.9,2.9
6,3,11,02,J960,350950,3525128231614,4,6.5,2.5
81,3,10,02,J189,352470,3525134389084,14,7.8,6.2
7,1,08,02,J100,350950,3525104417175,4,5.0,1.0
75,1,10,02,J969,354580,3525128659481,30,10.2,19.8
2,1,08,02,J459,350950,3525121241092,3,3.6,0.6
4,1,12,02,J180,350950,3525104982102,10,5.4,4.6
61,3,05,02,J930,352050,3525119138024,4,11.3,7.3
68,3,04,02,J449,350950,3525118384690,2,8.2,6.2
41,1,08,02,J219,350950,3525121227782,9,8.6,0.4
16,3,05,02,J210,350950,3525118422771,3,6.5,3.5
2,3,03,02,J189,355620,3525116078583,4,5.3,1.3
9,1,05,02,J459,350950,3525118423541,8,3.2,4.8
2,1,08,02,J168,350950,3525121263730,5,5.5,0.5
99,3,03,02,J10,350950,3525111651754,13,6.9,6.1
1,1,06,02,J960,350950,3525118448819,3,7.9,4.9
80,3,09,02,J180,350950,3525128178979,6,7.8,1.8
87,3,08,02,J168,353180,3525126072446,1,7.4,6.4
4,3,03,02,J960,350950,3525111683797,2,7.1,5.1
45,1,11,01,J330,352470,3525104876293,1,1.8,0.8
9,3,01,02,J218,352050,3524131576878,4,5.1,1.1
2,1,07,02,J459,350950,3525121223866,3,3.6,0.6
4,1,11,02,J218,352340,3525111588592,1,5.4,4.4
76,1,02,02,J180,350160,3525112456140,3,8.6,5.6
1,1,02,02,J189,355240,3525116094027,3,5.4,2.4
1,1,06,02,J189,350950,3525118454836,2,5.5,3.5
1,1,09,02,J80,350950,3525121269770,3,7.9,4.9
84,1,01,02,J189,350950,3524130874077,13,8.0,5.0
63,3,05,02,J459,350950,3525118418437,2,7.3,5.3
87,1,09,02,J44,350950,3525121267030,27,7.2,19.8
9,3,03,02,J189,355620,3525116078803,3,5.1,2.1
82,3,10,02,J189,350160,3525131765881,13,7.8,5.2
2,1,09,02,J969,351515,3525128467180,12,8.4,3.6
34,3,06,02,J180,352340,3525111559080,2,7.3,5.3
1,1,09,01,J459,350950,3525104456049,1,5.1,4.1
61,3,04,02,J159,352050,3525116058299,8,8.8,0.8
54,1,03,02,J180,350950,3525111671279,24,9.1,14.9
29,3,12,01,J342,350950,3525135785370,1,1.6,0.6
49,1,07,02,J441,352050,3525122796811,3,6.6,3.6
1,1,04,02,J960,350950,3525118368409,2,8.1,6.1
74,1,02,02,J81,350950,3525111618358,18,9.9,8.1
75,1,12,02,J942,350950,3525104516296,13,10.2,2.8
68,1,09,02,J100,352470,3525104438405,7,8.5,1.5
3,3,05,02,J219,350950,3525118402223,8,5.4,2.6
30,1,05,02,J219,350160,3525118637161,5,7.6,2.6
94,3,07,02,J100,350950,3525121190130,10,7.2,2.8
26,1,11,02,J159,350950,3525128234936,2,6.7,4.7
1,3,03,02,J219,350950,3525111674359,6,5.3,0.7
64,3,03,02,J440,350950,3525111655461,16,7.6,8.4
4,3,10,02,J180,350950,3525128222100,2,5.4,3.4
7,1,02,02,J210,351905,3525104625240,8,5.2,2.8
71,1,10,02,J189,353650,3525133191635,3,8.5,5.5
4,1,11,02,J210,355240,3525104935418,5,5.4,0.4
0,1,12,02,J64,350950,3525135821251,5,11.1,6.1
5,3,11,01,J353,352340,3525000486623,1,1.5,0.5
2,1,04,02,J210,354580,3525104686257,2,5.5,3.5
89,1,08,02,J849,352050,3525126519805,1,7.8,6.8
1,1,06,02,J219,352470,3525124148326,7,5.5,1.5
55,1,08,02,J180,353710,3525125213016,6,9.5,3.5
33,1,05,02,J189,350950,3525118376880,4,8.5,4.5
57,3,08,02,J90,355240,3525104830335,4,8.8,4.8
18,3,01,02,J960,352050,3524131576625,5,7.3,2.3
85,3,05,02,J159,355670,3525114257269,10,7.8,2.2
75,1,05,02,J449,355620,3525121148087,5,8.6,3.6
5,1,01,02,J041,350950,3524130864540,8,3.2,4.8
14,1,08,02,J458,350950,3525121233612,5,3.3,1.7
1,1,07,02,J960,355240,3525126437239,6,7.9,1.9
7,3,04,02,J219,350950,3525118371522,4,5.1,1.1
59,3,05,02,J189,352050,3525119134196,6,8.5,2.5
21,3,01,02,J189,353650,3525111773216,12,5.6,6.4
80,1,12,02,J189,352050,3525134287301,4,7.9,3.9
9,1,02,02,J459,352050,3525111478042,3,3.2,0.2
5,3,06,02,J189,352340,3525111555691,5,5.3,0.3
7,3,06,02,J431,350950,3525118452230,4,3.2,0.8
15,3,01,02,J040,350950,3525111606885,1,3.2,2.2
67,3,08,02,J960,350950,3525121202340,11,9.5,1.5
1,1,07,02,J180,350160,3525125929204,4,5.5,1.5
2,1,05,02,J218,354580,3525118980075,4,5.5,1.5
72,3,06,02,J960,355240,3525120500462,4,9.7,5.7
3,3,08,02,J219,350950,3525121251630,1,5.4,4.4
8,3,09,02,J110,350160,3525128650659,4,5.1,1.1
54,3,11,02,J180,350950,3525128244363,11,8.1,2.9
8,3,06,02,J960,355240,3525120499208,8,6.5,1.5
89,3,08,02,J189,350160,3525128570051,1,7.4,6.4
70,3,09,02,J90,352050,3525126518837,12,9.7,2.3
54,1,12,02,J60,355620,3525135137777,20,10.5,9.5
1,3,04,02,J219,350950,3525118371588,2,5.3,3.3
26,1,02,02,J36,355240,3524102902232,1,3.4,2.4
90,3,07,02,J180,353200,3525113709040,4,7.5,3.5
85,1,02,02,J90,350160,3525116079650,3,10.1,7.1
55,3,05,02,J189,352050,3525119125616,9,8.1,0.9
1,1,10,02,J219,352470,3525130108478,2,5.4,3.4
81,1,02,02,J150,350950,3525111626135,4,7.9,3.9
6,3,04,02,J180,350950,3525118381961,11,5.1,5.9
70,1,06,02,J159,350950,3525121175015,4,8.6,4.6
55,1,04,02,J159,350950,3525118393401,6,9.3,3.3
3,3,04,02,J219,350950,3525118390717,4,5.4,1.4
78,3,08,02,J931,352050,3525126518420,4,9.6,5.6
72,1,11,02,J189,350160,3525134329728,2,8.5,6.5
10,1,03,02,J210,350950,3525111655472,6,5.0,1.0
85,1,02,02,J690,352340,3525111534758,10,10.1,0.1
1,1,07,02,J188,354580,3525118990338,4,5.5,1.5
3,1,11,02,J181,351907,3525135166465,7,5.4,1.6
28,1,09,01,J189,355240,3525104442145,15,8.9,6.1
2,1,05,02,J219,350160,3525121519942,3,5.5,2.5
64,3,07,02,J449,350950,3525121189140,8,7.8,0.2
6,1,10,02,J961,350950,3525128223045,8,6.6,1.4
74,1,01,02,J449,353650,3524128681689,4,8.6,4.6
83,1,08,02,J159,352470,3525128320241,5,7.9,2.9
42,3,04,02,J189,352340,3525111544548,3,7.1,4.1
39,1,06,02,J949,355240,3525104750233,9,9.5,0.5
6,3,04,02,J848,352050,3525116073710,8,6.5,1.5
76,3,06,02,J180,352050,3525122782610,7,8.5,1.5
1,3,12,02,J80,350950,3525135805587,6,7.5,1.5
1,1,08,02,J189,350950,3525121237495,6,5.5,0.5
87,1,03,02,J189,351515,3525114509510,5,7.4,2.4
10,1,07,02,J960,350950,3525104391336,7,6.0,1.0
7,3,06,02,J189,354580,3525118986390,4,5.1,1.1
54,1,08,02,J189,350950,3525125213225,5,9.1,4.1
68,1,07,02,J189,350160,3525125928731,1,8.5,7.5
66,1,11,02,J189,352340,3525111587272,1,8.4,7.4
7,3,09,01,J068,355620,3525104439406,2,2.8,0.8
58,3,05,02,J181,350950,3525118434630,2,8.5,6.5
20,3,05,02,J189,351905,3525122821088,2,6.4,4.4
35,3,08,01,J342,350950,3525121255986,1,1.6,0.6
4,1,12,01,J353,350950,3525135795599,1,1.6,0.6
4,1,05,02,J219,355240,3525120494049,7,5.4,1.6
42,3,04,02,J91,352050,3525119118390,9,7.9,1.1
4,3,07,02,J188,350950,3525121204891,6,5.4,0.6
11,1,03,02,J458,350160,3525118628163,2,3.1,1.1
1,1,07,02,J218,350950,3525121189315,17,5.5,11.5
3,3,05,02,J180,353180,3525104719851,4,5.4,1.4
46,1,07,02,J189,350160,3525121525915,4,8.2,4.2
72,1,04,02,J81,353710,3525117221329,7,10.0,3.0
90,1,11,02,J159,352050,3525131804227,8,7.5,0.5
20,1,05,02,J128,353650,3525120495380,3,6.6,3.6
75,3,07,02,J449,352050,3525122803917,7,7.9,0.9
37,1,08,02,J90,350950,3525121245316,3,8.5,5.5
64,3,08,02,J40,350950,3525121227640,7,7.8,0.8
9,1,11,02,J218,350950,3525128251744,4,5.1,1.1
10,1,08,02,J210,350950,3525121263818,2,5.0,3.0
80,3,03,02,J960,352050,3525116057551,8,9.5,1.5
5,1,09,02,J459,350950,3525128162237,2,3.2,1.2
65,1,09,02,J91,352340,3525111575920,5,9.7,4.7
2,3,08,02,J219,355240,3525104805464,6,5.3,0.7
55,1,11,02,J189,350160,3525134325955,3,9.3,6.3
6,3,05,02,J159,350950,3525118408372,11,5.1,5.9
3,1,12,02,J158,355240,3525104967461,9,5.4,3.6
62,1,10,02,J180,350950,3525121256635,12,8.7,3.3
11,1,02,02,J189,354580,3525111499074,2,5.0,3.0
1,3,12,02,J180,350950,3525135794257,3,5.3,2.3
11,3,06,02,J459,350950,3525118464648,3,3.2,0.2
13,3,07,02,J189,352050,3525122801013,6,6.2,0.2
7,3,05,02,J431,350950,3525118425763,3,3.2,0.2
82,3,01,02,J15,350950,3524130862175,2,7.8,5.8
5,1,07,02,J960,355240,3525104794695,6,6.7,0.7
8,1,02,02,J459,353180,3525104623458,2,3.2,1.2
47,1,12,02,J90,350950,3525104511742,2,10.5,8.5
8,1,05,02,J459,355240,3525104717530,2,3.2,1.2
67,1,02,02,J449,350950,3525111632801,6,8.4,2.4
34,3,01,02,J81,350950,3525111603904,6,9.2,3.2
5,3,03,02,J210,350160,3525104660088,2,5.3,3.3
6,3,05,02,J219,352470,3525119543000,3,5.1,2.1
8,1,08,02,J189,354580,3525128645071,3,5.0,2.0
96,3,01,02,J21,350950,3524130857709,5,7.2,2.2
30,1,10,02,J180,350950,3525112595279,29,7.6,21.4
63,1,10,02,J449,350950,3525128213189,5,7.8,2.8
76,3,06,02,J189,354580,3525118985146,5,8.5,3.5
3,1,11,02,J068,355240,3525104490303,1,3.4,2.4
15,3,09,02,J068,350950,3525121271232,1,3.0,2.0
1,1,10,02,J189,354580,3525128652628,2,5.4,3.4
2,3,12,02,J984,350950,3525135805554,8,7.2,0.8
81,3,04,02,J441,355240,3525104693627,20,7.6,12.4
7,1,06,02,J188,350950,3525121180141,11,5.0,6.0
59,1,06,02,J449,355240,3525120501991,12,9.1,2.9
5,3,09,02,J459,350950,3525128165768,3,3.2,0.2
56,1,03,02,J81,352050,3525116045880,4,10.8,6.8
10,3,09,02,J159,350160,3525131758269,5,5.1,0.1
4,3,01,02,J960,355240,3524128681788,4,7.1,3.1
3,3,06,02,J980,350950,3525118449072,2,7.2,5.2
58,1,03,02,J189,350950,3525111682510,24,9.2,14.8
1,1,09,02,J80,353180,3525121268625,30,7.9,22.1
64,1,09,02,J81,355240,3525128163381,6,9.7,3.7
28,1,01,02,J80,350950,3524130859800,6,8.2,2.2
79,3,03,02,J180,350160,3525116086602,2,8.0,6.0
58,1,05,02,J180,350160,3525118637304,21,9.2,11.8
15,3,06,02,J960,350950,3525121180999,30,8.4,21.6
1,1,05,02,J210,350950,3525118420758,3,5.4,2.4
41,3,05,02,J189,350950,3525118416974,2,7.0,5.0
6,3,02,02,J459,353200,3525113707973,1,3.2,2.2
78,1,05,02,J180,350950,3525118403983,10,8.1,1.9
76,3,06,02,J189,354580,3525125925365,4,8.5,4.5
4,3,01,02,J189,351907,3525111772237,3,5.4,2.4
8,1,03,01,J353,350950,3525111639797,1,1.5,0.5
3,1,03,02,J158,354580,3525104653620,2,5.4,3.4
93,3,03,02,J189,352050,3525111477360,21,7.1,13.9
51,1,01,01,J342,351907,3525104600710,1,1.7,0.7
10,3,12,02,J068,350950,3525135814520,1,3.4,2.4
1,1,04,02,J218,350950,3525118378023,5,5.4,0.4
93,3,12,02,J181,350950,3525135827323,3,7.1,4.1
74,3,08,02,J189,355620,3525125780495,20,8.4,11.6
75,1,11,02,J180,353200,3525111589758,6,8.6,2.6
26,1,02,02,J938,350950,3524130880644,9,8.2,0.8
1,3,03,02,J458,350950,3525111670278,2,3.9,1.9
37,1,07,02,J960,350950,3525121199325,31,8.5,22.5
27,3,05,01,J342,352340,3525104740355,2,1.6,0.4
69,3,04,02,J960,353650,3525118894363,29,9.8,19.2
2,3,04,02,J189,352340,3525111545769,8,5.3,2.7
1,3,10,02,J069,350380,3525126318285,5,3.4,1.6
89,1,08,02,J91,351280,3525126844020,1,7.8,6.8
43,3,01,02,J450,350950,3524130865882,6,5.7,0.3
2,3,02,02,J960,350950,3524130864947,9,7.2,1.8
75,3,09,02,J441,350950,3525104439549,5,7.9,2.9
10,3,02,02,J189,353340,3525114057201,4,5.1,1.1
9,1,01,02,J219,353650,3525111777726,1,5.1,4.1
67,1,07,02,J189,350950,3525121211689,8,8.5,0.5
4,1,08,02,J960,355240,3525126438372,2,7.2,5.2
73,3,04,02,J90,352050,3525116062754,5,9.7,4.7
72,3,07,02,J189,350950,3525121151134,29,8.5,20.5
9,1,05,02,J45,353650,3525118899434,5,3.2,1.8
29,3,04,01,J342,350950,3525104694221,1,1.6,0.6
3,1,06,02,J180,350160,3525121521900,3,5.4,2.4
73,1,08,02,J449,355670,3525123475577,6,8.1,2.1
65,3,03,02,J189,355620,3525116075261,11,8.3,2.7
29,3,06,02,J80,350950,3525118461469,4,7.8,3.8
2,1,05,02,J960,353650,3525120497305,4,8.4,4.4
87,3,09,02,J158,350950,3525104436513,6,7.4,1.4
1,3,11,02,J80,350950,3525128237081,4,7.5,3.5
1,1,09,02,J459,353650,3525133188291,3,4.1,1.1
1,1,03,02,J459,350950,3525111656297,1,4.1,3.1
90,3,09,02,J90,353650,3525133188225,9,8.5,0.5
4,1,06,02,J980,350950,3525118464098,2,7.2,5.2
1,3,12,02,J188,350950,3525135799955,2,5.3,3.3
1,3,04,02,J988,350950,3525118368937,2,7.5,5.5
53,1,05,02,J188,350950,3525118416930,6,8.5,2.5
85,3,06,02,J068,350950,3525104375331,1,5.5,4.5
60,3,07,02,J90,353340,3525121421701,4,11.2,7.2
1,1,11,02,J188,355240,3525127914858,7,5.4,1.6
1,3,04,02,J180,355240,3525104695167,6,5.3,0.7
67,3,01,02,J16,350950,3524130822058,26,8.4,17.6
11,1,11,02,J180,351907,3525104936595,9,5.0,4.0
63,1,04,02,J449,350950,3525118372182,4,7.8,3.8
1,1,04,02,J218,350950,3525118372292,5,5.4,0.4
8,1,05,02,J80,353710,3525118421220,5,6.2,1.2
2,3,05,02,J431,350950,3525118416182,3,3.4,0.4
73,3,05,02,J449,355670,3525114258480,5,8.1,3.1
4,1,06,02,J45,350950,3525118444639,1,3.3,2.3
2,3,08,02,J180,350950,3525121233117,9,5.3,3.7
10,3,01,02,J189,352340,3525111532239,5,5.1,0.1
81,1,09,02,J189,352470,3525130107719,6,7.9,1.9
60,3,10,02,J219,350950,3525128201177,30,8.9,21.1
69,3,08,02,J180,350160,3525128572834,10,8.5,1.5
3,1,01,02,J960,350380,3524102876503,30,7.2,22.8
1,1,05,02,J189,352470,3525119543022,3,5.4,2.4
75,1,12,02,J441,350950,3525135823242,3,8.6,5.6
8,1,10,02,J219,350950,3525128222264,2,5.1,3.1
79,3,08,02,J189,350950,3525121251850,4,8.0,4.0
4,1,02,01,J353,352340,3525111534384,1,1.6,0.6
93,3,05,02,J960,355240,3525104718311,12,6.4,5.6
33,1,02,02,J18,350950,3525111630865,7,8.5,1.5
68,1,11,02,J189,350160,3525134329871,8,8.5,0.5
10,1,11,02,J459,355240,3525104939060,3,3.1,0.1
1,3,04,02,J980,350950,3525111692025,1,7.5,6.5
84,1,01,02,J180,350950,3525111601430,7,8.0,1.0
75,1,05,02,J189,353650,3525120494786,4,8.6,4.6
56,3,04,02,J90,350950,3525119449258,11,9.8,1.2
2,1,11,02,J068,351907,3525104495814,1,3.6,2.6
1,3,07,02,J219,350950,3525121188105,8,5.4,2.6
89,1,06,02,J189,350950,3525121175675,5,7.3,2.3
12,3,12,02,J459,355670,3525123492660,4,3.3,0.7
68,1,12,02,J189,352470,3525135933517,4,8.5,4.5
2,3,09,02,J459,351907,3525129003616,7,3.4,3.6
1,3,04,02,J219,355240,3525104692714,3,5.3,2.3
1,3,12,02,J80,350950,3525135828830,5,7.5,2.5
4,1,10,02,J219,352050,3525131790554,6,5.4,0.6
10,1,07,02,J180,352050,3525122797570,22,5.0,17.0
51,3,01,02,J90,355240,3525104599742,6,10.1,4.1
5,3,07,02,J960,350950,3525104385320,2,6.6,4.6
56,3,03,02,J181,350950,3525111674183,3,8.1,5.1
41,1,01,02,J189,352050,3525111457857,9,8.3,0.7
6,1,09,02,J158,350950,3525121268911,8,5.1,2.9
52,3,01,01,J931,350950,3524130870128,4,6.8,2.8
2,1,09,02,J960,350950,3525121247054,19,8.4,10.6
36,3,01,02,J189,350950,3524130848095,12,8.2,3.8
5,1,12,02,J459,355240,3525104942546,2,3.2,1.2
46,3,09,02,J189,350950,3525128155615,4,7.9,3.9
73,1,10,02,J180,352470,3525132978642,9,8.5,0.5
66,1,08,02,J189,350160,3525128571976,8,8.4,0.4
1,1,12,02,J960,351907,3525104942865,8,8.1,0.1
3,3,10,02,J110,352470,3525132977960,4,5.4,1.4
66,1,08,02,J989,350160,3525125933582,18,9.7,8.3
5,1,11,02,J219,350950,3525128238401,1,5.3,4.3
11,1,07,02,J210,355240,3525104756976,4,5.0,1.0
26,1,05,02,J189,350950,3525118407811,10,6.7,3.3
5,1,06,02,J219,350950,3525118462734,4,5.3,1.3
68,1,05,02,J189,352050,3525119142281,1,8.5,7.5
47,3,08,02,J938,350950,3525121231357,6,10.3,4.3
10,1,03,02,J359,353650,3525118891437,3,3.3,0.3
33,1,05,02,J961,352050,3525116069520,26,9.6,16.4
5,1,06,02,J960,353180,3525104751784,2,6.7,4.7
36,3,06,02,J90,350950,3525118441031,3,8.8,5.8
1,3,08,02,J210,350950,3525121233535,9,5.4,3.6
59,1,04,02,J180,350950,3525111689572,6,9.5,3.5
2,1,06,02,J180,350160,3525121524100,13,5.5,7.5
4,1,05,02,J960,350950,3525118425521,11,7.2,3.8
50,1,03,02,J90,350950,3525111674733,7,10.4,3.4
63,3,01,02,J189,354580,3525111497677,5,8.2,3.2
77,1,12,01,J189,350380,3525129390959,28,9.7,18.3
5,3,04,02,J210,352050,3525116066934,3,5.3,2.3
56,1,08,02,J960,355240,3525104406714,11,10.9,0.1
63,1,06,02,J180,351280,3525104363066,4,8.3,4.3
2,1,12,02,J219,355240,3525104969485,2,5.5,3.5
5,3,10,02,J960,350950,3525128221747,2,6.5,4.5
2,1,05,02,J80,351907,3525111691222,30,8.4,21.6
93,1,10,02,J180,352340,3525111580672,1,7.3,6.3
27,3,12,01,J342,354580,3525104965987,1,1.6,0.6
88,1,06,02,J189,350950,3525118452669,5,7.3,2.3
95,3,06,02,J189,350160,3525121526333,21,7.2,13.8
31,3,09,02,J189,351907,3525131903887,8,6.9,1.1
84,3,08,02,J189,353650,3525126441815,2,8.1,6.1
5,1,08,02,J218,351907,3525121239904,3,5.3,2.3
11,1,03,02,J189,354580,3525111508897,3,5.0,2.0
48,1,03,02,J938,355620,3525116078759,5,10.4,5.4
8,3,10,02,J960,350950,3525104459228,4,6.3,2.3
1,1,04,01,J985,355240,3525104323664,17,8.9,8.1
1,3,07,02,J960,355240,3525126435380,2,7.5,5.5
1,3,02,02,J189,352050,3525111479318,3,5.3,2.3
1,1,03,01,J960,350950,3525111676152,4,8.9,4.9
30,1,07,02,J955,351280,3525104398475,18,9.3,8.7
10,3,03,02,J46,355620,3525116079100,4,3.2,0.8
76,3,05,02,J159,350950,3525118414180,5,8.6,3.6
3,1,04,02,J219,350950,3525118377847,2,5.4,3.4
7,1,06,02,J068,350950,3525118444595,2,3.2,1.2
39,3,09,02,J189,352470,3525130108830,6,7.1,1.1
74,1,10,02,J189,352050,3525131797506,5,8.5,3.5
99,1,09,02,J189,355620,3525128558765,7,6.4,0.6
73,3,08,02,J80,350950,3525121241664,2,9.7,7.7
7,3,12,02,J210,350950,3525135821328,3,5.1,2.1
17,3,09,02,J189,355620,3525128559535,5,6.5,1.5
38,3,03,02,J459,350160,3525116085414,1,5.8,4.8
59,1,03,02,J16,350950,3525111669145,4,9.5,5.5
7,3,12,02,J459,350950,3525135807710,3,3.2,0.2
4,3,11,02,J459,350950,3525135788922,8,3.2,4.8
67,1,01,02,J90,350950,3524132023104,12,9.7,2.3
1,1,09,02,J210,350950,3525121272882,7,5.5,1.5
57,3,11,02,J441,353180,3525133165763,3,7.7,4.7
2,3,08,02,J039,350950,3525121230499,2,3.4,1.4
6,3,06,02,J210,350950,3525121182210,2,5.1,3.1
9,1,09,01,J352,351280,3525104442827,3,1.5,1.5
76,3,02,02,J189,353650,3525116092784,9,8.6,0.4
10,1,07,02,J041,351905,3525104799337,5,3.2,1.8
11,1,04,02,J189,350950,3525118382027,6,5.0,1.0
8,3,10,01,J350,350950,3525128172324,1,1.5,0.5
1,3,09,02,J189,352050,3525126528935,4,5.4,1.4
6,3,07,02,J219,350950,3525121191911,3,5.1,2.1
8,1,08,02,J459,350950,3525121260320,6,3.2,2.8
2,3,04,02,J219,354580,3525111508699,2,5.3,3.3
3,3,04,02,J218,352340,3525111546077,6,5.4,0.6
87,1,03,02,J189,355620,3525116078880,4,7.4,3.4
2,3,10,02,J189,354580,3525128652144,5,5.3,0.3
4,3,11,02,J450,350950,3525128230492,2,3.2,1.2
2,3,07,02,J210,350950,3525121208400,3,5.3,2.3
32,1,12,02,J93,350950,3525135815696,1,8.8,7.8
7,1,05,02,J459,355240,3525104715044,1,3.2,2.2
2,1,07,02,J188,350950,3525121210260,4,5.5,1.5
20,3,05,01,J330,350950,3525118438655,7,1.5,5.5
68,3,09,02,J449,353200,3525113709470,1,8.2,7.2
2,1,12,02,J219,350950,3525135792090,9,5.5,3.5
30,1,03,02,J159,355670,3525114247226,5,7.6,2.6
1,3,09,02,J960,351907,3525104435633,2,7.5,5.5
1,3,04,02,J210,351907,3525118396657,6,5.3,0.7
2,1,11,02,J459,355670,3525123490383,5,3.6,1.4
1,3,09,02,J180,355240,3525104870034,2,5.4,3.4
52,1,06,02,J189,354580,3525118983353,6,8.8,2.8
4,1,06,02,J218,352340,3525111556923,5,5.4,0.4
75,1,09,02,J18,350950,3525128179067,6,8.6,2.6
83,3,01,02,J188,350160,3525112449420,2,7.8,5.8
56,1,08,02,J91,352340,3525104408012,5,10.9,5.9
10,3,02,02,J459,355240,3525104629684,2,3.2,1.2
10,1,04,02,J210,350950,3525118380762,1,5.0,4.0
71,1,05,02,J189,353650,3525118900204,2,8.5,6.5
5,3,06,02,J219,350950,3525118461249,20,5.3,14.7
8,1,06,02,J209,350950,3525118413773,2,5.0,3.0
1,1,10,02,J451,355670,3525123485851,2,4.1,2.1
3,3,03,02,J189,354580,3525111509140,2,5.4,3.4
83,3,09,02,J189,351907,3525131905185,9,7.8,1.2
52,1,11,02,J80,350950,3525135789890,6,10.4,4.4
2,1,05,02,J210,353650,3525120495215,3,5.5,2.5
4,3,04,02,J218,350950,3525118383787,6,5.4,0.6
9,1,11,02,J110,354580,3525128658766,4,5.1,1.1
89,3,12,02,J158,350950,3525135801748,2,7.4,5.4
88,3,06,02,J189,355670,3525114264870,7,7.4,0.4
5,1,11,02,J960,353180,3525104490600,3,6.6,3.6
53,1,10,02,J188,350950,3525128212529,6,8.5,2.5
6,1,12,02,J80,352340,3525135801540,7,6.6,0.4
26,1,08,02,J80,350950,3525121242896,5,8.0,3.0
4,3,06,02,J219,350950,3525118466012,2,5.4,3.4
91,1,11,02,J189,355620,3525133624408,4,7.0,3.0
31,3,07,01,J342,352340,3525104813758,2,1.6,0.4
67,1,05,02,J18,353180,3525120887497,2,8.5,6.5
7,3,05,02,J459,350950,3525118414730,2,3.2,1.2
1,1,11,02,J90,355240,3525104939170,11,8.1,2.9
2,3,01,02,J180,351907,3525114197870,6,5.3,0.7
3,1,07,02,J219,350950,3525121206057,30,5.4,24.6
2,3,11,02,J189,352340,3525111588416,4,5.3,1.3
2,3,08,02,J188,351907,3525129002186,2,5.3,3.3
1,1,02,02,J459,355670,3524132025293,4,4.1,0.1
1,1,07,02,J218,350950,3525104390885,4,5.5,1.5
93,3,08,02,J189,351280,3525126842710,1,7.2,6.2
37,1,06,02,J189,352340,3525111559145,1,8.4,7.4
74,1,04,02,J449,352340,3525111543976,15,8.6,6.4
69,1,08,02,J180,353180,3525126071797,6,8.6,2.6
11,1,11,02,J960,352470,3525104490259,2,6.1,4.1
94,3,05,02,J189,350950,3525118407778,5,7.0,2.0
4,1,01,02,J969,351907,3524102885292,5,7.2,2.2
5,1,05,01,J353,352340,3525111550862,1,1.5,0.5
76,1,12,02,J960,350950,3525135820570,9,10.0,1.0
5,3,06,02,J459,350950,3525118435950,4,3.2,0.8
16,3,11,02,J80,350950,3525128227654,7,7.8,0.8
59,1,02,01,J323,353340,3525104602789,1,1.6,0.6
53,3,06,02,J159,353650,3525120499000,1,7.9,6.9
2,1,02,02,J189,354580,3525111501714,2,5.5,3.5
25,1,08,02,J80,350950,3525121266194,5,8.0,3.0
50,1,01,02,J159,350950,3524102884038,14,8.9,5.1
3,3,12,02,J180,354580,3525104966196,14,5.4,8.6
70,3,03,02,J91,350950,3524130880721,11,9.8,1.2
1,3,04,02,J40,350950,3525118381939,4,3.9,0.1
10,1,07,02,J459,350950,3525121180064,2,3.1,1.1
1,3,04,02,J189,350950,3525118393258,2,5.3,3.3
9,1,08,02,J960,353650,3525126438658,7,6.2,0.8
52,1,10,02,J189,350950,3525128209724,41,9.0,32.0
1,3,03,02,J218,352050,3525116052029,4,5.3,1.3
75,1,03,02,J180,355240,3525104631114,5,8.6,3.6
8,1,08,02,J960,352050,3525126511490,4,6.4,2.4
6,3,05,02,J219,352340,3525104350229,6,5.1,0.9
69,3,09,02,J180,350950,3525128167891,5,8.5,3.5
9,3,04,02,J459,351907,3525119448609,6,3.2,2.8
40,3,06,02,J180,350950,3525118450843,1,6.7,5.7
60,3,01,02,J449,353650,3524128681557,7,7.7,0.7
69,1,03,02,J189,354580,3525111505740,4,8.5,4.5
7,1,09,02,J459,353340,3525130495744,2,3.2,1.2
81,1,07,02,J180,350950,3525121212030,8,7.9,0.1
26,3,01,02,J36,352050,3525111457791,4,3.3,0.7
23,3,08,02,J960,350950,3525121259165,2,7.9,5.9
28,1,08,02,J969,351907,3525121233216,6,8.2,2.2
44,1,02,02,J91,350950,3524130880810,7,8.6,1.6
45,3,10,02,J960,350950,3525128224222,29,9.2,19.8
25,3,05,02,J189,350950,3525118401926,9,6.5,2.5
72,3,05,02,J81,355670,3525114259194,4,9.7,5.7
76,1,08,02,J189,352050,3525126520916,2,8.6,6.6
1,3,12,02,J218,350950,3525130757600,5,5.3,0.3
1,1,10,02,J189,350950,3525104459877,5,5.4,0.4
4,1,05,02,J218,353340,3525121419237,4,5.4,1.4
6,1,11,02,J351,351907,3525104489577,4,3.3,0.7
44,1,03,02,J180,350950,3525115166023,2,8.0,6.0
2,1,02,02,J458,350950,3525111647959,3,3.6,0.6
12,1,12,01,J353,352340,3525137339450,1,1.5,0.5
2,1,10,02,J459,350950,3525128194951,5,3.6,1.4
5,1,09,02,J459,350950,3525104444565,5,3.2,1.8
56,3,08,02,J90,352050,3525122804071,5,9.8,4.8
94,3,06,02,J00,350950,3525118442153,1,4.7,3.7
6,3,11,02,J219,355620,3525133624298,3,5.1,2.1
54,3,01,02,J938,351907,3525114200927,3,9.9,6.9
53,3,02,02,J189,350950,3525111618480,6,7.9,1.9
24,3,02,02,J188,350950,3525100234249,7,6.5,0.5
2,1,04,02,J180,350950,3525111697745,2,5.5,3.5
7,3,04,02,J189,350950,3525111689033,2,5.1,3.1
57,3,06,02,J449,353340,3525121421460,4,7.7,3.7
11,3,05,02,J219,355620,3525118471809,4,5.1,1.1
4,1,07,02,J980,350950,3525104392590,4,7.2,3.2
58,1,04,02,J955,351907,3525119451205,3,11.8,8.8
73,3,08,02,J189,350950,3525128554200,7,8.5,1.5
10,3,05,02,J458,350160,3525118636480,4,3.2,0.8
23,1,09,02,J189,352340,3525111576954,10,6.7,3.3
53,3,10,02,J459,352050,3525104475684,9,6.1,2.9
67,3,05,02,J189,351280,3525117220801,18,8.4,9.6
3,3,07,02,J181,351907,3525127045176,15,5.4,9.6
1,3,08,02,J459,350950,3525104414140,2,3.9,1.9
1,1,04,02,J80,350950,3525118371896,3,8.1,5.1
34,3,07,02,J189,350950,3525121196553,1,7.3,6.3
1,1,07,02,J960,353650,3525126435578,4,7.9,3.9
71,3,10,02,J18,350950,3525128213134,1,8.5,7.5
6,1,04,02,J80,350950,3525118385921,3,6.6,3.6
75,3,09,02,J18,350950,3525128155065,12,8.5,3.5
62,1,09,02,J180,350950,3525128168045,8,8.8,0.8
65,1,12,02,J188,352340,3525104509982,6,8.4,2.4
11,3,11,02,J158,351907,3525104499389,1,5.1,4.1
63,1,08,02,J18,350950,3525121235185,10,8.3,1.7
71,3,07,02,J969,354580,3525128641573,30,9.7,20.3
63,3,08,02,J449,353650,3525126438559,1,7.7,6.7
2,1,08,02,J988,355240,3525104415085,7,8.4,1.4
68,1,04,02,J91,352050,3525116066703,8,9.8,1.8
90,1,12,02,J189,350950,3525135827334,3,7.5,4.5
1,1,08,02,J960,353650,3525104407902,8,7.9,0.1
2,3,07,02,J80,350950,3525121222315,19,7.3,11.7
70,3,05,02,J449,353650,3525120494710,10,8.1,1.9
4,1,10,02,J219,352470,3525132978510,1,5.4,4.4
87,3,03,02,J189,353340,3525114058972,16,7.4,8.6
1,3,12,02,J159,352050,3525134289281,4,5.3,1.3
82,3,10,02,J189,350950,3525128212991,6,7.8,1.8
5,3,05,02,J188,350950,3525118415973,33,5.3,27.7
38,3,04,02,J180,353200,3525113708303,1,6.8,5.8
50,1,05,02,J449,355670,3525114257600,6,6.3,0.3
5,3,10,02,J189,355620,3525133622582,2,5.3,3.3
4,1,04,02,J189,352340,3525100251068,11,5.4,5.6
87,3,09,02,J128,355240,3525126443938,4,7.4,3.4
75,3,03,02,J690,350950,3525111673721,5,9.9,4.9
42,3,06,02,J36,350950,3525104361031,1,4.5,3.5
25,1,05,02,J210,355240,3525104718080,6,6.7,0.7
58,1,11,01,J323,354580,3525104916872,1,1.6,0.6
20,1,01,02,J459,353650,3525111771995,2,3.3,1.3
47,1,05,02,J90,353650,3525104326250,9,10.5,1.5
58,3,10,02,J188,350950,3525128209944,9,8.5,0.5
1,1,05,02,J219,350950,3525118408603,2,5.4,3.4
75,3,05,02,J159,352050,3525119121425,10,8.6,1.4
12,1,04,02,J210,353180,3525104694969,6,6.1,0.1
89,1,03,02,J189,351280,3525117218161,3,7.4,4.4
4,3,01,02,J189,350950,3524102886018,17,5.4,11.6
74,3,03,02,J449,355620,3525116078100,5,8.1,3.1
71,3,05,02,J189,350950,3525118433485,3,8.5,5.5
10,1,06,02,J459,355240,3525104749287,3,3.1,0.1
3,1,09,02,J450,350950,3525121272827,5,3.3,1.7
5,1,05,02,J21,350950,3525118437357,6,5.3,0.7
56,3,01,02,J81,350950,3525111614574,2,9.8,7.8
89,1,05,02,J189,351280,3525122821748,5,7.4,2.4
64,1,10,02,J91,352340,3525111581960,5,9.7,4.7
6,3,02,02,J80,350950,3525111650720,3,6.5,3.5
4,3,08,02,J180,355670,3525123473784,1,5.4,4.4
57,1,06,02,J441,350950,3525121175543,2,8.6,6.6
61,1,03,02,J440,350950,3525111665119,9,7.5,1.5
1,3,07,02,J189,354580,3525118990822,7,5.4,1.6
2,1,06,02,J218,350950,3525118413751,7,5.5,1.5
8,3,08,02,J960,350950,3525126438273,32,6.5,25.5
27,3,11,02,J180,350160,3525136709930,16,7.1,8.9
82,1,06,02,J189,353710,3525125211520,3,7.9,4.9
72,3,09,02,J158,355240,3525104835626,16,8.5,7.5
10,1,11,02,J989,352050,3525134278138,3,6.0,3.0
9,1,05,02,J80,350950,3525118417645,3,6.2,3.2
6,3,12,02,J431,350950,3525135820460,3,3.2,0.2
91,3,06,02,J159,350950,3525118466408,14,7.2,6.8
70,3,04,02,J449,355670,3525114249844,28,8.1,19.9
43,1,12,02,J180,350950,3525135800483,9,8.0,1.0
8,1,04,02,J210,354580,3525111510261,4,5.1,1.1
12,3,07,02,J159,352050,3525122802751,3,6.2,3.2
1,3,12,02,J180,353340,3525130499605,3,5.3,2.3
75,3,04,02,J960,352050,3525116053591,9,9.9,0.9
11,3,09,02,J431,350950,3525121267382,4,3.2,0.8
39,1,09,02,J969,350950,3525128164008,8,9.5,1.5
5,1,01,02,J459,350950,3524130865057,6,3.2,2.8
7,1,05,02,J218,354580,3525118975653,3,5.2,2.2
6,1,04,02,J219,350950,3525118380861,5,5.1,0.1
68,1,03,01,J342,352050,3525104666611,2,1.5,0.5
6,1,07,02,J219,353650,3525126437591,5,5.1,0.1
10,1,11,02,J960,355240,3525104508850,6,6.0,0.0
63,1,11,02,J189,355620,3525133626663,7,8.2,1.2
5,1,04,02,J80,350950,3525111690694,5,6.6,1.6
76,3,11,02,J180,353200,3525133184683,4,8.6,4.6
71,3,06,02,J18,350950,3525118460985,7,8.5,1.5
68,3,01,02,J100,355620,3524132712881,5,8.5,3.5
47,1,09,02,J219,352050,3525104454014,3,8.7,5.7
1,3,11,02,J210,350950,3525135787690,2,5.3,3.3
49,1,03,01,J180,354580,3525115445621,5,8.2,3.2
13,1,05,02,J180,350950,3525118421352,8,6.1,1.9
61,3,06,02,J449,355670,3525114264254,2,7.0,5.0
89,3,06,02,J189,352050,3525122781576,4,7.4,3.4
73,1,04,02,J189,352470,3525117280971,1,8.5,7.5
99,3,03,02,J189,350950,3525111682202,3,6.9,3.9
8,1,09,02,J969,352050,3525126522940,4,6.4,2.4
59,1,03,02,J384,350950,3525111659036,10,4.9,5.1
8,3,06,02,J188,350160,3525117357025,2,5.1,3.1
69,3,01,02,J189,353710,3525111698394,4,8.5,4.5
54,1,06,02,J128,352050,3525119142380,6,9.1,3.1
9,3,05,02,J960,350380,3525104344938,6,6.3,0.3
95,3,05,02,J18,350950,3525118434552,11,7.1,3.9
9,3,05,02,J960,350950,3525104347875,3,6.3,3.3
3,1,04,02,J960,350160,3525118893637,6,7.2,1.2
67,3,05,02,J189,350950,3525104336688,10,8.4,1.6
1,1,10,02,J189,352340,3525111584181,3,5.4,2.4
73,3,07,02,J960,352050,3525104381876,4,9.7,5.7
54,1,09,02,J942,355620,3525123478866,1,10.6,9.6
1,1,05,02,J219,351907,3525121413814,2,5.4,3.4
8,3,09,02,J450,350950,3525128163799,3,3.2,0.2
6,3,08,02,J180,350950,3525104804320,5,5.1,0.1
74,3,10,02,J189,352050,3525131800817,3,8.5,5.5
66,1,07,02,J180,350950,3525121199798,6,8.4,2.4
41,1,02,01,J948,355670,3524132027812,1,5.0,4.0
48,1,01,02,J039,355240,3524102874886,1,3.7,2.7
3,1,04,02,J219,350950,3525118378738,1,5.4,4.4
8,1,05,02,J459,350950,3525118410913,2,3.2,1.2
2,3,07,02,J210,353650,3525126437712,3,5.3,2.3
11,3,06,02,J180,350950,3525118463757,4,5.1,1.1
81,3,02,02,J930,350950,3525111646771,6,9.5,3.5
30,1,08,01,J350,353180,3525104851774,2,1.6,0.4
6,3,08,02,J459,352050,3525126518430,5,3.2,1.8
13,3,10,02,J459,352340,3525111583169,1,3.3,2.3
84,1,12,02,J159,350950,3525135793840,4,8.0,4.0
67,1,05,02,J36,355670,3525114256719,1,4.6,3.6
7,1,02,02,J459,351907,3525117323310,2,3.2,1.2
76,1,10,02,J942,350950,3525128196150,6,10.0,4.0
69,1,07,02,J441,350950,3525121189337,5,8.3,3.3
8,1,12,02,J431,350950,3525135794576,2,3.2,1.2
25,1,06,02,J159,350950,3525118442252,8,6.7,1.3
1,3,09,02,J181,352050,3525126530904,3,5.4,2.4
66,1,01,01,J342,352340,3525111530831,1,1.7,0.7
2,3,08,02,J210,350160,3525128570920,2,5.3,3.3
72,3,07,02,J189,350160,3525125927499,9,8.5,0.5
2,3,05,02,J219,350950,3525118414807,2,5.3,3.3
6,1,04,02,J189,350950,3525118381301,5,5.1,0.1
90,3,04,02,J81,355620,3525118468586,8,8.5,0.5
28,3,07,01,J342,352340,3525104819940,2,1.6,0.4
3,3,05,02,J219,350950,3525118425466,10,5.4,4.6
10,1,11,02,J219,350950,3525135269491,2,5.0,3.0
77,3,05,02,J960,355620,3525121147174,10,9.4,0.6
83,3,08,02,J189,354580,3525128642123,6,7.8,1.8
46,1,07,02,J451,350950,3525121214659,6,6.5,0.5
92,3,06,02,J449,350950,3525118440063,13,7.3,5.7
59,3,07,02,J440,350950,3525121213560,5,7.6,2.6
10,3,07,02,J91,352340,3525111565602,1,6.2,5.2
4,3,06,02,J210,352340,3525111559464,7,5.4,1.6
83,3,07,02,J441,353180,3525126070807,2,7.6,5.6
7,1,04,02,J80,350950,3525118373436,9,6.3,2.7
37,3,08,01,J322,350950,3525121245492,1,1.6,0.6
3,1,06,02,J210,353710,3525124147941,4,5.4,1.4
42,1,02,02,J36,350950,3525111640193,1,4.5,3.5
78,1,12,02,J180,353200,3525133184958,4,8.1,4.1
45,1,08,02,J91,350950,3525121261398,17,9.4,7.6
10,1,10,02,J458,350950,3525128218161,2,3.1,1.1
48,3,10,01,J328,355620,3525104477422,3,1.6,1.4
67,1,05,02,J189,352050,3525119140390,5,8.5,3.5
53,3,11,01,J323,351907,3525104939565,1,1.6,0.6
38,1,03,02,J189,353650,3525116095061,1,8.3,7.3
1,3,12,02,J219,350380,3525135806038,4,5.3,1.3
46,3,11,02,J189,350160,3525134329926,5,7.8,2.8
30,1,01,02,J180,355240,3524103380040,46,7.6,38.4
11,3,07,02,J219,350950,3525121201140,14,5.1,8.9
1,1,06,02,J180,350160,3525121528874,6,5.5,0.5
1,1,11,02,J180,350160,3525134325614,4,5.4,1.4
61,3,11,02,J449,355670,3525123490636,11,7.0,4.0
7,1,05,01,J958,350950,3525104344663,2,5.5,3.5
61,3,11,02,J18,353180,3525133165873,1,8.8,7.8
42,1,06,01,J328,352050,3525104368819,2,1.7,0.3
7,1,06,02,J159,355670,3525114260943,4,5.0,1.0
1,1,08,02,J210,350950,3525121229421,9,5.5,3.5
5,3,04,02,J960,353650,3525118894572,2,6.5,4.5
50,1,09,02,J128,353650,3525126442486,2,8.9,6.9
10,1,12,02,J36,355620,3525135140659,1,3.3,2.3
77,1,03,02,J449,352340,3525111541864,5,8.1,3.1
55,1,10,02,J189,350950,3525104481910,10,9.3,0.7
1,1,04,02,J960,355240,3525118895090,5,8.1,3.1
71,1,03,02,J188,350950,3525111669838,10,8.5,1.5
6,1,03,02,J960,355240,3525104653829,6,6.6,0.6
65,1,11,02,J441,352050,3525134276521,13,8.4,4.6
5,3,05,02,J210,350950,3525118420802,6,5.3,0.7
50,1,07,02,J180,352470,3525126433191,14,8.9,5.1
64,3,01,02,J449,352340,3525111530370,1,7.6,6.6
1,1,10,02,J960,350950,3525128222210,7,8.1,1.1
1,1,06,02,J80,350950,3525118443638,2,7.9,5.9
1,3,08,02,J219,350950,3525121250354,6,5.4,0.6
69,3,08,02,J189,350950,3525121258703,5,8.5,3.5
62,3,08,02,J90,352050,3525126511071,1,11.4,10.4
72,1,04,02,J180,350950,3525111689286,9,8.5,0.5
57,3,03,02,J36,355240,3524102914145,24,4.3,19.7
28,3,01,01,J351,350950,3525111599900,1,1.6,0.6
4,1,04,02,J219,355670,3525114248909,2,5.4,3.4
81,1,04,02,J189,350950,3525118385426,8,7.9,0.1
1,1,08,02,J219,350950,3525121245118,8,5.5,2.5
3,3,09,02,J189,355620,3525128559865,5,5.4,0.4
82,3,03,02,J189,352050,3525116049642,7,7.8,0.8
1,3,04,02,J960,350950,3525118373106,5,7.5,2.5
7,3,01,02,J219,353650,3525111773656,10,5.1,4.9
4,1,05,02,J210,350950,3525118408152,1,5.4,4.4
